tweet_id,airline,airline_sentiment,word,sentiment
2,Virgin America,positive,tacky,negative
4,Virgin America,negative,aggressive,negative
4,Virgin America,negative,obnoxious,negative
5,Virgin America,negative,bad,negative
6,Virgin America,negative,bad,negative
8,Virgin America,neutral,missed,negative
8,Virgin America,neutral,parody,negative
10,Virgin America,positive,amazing,positive
11,Virgin America,neutral,suicide,negative
11,Virgin America,neutral,leading,positive
11,Virgin America,neutral,death,negative
12,Virgin America,positive,pretty,positive
14,Virgin America,positive,fabulous,positive
14,Virgin America,positive,stress,negative
17,Virgin America,positive,excited,positive
20,Virgin America,positive,amazingly,positive
20,Virgin America,positive,awesome,positive
22,Virgin America,positive,love,positive
23,Virgin America,positive,love,positive
23,Virgin America,positive,innovation,positive
25,Virgin America,negative,messed,negative
25,Virgin America,negative,free,positive
27,Virgin America,negative,fail,negative
28,Virgin America,neutral,miss,negative
28,Virgin America,neutral,worry,negative
29,Virgin America,negative,amazing,positive
29,Virgin America,negative,cold,negative
31,Virgin America,negative,cool,positive
31,Virgin America,negative,elevate,positive
33,Virgin America,negative,expensive,negative
34,Virgin America,negative,prefer,positive
36,Virgin America,neutral,nice,positive
37,Virgin America,positive,cool,positive
37,Virgin America,positive,calming,positive
40,Virgin America,negative,support,positive
42,Virgin America,negative,excited,positive
42,Virgin America,negative,hard,negative
42,Virgin America,negative,elevate,positive
43,Virgin America,neutral,win,positive
48,Virgin America,positive,wow,positive
50,Virgin America,neutral,entertaining,positive
52,Virgin America,positive,impressive,positive
56,Virgin America,negative,excited,positive
58,Virgin America,positive,amazing,positive
62,Virgin America,negative,elevate,positive
65,Virgin America,positive,love,positive
69,Virgin America,positive,winning,positive
69,Virgin America,positive,award,positive
70,Virgin America,negative,fine,positive
70,Virgin America,negative,lost,negative
74,Virgin America,negative,awesome,positive
74,Virgin America,negative,dirty,negative
75,Virgin America,positive,worried,negative
76,Virgin America,positive,awesome,positive
76,Virgin America,positive,correct,positive
80,Virgin America,neutral,doom,negative
83,Virgin America,negative,delayed,negative
85,Virgin America,negative,disappointing,negative
86,Virgin America,negative,trouble,negative
86,Virgin America,negative,elevate,positive
88,Virgin America,neutral,elevate,positive
88,Virgin America,neutral,disproportionate,negative
92,Virgin America,neutral,elevate,positive
93,Virgin America,negative,disappointed,negative
94,Virgin America,negative,friendly,positive
98,Virgin America,negative,uncomfortable,negative
100,Virgin America,negative,useless,negative
102,Virgin America,negative,miss,negative
102,Virgin America,negative,missed,negative
102,Virgin America,negative,lost,negative
104,Virgin America,negative,unexpected,negative
104,Virgin America,negative,sneaky,negative
105,Virgin America,negative,lost,negative
105,Virgin America,negative,missed,negative
106,Virgin America,positive,amazing,positive
107,Virgin America,negative,hung,negative
107,Virgin America,negative,awesome,positive
107,Virgin America,negative,sarcasm,negative
108,Virgin America,negative,reluctant,negative
110,Virgin America,positive,cool,positive
111,Virgin America,neutral,cool,positive
112,Virgin America,positive,cool,positive
113,Virgin America,neutral,cool,positive
115,Virgin America,positive,horrible,negative
115,Virgin America,positive,cold,negative
116,Virgin America,negative,concerned,negative
116,Virgin America,negative,delayed,negative
117,Virgin America,positive,helpful,positive
117,Virgin America,positive,comfortable,positive
118,Virgin America,positive,beautifully,positive
119,Virgin America,positive,beautiful,positive
119,Virgin America,positive,cool,positive
119,Virgin America,positive,secure,positive
120,Virgin America,positive,love,positive
120,Virgin America,positive,delayed,negative
120,Virgin America,positive,entertaining,positive
121,Virgin America,negative,reputation,positive
121,Virgin America,negative,compatible,positive
123,Virgin America,negative,delay,negative
124,Virgin America,positive,outstanding,positive
125,Virgin America,positive,delighted,positive
126,Virgin America,neutral,complimentary,positive
128,Virgin America,positive,awesome,positive
128,Virgin America,positive,awesome,positive
131,Virgin America,negative,failing,negative
132,Virgin America,negative,terrible,negative
134,Virgin America,negative,shame,negative
135,Virgin America,negative,delayed,negative
140,Virgin America,negative,anxiety,negative
140,Virgin America,negative,frustrated,negative
141,Virgin America,negative,afford,positive
141,Virgin America,negative,lame,negative
145,Virgin America,positive,amazing,positive
145,Virgin America,positive,super,positive
145,Virgin America,positive,helpful,positive
145,Virgin America,positive,spoiled,negative
145,Virgin America,positive,comfort,positive
146,Virgin America,negative,love,positive
146,Virgin America,negative,sad,negative
149,Virgin America,positive,refreshed,positive
150,Virgin America,negative,damaged,negative
153,Virgin America,positive,happy,positive
155,Virgin America,neutral,love,positive
157,Virgin America,neutral,expired,negative
157,Virgin America,neutral,expired,negative
158,Virgin America,negative,error,negative
161,Virgin America,negative,unacceptable,negative
162,Virgin America,negative,stuck,negative
166,Virgin America,negative,disappointed,negative
174,Virgin America,negative,fuck,negative
175,Virgin America,negative,disappointed,negative
176,Virgin America,neutral,love,positive
176,Virgin America,neutral,damaged,negative
178,Virgin America,negative,worse,negative
179,Virgin America,negative,shame,negative
182,Virgin America,negative,bad,negative
185,Virgin America,positive,elevate,positive
185,Virgin America,positive,gold,positive
187,Virgin America,negative,sad,negative
187,Virgin America,negative,worst,negative
188,Virgin America,negative,wrong,negative
188,Virgin America,negative,worst,negative
189,Virgin America,neutral,issue,negative
190,Virgin America,positive,cool,positive
192,Virgin America,negative,lose,negative
193,Virgin America,negative,suck,negative
195,Virgin America,negative,issue,negative
199,Virgin America,negative,stink,negative
199,Virgin America,negative,disappointed,negative
200,Virgin America,positive,love,positive
202,Virgin America,positive,faster,positive
203,Virgin America,neutral,nervous,negative
204,Virgin America,positive,cool,positive
206,Virgin America,positive,goodness,positive
206,Virgin America,positive,love,positive
206,Virgin America,positive,amazing,positive
206,Virgin America,positive,crisis,negative
209,Virgin America,positive,awesome,positive
209,Virgin America,positive,support,positive
211,Virgin America,negative,delayed,negative
211,Virgin America,negative,pros,positive
211,Virgin America,negative,free,positive
212,Virgin America,negative,scared,negative
213,Virgin America,positive,killed,negative
214,Virgin America,negative,refusing,negative
214,Virgin America,negative,refund,positive
217,Virgin America,negative,broken,negative
219,Virgin America,negative,delayed,negative
221,Virgin America,negative,ugh,negative
223,Virgin America,positive,love,positive
224,Virgin America,positive,afford,positive
224,Virgin America,positive,love,positive
225,Virgin America,negative,sad,negative
226,Virgin America,neutral,bug,negative
231,Virgin America,positive,awesome,positive
234,Virgin America,positive,disruption,negative
235,Virgin America,positive,nicely,positive
237,Virgin America,negative,delay,negative
239,Virgin America,positive,amazing,positive
239,Virgin America,positive,love,positive
240,Virgin America,positive,fun,positive
243,Virgin America,negative,unusable,negative
247,Virgin America,positive,helping,positive
248,Virgin America,positive,sweet,positive
249,Virgin America,positive,love,positive
250,Virgin America,negative,trust,positive
251,Virgin America,negative,bug,negative
252,Virgin America,negative,dented,negative
253,Virgin America,positive,easy,positive
253,Virgin America,positive,impending,negative
253,Virgin America,positive,painless,positive
253,Virgin America,positive,free,positive
254,Virgin America,neutral,love,positive
254,Virgin America,neutral,free,positive
258,Virgin America,neutral,love,positive
259,Virgin America,positive,improve,positive
260,Virgin America,negative,stuck,negative
261,Virgin America,neutral,grand,positive
262,Virgin America,neutral,missed,negative
263,Virgin America,negative,exhausted,negative
263,Virgin America,negative,inconvenience,negative
264,Virgin America,negative,wrong,negative
265,Virgin America,positive,sweet,positive
266,Virgin America,negative,expired,negative
269,Virgin America,neutral,lie,negative
271,Virgin America,neutral,advantage,positive
273,Virgin America,positive,amazing,positive
275,Virgin America,negative,disappointed,negative
277,Virgin America,positive,fav,positive
278,Virgin America,positive,hot,positive
278,Virgin America,positive,sweet,positive
281,Virgin America,negative,lost,negative
283,Virgin America,negative,errors,negative
288,Virgin America,negative,gold,positive
288,Virgin America,negative,benefits,positive
289,Virgin America,negative,awesome,positive
293,Virgin America,negative,funny,negative
293,Virgin America,negative,broken,negative
293,Virgin America,negative,dislike,negative
294,Virgin America,positive,love,positive
295,Virgin America,neutral,handily,positive
295,Virgin America,neutral,exceed,positive
298,Virgin America,neutral,positive,positive
299,Virgin America,negative,bug,negative
300,Virgin America,neutral,delays,negative
302,Virgin America,negative,broken,negative
303,Virgin America,neutral,choppy,negative
304,Virgin America,positive,loved,positive
305,Virgin America,negative,lost,negative
306,Virgin America,negative,broken,negative
307,Virgin America,positive,love,positive
308,Virgin America,positive,inappropriate,negative
309,Virgin America,positive,happy,positive
311,Virgin America,neutral,missed,negative
312,Virgin America,positive,helped,positive
315,Virgin America,negative,broken,negative
316,Virgin America,neutral,ready,positive
317,Virgin America,negative,broken,negative
319,Virgin America,neutral,urgent,negative
319,Virgin America,neutral,cancer,negative
321,Virgin America,negative,stunned,positive
324,Virgin America,positive,free,positive
324,Virgin America,positive,free,positive
330,Virgin America,negative,promised,positive
331,Virgin America,neutral,rockstar,positive
333,Virgin America,positive,rockstars,positive
334,Virgin America,positive,lovely,positive
334,Virgin America,positive,soft,positive
336,Virgin America,negative,super,positive
336,Virgin America,negative,fun,positive
336,Virgin America,negative,broken,negative
336,Virgin America,negative,worry,negative
338,Virgin America,neutral,nice,positive
342,Virgin America,positive,adore,positive
343,Virgin America,positive,glad,positive
344,Virgin America,neutral,uphold,positive
348,Virgin America,positive,smooth,positive
348,Virgin America,positive,fav,positive
350,Virgin America,negative,fine,positive
352,Virgin America,negative,slow,negative
354,Virgin America,negative,loyal,positive
355,Virgin America,negative,disappointed,negative
358,Virgin America,neutral,boost,positive
359,Virgin America,positive,recommend,positive
360,Virgin America,positive,love,positive
365,Virgin America,neutral,swanky,positive
367,Virgin America,negative,superior,positive
368,Virgin America,negative,dirty,negative
369,Virgin America,negative,sad,negative
371,Virgin America,negative,sucks,negative
372,Virgin America,negative,delayed,negative
374,Virgin America,neutral,lie,negative
375,Virgin America,positive,fun,positive
375,Virgin America,positive,happy,positive
376,Virgin America,positive,love,positive
377,Virgin America,negative,joke,negative
380,Virgin America,positive,love,positive
382,Virgin America,positive,wow,positive
382,Virgin America,positive,unexpected,negative
385,Virgin America,positive,loved,positive
386,Virgin America,positive,fat,negative
388,Virgin America,neutral,brilliant,positive
388,Virgin America,neutral,brisk,positive
389,Virgin America,neutral,lone,negative
390,Virgin America,neutral,lone,negative
391,Virgin America,neutral,lone,negative
393,Virgin America,positive,pretty,positive
397,Virgin America,negative,support,positive
405,Virgin America,positive,cool,positive
410,Virgin America,negative,sucks,negative
411,Virgin America,neutral,favorite,positive
412,Virgin America,negative,crap,negative
416,Virgin America,positive,heaven,positive
417,Virgin America,positive,goodness,positive
417,Virgin America,positive,boom,positive
418,Virgin America,negative,waste,negative
421,Virgin America,neutral,helping,positive
423,Virgin America,positive,excited,positive
425,Virgin America,neutral,love,positive
426,Virgin America,negative,sad,negative
428,Virgin America,positive,incredible,positive
428,Virgin America,positive,refreshing,positive
433,Virgin America,neutral,nice,positive
433,Virgin America,neutral,love,positive
434,Virgin America,negative,sucked,negative
435,Virgin America,negative,poor,negative
435,Virgin America,negative,stuck,negative
438,Virgin America,positive,awesome,positive
439,Virgin America,neutral,miss,negative
440,Virgin America,positive,love,positive
440,Virgin America,positive,win,positive
441,Virgin America,positive,love,positive
441,Virgin America,positive,excellent,positive
442,Virgin America,neutral,love,positive
446,Virgin America,neutral,cancer,negative
447,Virgin America,negative,bad,negative
447,Virgin America,negative,extortion,negative
448,Virgin America,negative,worrying,negative
448,Virgin America,negative,broken,negative
448,Virgin America,negative,stolen,negative
450,Virgin America,negative,nightmare,negative
454,Virgin America,positive,classy,positive
455,Virgin America,positive,faster,positive
455,Virgin America,positive,strong,positive
456,Virgin America,positive,elevate,positive
458,Virgin America,negative,shit,negative
459,Virgin America,neutral,bumping,negative
460,Virgin America,positive,rough,negative
464,Virgin America,positive,perfect,positive
465,Virgin America,positive,nice,positive
465,Virgin America,positive,faster,positive
466,Virgin America,positive,love,positive
466,Virgin America,positive,cool,positive
467,Virgin America,positive,love,positive
468,Virgin America,positive,free,positive
477,Virgin America,positive,defiantly,negative
480,Virgin America,negative,scolding,negative
482,Virgin America,negative,helping,positive
482,Virgin America,negative,luck,positive
486,Virgin America,negative,shocked,negative
486,Virgin America,negative,apathy,negative
489,Virgin America,positive,loyal,positive
490,Virgin America,neutral,penalty,negative
491,Virgin America,positive,perfect,positive
496,Virgin America,negative,delay,negative
498,Virgin America,neutral,bonuses,positive
498,Virgin America,neutral,elevate,positive
499,Virgin America,positive,incredible,positive
500,Virgin America,neutral,elevate,positive
503,Virgin America,positive,awesome,positive
506,United,positive,happy,positive
507,United,negative,refund,positive
507,United,negative,issue,negative
507,United,negative,useless,negative
508,United,negative,delayed,negative
508,United,negative,lack,negative
508,United,negative,delayed,negative
508,United,negative,improve,positive
509,United,positive,luck,positive
510,United,negative,popular,positive
513,United,neutral,tough,positive
513,United,neutral,risk,negative
513,United,neutral,steep,negative
514,United,negative,issues,negative
519,United,negative,worst,negative
520,United,negative,flawed,negative
520,United,negative,flawed,negative
521,United,negative,unrealistic,negative
524,United,negative,lost,negative
527,United,negative,sucks,negative
528,United,positive,wonderful,positive
531,United,negative,timely,positive
534,United,negative,weak,negative
536,United,neutral,lost,negative
537,United,negative,awards,positive
537,United,negative,award,positive
538,United,negative,debacle,negative
539,United,neutral,trusted,positive
540,United,negative,issue,negative
541,United,negative,spoiled,negative
543,United,negative,easy,positive
544,United,negative,refuse,negative
544,United,negative,lost,negative
546,United,negative,rude,negative
546,United,negative,nice,positive
549,United,neutral,illegal,negative
551,United,negative,inappropriately,negative
552,United,neutral,love,positive
553,United,positive,issue,negative
554,United,negative,loved,positive
554,United,negative,bad,negative
555,United,negative,refund,positive
557,United,neutral,concern,negative
560,United,negative,concern,negative
561,United,negative,measly,negative
561,United,negative,loyal,positive
561,United,negative,unacceptable,negative
564,United,negative,rude,negative
564,United,negative,rude,negative
565,United,negative,stuck,negative
566,United,negative,breaks,negative
567,United,negative,impolite,negative
568,United,negative,disabled,negative
568,United,negative,unfamiliar,negative
569,United,negative,shame,negative
571,United,negative,mistakes,negative
573,United,negative,plague,negative
574,United,negative,helping,positive
576,United,negative,delayed,negative
579,United,positive,awesome,positive
581,United,negative,upset,negative
581,United,negative,rude,negative
582,United,negative,inconvenience,negative
583,United,negative,emergency,negative
583,United,negative,wow,positive
585,United,negative,improvement,positive
586,United,negative,complained,negative
586,United,negative,unfortunate,negative
587,United,negative,helpful,positive
588,United,negative,expensive,negative
589,United,negative,fail,negative
589,United,negative,helpful,positive
592,United,negative,break,negative
592,United,negative,sincerely,positive
593,United,negative,silly,negative
593,United,negative,unhelpful,negative
593,United,negative,bothered,negative
595,United,negative,negligence,negative
597,United,negative,helped,positive
599,United,positive,lovely,positive
599,United,positive,helpful,positive
604,United,negative,eager,positive
606,United,negative,rude,negative
606,United,negative,stuck,negative
607,United,negative,delayed,negative
609,United,negative,delayed,negative
609,United,negative,delay,negative
610,United,negative,delayed,negative
611,United,negative,crashed,negative
612,United,positive,wow,positive
612,United,positive,easy,positive
612,United,positive,happy,positive
614,United,neutral,trouble,negative
617,United,negative,terrible,negative
617,United,negative,scam,negative
619,United,negative,disappointed,negative
619,United,negative,honor,positive
619,United,negative,mistakes,negative
622,United,negative,terrible,negative
623,United,negative,pathetic,negative
625,United,negative,unavailable,negative
631,United,negative,delayed,negative
633,United,negative,hard,negative
633,United,negative,upset,negative
633,United,negative,remorse,negative
634,United,negative,hollow,negative
635,United,negative,shocking,negative
635,United,negative,neglect,negative
635,United,negative,disrespect,negative
636,United,negative,disappointed,negative
636,United,negative,enjoyed,positive
637,United,negative,incredibly,positive
637,United,negative,easy,positive
637,United,negative,comfort,positive
638,United,negative,excuses,negative
644,United,negative,faith,positive
645,United,negative,amazing,positive
645,United,negative,mistakes,negative
645,United,negative,fails,negative
645,United,negative,error,negative
646,United,neutral,super,positive
647,United,negative,reputation,positive
649,United,negative,issues,negative
650,United,negative,limits,negative
651,United,negative,negligent,negative
652,United,negative,resent,negative
655,United,negative,broken,negative
658,United,neutral,cheaper,positive
661,United,negative,stuck,negative
662,United,negative,unhappy,negative
662,United,negative,complaint,negative
662,United,negative,awful,negative
664,United,positive,cool,positive
666,United,negative,ready,positive
666,United,negative,delay,negative
668,United,negative,correct,positive
668,United,negative,delayed,negative
673,United,negative,frustrated,negative
673,United,negative,nervous,negative
674,United,negative,difficult,negative
675,United,negative,issue,negative
675,United,negative,distress,negative
677,United,negative,incredibly,positive
677,United,negative,stressful,negative
677,United,negative,uncomfortable,negative
678,United,negative,severe,negative
678,United,negative,anxiety,negative
679,United,negative,refund,positive
679,United,negative,confident,positive
680,United,neutral,improvement,positive
680,United,neutral,worth,positive
682,United,neutral,award,positive
683,United,negative,disappointed,negative
683,United,negative,lack,negative
685,United,negative,horrid,negative
686,United,negative,unacceptable,negative
687,United,negative,horrible,negative
690,United,negative,top,positive
690,United,negative,lost,negative
690,United,negative,worse,negative
691,United,positive,kudos,positive
691,United,positive,panic,negative
692,United,negative,broken,negative
695,United,negative,delayed,negative
696,United,positive,awesome,positive
696,United,positive,nice,positive
697,United,negative,efficiently,positive
698,United,negative,refund,positive
698,United,negative,disputed,negative
699,United,negative,pretty,positive
699,United,negative,pretty,positive
702,United,negative,convenient,positive
704,United,negative,refund,positive
708,United,negative,properly,positive
708,United,negative,dead,negative
709,United,negative,fun,positive
710,United,positive,abundance,positive
711,United,negative,atrocious,negative
711,United,negative,lost,negative
711,United,negative,impossible,negative
712,United,negative,recommended,positive
713,United,negative,stuck,negative
713,United,negative,missed,negative
713,United,negative,delay,negative
719,United,negative,fail,negative
720,United,neutral,luck,positive
721,United,negative,doubt,negative
722,United,positive,compliment,positive
722,United,positive,lost,negative
722,United,positive,happy,positive
724,United,positive,loyal,positive
727,United,negative,expensive,negative
727,United,negative,ruined,negative
729,United,negative,worse,negative
730,United,negative,strange,negative
730,United,negative,delay,negative
731,United,negative,lack,negative
732,United,negative,bad,negative
732,United,negative,issue,negative
735,United,negative,hostage,negative
735,United,negative,fail,negative
738,United,negative,poor,negative
742,United,negative,issues,negative
742,United,negative,delays,negative
743,United,neutral,urgent,negative
747,United,negative,unacceptable,negative
751,United,negative,fail,negative
752,United,negative,pretty,positive
752,United,negative,tired,negative
753,United,negative,bright,positive
753,United,negative,promise,positive
755,United,negative,hard,negative
755,United,negative,fail,negative
756,United,negative,unhappy,negative
757,United,negative,worst,negative
760,United,negative,frustrating,negative
760,United,negative,loyal,positive
760,United,negative,top,positive
762,United,negative,worse,negative
763,United,negative,delayed,negative
765,United,negative,lost,negative
765,United,negative,broken,negative
765,United,negative,promised,positive
765,United,negative,fail,negative
766,United,negative,helpful,positive
768,United,negative,regret,negative
768,United,negative,secure,positive
770,United,negative,premier,positive
770,United,negative,delayed,negative
770,United,negative,annoyed,negative
772,United,negative,delays,negative
772,United,negative,bullshit,negative
773,United,negative,stellar,positive
773,United,negative,delays,negative
775,United,negative,unfortunate,negative
775,United,negative,ripped,negative
777,United,negative,lost,negative
777,United,negative,poor,negative
778,United,negative,mistake,negative
778,United,negative,absurd,negative
778,United,negative,inconveniently,negative
780,United,negative,sarcastically,negative
780,United,negative,luck,positive
781,United,neutral,happily,positive
783,United,positive,favorite,positive
784,United,negative,fail,negative
787,United,negative,split,negative
787,United,negative,refund,positive
788,United,neutral,ruined,negative
791,United,negative,miss,negative
792,United,negative,delayed,negative
792,United,negative,pretty,positive
793,United,negative,hard,negative
793,United,negative,upset,negative
794,United,negative,refund,positive
796,United,negative,bs,negative
796,United,negative,stall,negative
796,United,negative,worse,negative
797,United,negative,stuck,negative
797,United,negative,miss,negative
799,United,negative,unable,negative
799,United,negative,waste,negative
804,United,negative,support,positive
804,United,negative,terrible,negative
804,United,negative,death,negative
806,United,neutral,disappointment,negative
806,United,neutral,bad,negative
806,United,neutral,spoil,negative
807,United,positive,impress,positive
811,United,negative,ftw,positive
812,United,negative,incompetence,negative
815,United,negative,shocked,negative
816,United,negative,pretty,positive
816,United,negative,ridiculous,negative
819,United,neutral,lose,negative
819,United,neutral,easier,positive
820,United,negative,delay,negative
820,United,negative,worst,negative
821,United,negative,delayed,negative
821,United,negative,delayed,negative
824,United,negative,disaster,negative
824,United,negative,unacceptable,negative
825,United,negative,worst,negative
826,United,negative,ridiculous,negative
827,United,negative,frigid,negative
827,United,negative,falling,negative
831,United,negative,rectify,positive
831,United,negative,quiet,positive
835,United,positive,refunded,positive
835,United,positive,free,positive
836,United,positive,fun,positive
837,United,negative,refunded,positive
840,United,negative,delays,negative
840,United,negative,sucks,negative
841,United,negative,frustrated,negative
841,United,negative,wasted,negative
841,United,negative,failures,negative
842,United,negative,ridiculous,negative
843,United,negative,poor,negative
844,United,positive,terrific,positive
845,United,negative,suspect,negative
845,United,negative,wasted,negative
846,United,negative,refund,positive
848,United,negative,correct,positive
848,United,negative,error,negative
849,United,negative,finest,positive
850,United,negative,delay,negative
851,United,negative,confusion,negative
851,United,negative,rude,negative
851,United,negative,unhelpful,negative
852,United,negative,failure,negative
852,United,negative,bad,negative
852,United,negative,emergency,negative
853,United,negative,failures,negative
853,United,negative,delaying,negative
854,United,neutral,tired,negative
855,United,positive,shaky,negative
861,United,negative,poor,negative
862,United,negative,randomly,negative
864,United,negative,bad,negative
866,United,negative,refund,positive
866,United,negative,unnecessary,negative
867,United,negative,horrible,negative
867,United,negative,lost,negative
867,United,negative,loner,negative
867,United,negative,illegal,negative
869,United,neutral,love,positive
870,United,neutral,amenity,positive
871,United,negative,wrong,negative
872,United,neutral,lie,negative
874,United,negative,premier,positive
875,United,negative,wonderful,positive
878,United,positive,amazing,positive
878,United,positive,lost,negative
879,United,negative,helping,positive
881,United,neutral,feat,positive
884,United,negative,lose,negative
884,United,negative,ugh,negative
885,United,negative,lost,negative
885,United,negative,frustrating,negative
887,United,positive,hard,negative
892,United,positive,awesome,positive
894,United,positive,helpful,positive
895,United,negative,damn,negative
899,United,negative,missed,negative
902,United,negative,rude,negative
902,United,negative,overwhelmed,negative
902,United,negative,pretty,positive
903,United,negative,rough,negative
904,United,negative,fail,negative
906,United,negative,stuck,negative
907,United,neutral,cozy,positive
907,United,neutral,gross,negative
908,United,negative,issue,negative
908,United,negative,vice,negative
912,United,negative,proper,positive
912,United,negative,issue,negative
913,United,negative,terrible,negative
915,United,negative,inadequate,negative
917,United,positive,helpful,positive
919,United,negative,delayed,negative
920,United,negative,disappointment,negative
920,United,negative,worth,positive
923,United,negative,saver,positive
923,United,negative,awards,positive
925,United,negative,issue,negative
925,United,negative,promises,positive
928,United,negative,stolen,negative
929,United,neutral,love,positive
930,United,negative,lost,negative
931,United,negative,damage,negative
931,United,negative,worst,negative
936,United,negative,nonsense,negative
937,United,negative,helpful,positive
937,United,negative,helped,positive
939,United,negative,mysterious,negative
940,United,negative,exhausted,negative
940,United,negative,frustrated,negative
940,United,negative,issue,negative
941,United,negative,denied,negative
942,United,positive,premier,positive
943,United,negative,worst,negative
943,United,negative,blame,negative
943,United,negative,unacceptable,negative
944,United,negative,terrible,negative
944,United,negative,rude,negative
944,United,negative,expensive,negative
946,United,negative,worst,negative
946,United,negative,lost,negative
947,United,negative,terrible,negative
948,United,negative,gold,positive
948,United,negative,angry,negative
950,United,neutral,break,negative
951,United,positive,favorite,positive
952,United,neutral,awful,negative
953,United,negative,terrible,negative
953,United,negative,complaint,negative
954,United,negative,lovely,positive
956,United,negative,delayed,negative
959,United,negative,amaze,positive
959,United,negative,worse,negative
964,United,negative,atrocious,negative
965,United,neutral,honor,positive
965,United,neutral,absurdly,negative
965,United,neutral,mistake,negative
966,United,negative,delayed,negative
966,United,negative,delay,negative
970,United,negative,frustrated,negative
971,United,negative,worst,negative
971,United,negative,plague,negative
972,United,negative,worst,negative
973,United,negative,correctly,positive
973,United,negative,disappointed,negative
973,United,negative,terrible,negative
974,United,negative,premier,positive
974,United,negative,gold,positive
974,United,negative,wrong,negative
974,United,negative,refuses,negative
974,United,negative,angry,negative
975,United,negative,consistent,positive
975,United,negative,consistent,positive
976,United,negative,angry,negative
977,United,negative,terrible,negative
979,United,negative,glitch,negative
980,United,negative,poor,negative
980,United,negative,lost,negative
980,United,negative,frustrated,negative
982,United,negative,delay,negative
982,United,negative,unfriendly,negative
983,United,negative,worst,negative
983,United,negative,lost,negative
984,United,negative,delayed,negative
984,United,negative,unfriendly,negative
985,United,negative,killing,negative
985,United,negative,positive,positive
987,United,negative,sick,negative
988,United,negative,free,positive
988,United,negative,unacceptable,negative
990,United,neutral,prompt,positive
991,United,negative,disappointment,negative
991,United,negative,delayed,negative
992,United,negative,rude,negative
993,United,negative,hates,negative
994,United,negative,panicked,negative
996,United,negative,frustration,negative
996,United,negative,cheaper,positive
997,United,negative,wasted,negative
1000,United,positive,pleased,positive
1000,United,positive,premier,positive
1002,United,negative,sarcasm,negative
1004,United,negative,miscalculation,negative
1005,United,negative,shame,negative
1007,United,negative,upset,negative
1008,United,negative,delayed,negative
1008,United,negative,miss,negative
1009,United,negative,issues,negative
1009,United,negative,cold,negative
1010,United,negative,disappointed,negative
1011,United,negative,issues,negative
1015,United,positive,absurd,negative
1016,United,negative,overweight,negative
1019,United,negative,concern,negative
1019,United,negative,issue,negative
1019,United,negative,miserable,negative
1019,United,negative,issues,negative
1020,United,negative,complain,negative
1022,United,positive,issue,negative
1024,United,negative,redeem,positive
1024,United,negative,properly,positive
1026,United,negative,split,negative
1027,United,negative,horrible,negative
1028,United,negative,nice,positive
1028,United,negative,ready,positive
1028,United,negative,gains,positive
1029,United,negative,dirty,negative
1035,United,negative,happy,positive
1039,United,negative,delays,negative
1039,United,negative,missed,negative
1041,United,negative,frustration,negative
1041,United,negative,hard,negative
1042,United,negative,thrilled,positive
1042,United,negative,loved,positive
1043,United,negative,deaf,negative
1043,United,negative,slowly,negative
1044,United,negative,hassle,negative
1045,United,negative,terribly,negative
1046,United,negative,hate,negative
1046,United,negative,rude,negative
1047,United,negative,nice,positive
1047,United,negative,delayed,negative
1048,United,positive,helping,positive
1049,United,negative,complimentary,positive
1050,United,negative,vice,negative
1050,United,negative,expired,negative
1051,United,negative,delay,negative
1053,United,negative,desert,negative
1054,United,negative,helped,positive
1056,United,negative,missed,negative
1056,United,negative,remedy,positive
1057,United,negative,helpful,positive
1058,United,negative,farce,negative
1058,United,negative,worse,negative
1059,United,negative,shambles,negative
1060,United,negative,ridiculous,negative
1061,United,neutral,happy,positive
1061,United,neutral,cute,positive
1064,United,negative,delayed,negative
1064,United,negative,confidence,positive
1065,United,negative,delayed,negative
1065,United,negative,issue,negative
1067,United,positive,kindness,positive
1068,United,negative,conveniently,positive
1070,United,negative,delayed,negative
1070,United,negative,broken,negative
1070,United,negative,damaged,negative
1070,United,negative,lost,negative
1070,United,negative,complaints,negative
1072,United,positive,beauty,positive
1074,United,negative,issues,negative
1075,United,negative,suffer,negative
1075,United,negative,delays,negative
1075,United,negative,delays,negative
1076,United,negative,delayed,negative
1077,United,negative,ridiculous,negative
1077,United,negative,delays,negative
1078,United,negative,refund,positive
1078,United,negative,delaying,negative
1082,United,negative,hell,negative
1083,United,negative,impressed,positive
1085,United,negative,helpful,positive
1085,United,negative,refresh,positive
1085,United,negative,delayed,negative
1086,United,negative,delays,negative
1089,United,negative,delay,negative
1090,United,negative,reasonable,positive
1092,United,negative,split,negative
1092,United,negative,expensive,negative
1093,United,negative,bad,negative
1093,United,negative,worse,negative
1094,United,positive,brilliant,positive
1096,United,positive,compliant,positive
1098,United,negative,screwed,negative
1099,United,negative,crap,negative
1101,United,neutral,fails,negative
1103,United,negative,gold,positive
1103,United,negative,lost,negative
1103,United,negative,gold,positive
1104,United,positive,ready,positive
1105,United,positive,wow,positive
1105,United,positive,awesome,positive
1108,United,negative,consistently,positive
1109,United,positive,loving,positive
1113,United,neutral,faith,positive
1114,United,negative,supporting,positive
1116,United,negative,missed,negative
1116,United,negative,ugh,negative
1117,United,negative,favorite,positive
1117,United,negative,substandard,negative
1118,United,negative,complain,negative
1118,United,negative,denied,negative
1118,United,negative,lost,negative
1119,United,negative,unhappy,negative
1119,United,negative,cold,negative
1119,United,negative,freezing,negative
1121,United,negative,bs,negative
1122,United,negative,delayed,negative
1122,United,negative,fail,negative
1123,United,negative,nightmare,negative
1124,United,negative,pointless,negative
1126,United,negative,cool,positive
1128,United,negative,gross,negative
1132,United,negative,fine,positive
1132,United,negative,hard,negative
1132,United,negative,fine,positive
1133,United,neutral,refund,positive
1134,United,negative,bother,negative
1135,United,negative,broke,negative
1135,United,negative,unsafe,negative
1135,United,negative,stunning,positive
1137,United,negative,awesome,positive
1138,United,negative,unable,negative
1138,United,negative,wow,positive
1139,United,negative,refund,positive
1140,United,negative,awesome,positive
1141,United,negative,fake,negative
1142,United,negative,delay,negative
1142,United,negative,delay,negative
1142,United,negative,sick,negative
1143,United,negative,confusing,negative
1143,United,negative,lost,negative
1145,United,negative,frigid,negative
1145,United,negative,cold,negative
1145,United,negative,issue,negative
1149,United,negative,delayed,negative
1149,United,negative,lost,negative
1153,United,negative,honor,positive
1154,United,negative,dead,negative
1158,United,negative,delay,negative
1160,United,negative,worth,positive
1160,United,negative,missed,negative
1160,United,negative,shameful,negative
1161,United,negative,unfriendly,negative
1161,United,negative,hates,negative
1161,United,negative,error,negative
1162,United,negative,disabled,negative
1164,United,negative,complains,negative
1165,United,positive,love,positive
1166,United,negative,refuse,negative
1167,United,negative,unreal,positive
1168,United,negative,nightmare,negative
1170,United,negative,slow,negative
1170,United,negative,miss,negative
1173,United,negative,awesome,positive
1173,United,negative,easy,positive
1174,United,negative,excuse,negative
1174,United,negative,angry,negative
1178,United,positive,crisis,negative
1178,United,positive,missed,negative
1180,United,negative,delayed,negative
1180,United,negative,win,positive
1180,United,negative,prize,positive
1183,United,negative,discomfort,negative
1184,United,negative,delay,negative
1185,United,negative,delayed,negative
1185,United,negative,crazy,negative
1185,United,negative,delays,negative
1187,United,negative,frustratingly,negative
1187,United,negative,delay,negative
1188,United,positive,amazing,positive
1188,United,positive,sucks,negative
1189,United,negative,delayed,negative
1191,United,negative,disappointed,negative
1191,United,negative,delayed,negative
1192,United,positive,awesome,positive
1192,United,positive,helping,positive
1193,United,negative,delayed,negative
1194,United,negative,delayed,negative
1196,United,negative,complaint,negative
1197,United,negative,suck,negative
1197,United,negative,delay,negative
1198,United,negative,worst,negative
1198,United,negative,crap,negative
1198,United,negative,worthless,negative
1198,United,negative,suck,negative
1201,United,negative,delayed,negative
1203,United,negative,reasonable,positive
1205,United,negative,delay,negative
1207,United,neutral,preferably,positive
1210,United,negative,helped,positive
1210,United,negative,sharp,positive
1212,United,negative,correctly,positive
1215,United,negative,worst,negative
1215,United,negative,worst,negative
1215,United,negative,worst,negative
1215,United,negative,worst,negative
1215,United,negative,worst,negative
1215,United,negative,worst,negative
1215,United,negative,bad,negative
1216,United,negative,frustrated,negative
1218,United,negative,delayed,negative
1218,United,negative,miss,negative
1223,United,negative,lost,negative
1223,United,negative,issues,negative
1223,United,negative,pleased,positive
1224,United,negative,garbage,negative
1224,United,negative,cry,negative
1224,United,negative,limited,negative
1225,United,negative,fail,negative
1229,United,negative,lost,negative
1232,United,negative,nightmare,negative
1232,United,negative,poor,negative
1232,United,negative,issues,negative
1237,United,negative,recommend,positive
1238,United,negative,frustrated,negative
1239,United,negative,hard,negative
1239,United,negative,disappointing,negative
1240,United,positive,love,positive
1241,United,negative,issue,negative
1241,United,negative,irritated,negative
1242,United,negative,fine,positive
1243,United,negative,humor,positive
1244,United,neutral,lost,negative
1247,United,positive,glad,positive
1249,United,negative,lose,negative
1251,United,neutral,amazing,positive
1252,United,negative,failed,negative
1254,United,positive,helpful,positive
1258,United,negative,scared,negative
1259,United,negative,worst,negative
1260,United,negative,missed,negative
1261,United,negative,issue,negative
1264,United,negative,issue,negative
1265,United,positive,cool,positive
1269,United,negative,sad,negative
1269,United,negative,poorly,negative
1272,United,negative,sick,negative
1272,United,negative,lousy,negative
1272,United,negative,excuse,negative
1274,United,negative,mistakes,negative
1274,United,negative,fault,negative
1274,United,negative,blatant,negative
1274,United,negative,lie,negative
1275,United,negative,missed,negative
1276,United,negative,delay,negative
1276,United,negative,damper,negative
1278,United,negative,upgraded,positive
1280,United,negative,rude,negative
1280,United,negative,missed,negative
1280,United,negative,awful,negative
1281,United,negative,promises,positive
1281,United,negative,worse,negative
1284,United,negative,dislike,negative
1284,United,negative,delays,negative
1285,United,negative,delay,negative
1287,United,negative,shit,negative
1289,United,negative,delayed,negative
1289,United,negative,poor,negative
1290,United,negative,hilarious,positive
1294,United,negative,funny,negative
1294,United,negative,begging,negative
1294,United,negative,free,positive
1295,United,negative,wreck,negative
1296,United,negative,award,positive
1297,United,negative,unhappy,negative
1298,United,negative,incompetence,negative
1299,United,negative,displaced,negative
1299,United,negative,pleasant,positive
1304,United,negative,cool,positive
1305,United,negative,delayed,negative
1308,United,negative,delayed,negative
1308,United,negative,missed,negative
1308,United,negative,losing,negative
1309,United,negative,fine,positive
1309,United,negative,fine,positive
1312,United,negative,nice,positive
1313,United,neutral,delayed,negative
1313,United,neutral,nervous,negative
1314,United,negative,awful,negative
1314,United,negative,rude,negative
1314,United,negative,condescending,negative
1316,United,positive,refreshing,positive
1316,United,positive,pleasure,positive
1319,United,negative,aggressive,negative
1322,United,negative,complaint,negative
1324,United,negative,poor,negative
1327,United,negative,efficient,positive
1327,United,negative,friendly,positive
1327,United,negative,helpful,positive
1328,United,negative,premier,positive
1328,United,negative,broken,negative
1330,United,positive,fabulous,positive
1330,United,positive,pleasure,positive
1336,United,negative,sucks,negative
1338,United,negative,hopeless,negative
1340,United,negative,encourage,positive
1340,United,negative,blatantly,negative
1340,United,negative,stable,positive
1340,United,negative,uncomfortable,negative
1342,United,negative,inconvenience,negative
1344,United,positive,impressed,positive
1344,United,positive,super,positive
1344,United,positive,fast,positive
1345,United,positive,awesome,positive
1346,United,negative,complaint,negative
1346,United,negative,disappointed,negative
1347,United,negative,delayed,negative
1348,United,negative,savings,positive
1348,United,negative,improve,positive
1348,United,negative,unacceptable,negative
1350,United,negative,promised,positive
1350,United,negative,fail,negative
1351,United,negative,error,negative
1353,United,positive,efficient,positive
1354,United,negative,terrible,negative
1356,United,negative,glad,positive
1356,United,negative,excuse,negative
1356,United,negative,inefficiency,negative
1357,United,negative,error,negative
1358,United,negative,friendly,positive
1358,United,negative,efficient,positive
1359,United,negative,unusable,negative
1363,United,negative,stuck,negative
1363,United,negative,patience,positive
1365,United,negative,sucks,negative
1366,United,negative,peace,positive
1368,United,negative,lost,negative
1368,United,negative,joke,negative
1369,United,negative,annoying,negative
1370,United,negative,missed,negative
1370,United,negative,failure,negative
1370,United,negative,lose,negative
1375,United,negative,delays,negative
1375,United,negative,lost,negative
1375,United,negative,worst,negative
1375,United,negative,disgraceful,negative
1375,United,negative,awful,negative
1375,United,negative,horrible,negative
1377,United,negative,delay,negative
1378,United,negative,glad,positive
1379,United,negative,error,negative
1381,United,negative,refused,negative
1382,United,negative,blame,negative
1382,United,negative,fail,negative
1382,United,negative,lazy,negative
1383,United,positive,grand,positive
1384,United,negative,lack,negative
1385,United,negative,missed,negative
1386,United,negative,frozen,negative
1386,United,negative,wasted,negative
1387,United,negative,inept,negative
1388,United,positive,love,positive
1389,United,negative,delay,negative
1390,United,negative,wrong,negative
1390,United,negative,wrong,negative
1391,United,negative,hell,negative
1391,United,negative,delayed,negative
1393,United,negative,loyal,positive
1393,United,negative,premier,positive
1393,United,negative,lack,negative
1393,United,negative,bad,negative
1394,United,negative,delay,negative
1394,United,negative,exhausted,negative
1395,United,negative,delays,negative
1396,United,negative,fast,positive
1397,United,negative,horrible,negative
1397,United,negative,delay,negative
1397,United,negative,respect,positive
1398,United,negative,loyal,positive
1400,United,negative,top,positive
1400,United,negative,stuck,negative
1401,United,negative,bs,negative
1401,United,negative,denied,negative
1401,United,negative,suck,negative
1402,United,negative,worst,negative
1402,United,negative,disgusting,negative
1403,United,negative,rough,negative
1403,United,negative,helpful,positive
1403,United,negative,confidence,positive
1404,United,negative,issues,negative
1404,United,negative,fail,negative
1405,United,negative,belabor,negative
1407,United,negative,valuable,positive
1409,United,negative,desperately,negative
1409,United,negative,delayed,negative
1409,United,negative,unacceptable,negative
1410,United,negative,messed,negative
1413,United,negative,overweight,negative
1414,United,negative,joke,negative
1414,United,negative,woeful,negative
1415,United,negative,delayed,negative
1416,United,positive,charm,positive
1417,United,negative,lose,negative
1417,United,negative,free,positive
1418,United,negative,award,positive
1418,United,negative,hard,negative
1418,United,negative,bs,negative
1419,United,negative,worth,positive
1419,United,negative,delay,negative
1421,United,negative,crappy,negative
1422,United,negative,honor,positive
1423,United,negative,worst,negative
1424,United,negative,bait,negative
1425,United,negative,love,positive
1425,United,negative,shit,negative
1425,United,negative,loyal,positive
1425,United,negative,glad,positive
1426,United,negative,error,negative
1430,United,negative,support,positive
1436,United,negative,awful,negative
1438,United,negative,disappointing,negative
1438,United,negative,delay,negative
1438,United,negative,sincere,positive
1438,United,negative,complain,negative
1439,United,negative,lost,negative
1442,United,negative,failing,negative
1444,United,negative,gold,positive
1446,United,negative,worst,negative
1446,United,negative,miss,negative
1447,United,negative,dumb,negative
1447,United,negative,hurt,negative
1448,United,negative,won,positive
1450,United,negative,crap,negative
1451,United,negative,terrible,negative
1454,United,negative,stuck,negative
1455,United,negative,missed,negative
1459,United,negative,love,positive
1459,United,negative,seriousness,negative
1461,United,negative,liars,negative
1462,United,negative,delayed,negative
1462,United,negative,suck,negative
1462,United,negative,bad,negative
1463,United,negative,screwed,negative
1463,United,negative,failure,negative
1463,United,negative,poor,negative
1463,United,negative,bad,negative
1464,United,negative,delayed,negative
1465,United,negative,delay,negative
1466,United,positive,excellent,positive
1466,United,positive,reliable,positive
1468,United,negative,funny,negative
1468,United,negative,helpful,positive
1472,United,negative,disappointed,negative
1472,United,negative,delayed,negative
1473,United,negative,spotty,negative
1477,United,negative,vague,negative
1477,United,negative,issue,negative
1479,United,negative,awful,negative
1480,United,negative,happy,positive
1482,United,negative,lost,negative
1486,United,negative,fucking,negative
1486,United,negative,fuck,negative
1486,United,negative,fucking,negative
1487,United,positive,sincerely,positive
1489,United,negative,terrible,negative
1491,United,negative,suck,negative
1491,United,negative,delayed,negative
1491,United,negative,miss,negative
1493,United,negative,delayed,negative
1493,United,negative,honest,positive
1494,United,negative,miss,negative
1495,United,negative,brilliant,positive
1496,United,negative,free,positive
1496,United,negative,excellence,positive
1497,United,negative,delayed,negative
1498,United,negative,poor,negative
1499,United,negative,delayed,negative
1501,United,negative,irresponsible,negative
1501,United,negative,worst,negative
1501,United,negative,disastrous,negative
1502,United,negative,stuck,negative
1503,United,negative,joke,negative
1504,United,negative,delayed,negative
1506,United,neutral,award,positive
1507,United,negative,inconvenience,negative
1513,United,negative,cheap,negative
1513,United,negative,afford,positive
1513,United,negative,cheap,negative
1514,United,negative,stuck,negative
1514,United,negative,misses,negative
1515,United,negative,horrific,negative
1516,United,negative,errors,negative
1516,United,negative,incompetent,negative
1517,United,negative,delayed,negative
1517,United,negative,unhelpful,negative
1518,United,negative,cool,positive
1522,United,negative,incompetent,negative
1523,United,negative,sick,negative
1523,United,negative,tired,negative
1523,United,negative,refund,positive
1524,United,negative,glad,positive
1524,United,negative,sucks,negative
1526,United,negative,inaccurate,negative
1526,United,negative,delay,negative
1527,United,negative,glad,positive
1527,United,negative,worst,negative
1528,United,negative,hung,negative
1531,United,negative,awful,negative
1532,United,negative,delay,negative
1535,United,negative,incompetent,negative
1536,United,neutral,garbage,negative
1537,United,negative,awful,negative
1539,United,positive,compliment,positive
1540,United,negative,delay,negative
1540,United,negative,love,positive
1544,United,negative,drunk,negative
1546,United,neutral,thoughtful,positive
1548,United,negative,appreciated,positive
1548,United,negative,lost,negative
1550,United,negative,sucks,negative
1550,United,negative,hang,negative
1552,United,negative,wrong,negative
1553,United,negative,miserable,negative
1554,United,negative,missed,negative
1554,United,negative,disgusting,negative
1557,United,negative,happy,positive
1557,United,negative,delay,negative
1557,United,negative,incompetence,negative
1558,United,negative,fail,negative
1559,United,negative,stuck,negative
1559,United,negative,miss,negative
1561,United,negative,pales,negative
1561,United,negative,lost,negative
1561,United,negative,delay,negative
1564,United,neutral,poor,negative
1566,United,negative,improper,negative
1567,United,negative,worst,negative
1568,United,negative,worst,negative
1569,United,negative,deceptive,negative
1569,United,negative,promised,positive
1574,United,negative,delay,negative
1576,United,negative,dark,negative
1576,United,negative,incompetence,negative
1580,United,negative,gold,positive
1581,United,neutral,award,positive
1584,United,negative,sucks,negative
1584,United,negative,shit,negative
1585,United,negative,bad,negative
1585,United,negative,horrible,negative
1585,United,negative,excuse,negative
1586,United,negative,delayed,negative
1586,United,negative,crazy,negative
1587,United,negative,unable,negative
1588,United,negative,free,positive
1588,United,negative,delayed,negative
1589,United,neutral,wrong,negative
1592,United,negative,joke,negative
1592,United,negative,trapped,negative
1593,United,negative,hate,negative
1595,United,negative,delay,negative
1596,United,negative,delayed,negative
1596,United,negative,delayed,negative
1596,United,negative,delayed,negative
1597,United,negative,delays,negative
1598,United,negative,missed,negative
1598,United,negative,cool,positive
1603,United,negative,angry,negative
1604,United,negative,decline,negative
1604,United,negative,arrogant,negative
1605,United,positive,impressed,positive
1606,United,negative,stuck,negative
1606,United,negative,miss,negative
1606,United,negative,inconvenience,negative
1607,United,negative,false,negative
1608,United,negative,hates,negative
1611,United,neutral,issue,negative
1612,United,negative,delayed,negative
1612,United,negative,delays,negative
1612,United,negative,idiots,negative
1613,United,negative,failure,negative
1615,United,negative,suck,negative
1615,United,negative,delay,negative
1616,United,negative,bad,negative
1616,United,negative,bad,negative
1616,United,negative,delays,negative
1618,United,positive,delay,negative
1619,United,negative,missed,negative
1621,United,negative,friendly,positive
1624,United,neutral,free,positive
1628,United,negative,nightmare,negative
1628,United,negative,fail,negative
1628,United,negative,lazy,negative
1630,United,negative,hate,negative
1630,United,negative,terrible,negative
1631,United,negative,bumped,negative
1631,United,negative,gold,positive
1631,United,negative,worth,positive
1632,United,negative,awfulness,negative
1632,United,negative,suck,negative
1632,United,negative,worst,negative
1634,United,positive,hard,negative
1635,United,positive,upgraded,positive
1636,United,negative,sarcasm,negative
1637,United,positive,wonderful,positive
1637,United,positive,delayed,negative
1639,United,negative,delayed,negative
1639,United,negative,breaking,negative
1640,United,neutral,miss,negative
1642,United,negative,losing,negative
1643,United,neutral,elite,positive
1643,United,neutral,gold,positive
1643,United,neutral,elite,positive
1644,United,negative,lack,negative
1644,United,negative,astounding,positive
1646,United,negative,nice,positive
1646,United,negative,lost,negative
1647,United,positive,fast,positive
1648,United,negative,issues,negative
1648,United,negative,issues,negative
1648,United,negative,miss,negative
1649,United,positive,beauty,positive
1649,United,positive,beauty,positive
1650,United,negative,slow,negative
1650,United,negative,worse,negative
1652,United,negative,snobby,negative
1653,United,negative,poor,negative
1656,United,negative,error,negative
1658,United,negative,terrible,negative
1663,United,positive,lovely,positive
1663,United,positive,exceptional,positive
1664,United,neutral,honor,positive
1664,United,neutral,honor,positive
1665,United,positive,trust,positive
1666,United,negative,unsure,negative
1666,United,negative,disappointed,negative
1668,United,negative,worth,positive
1671,United,positive,helping,positive
1672,United,negative,slowly,negative
1672,United,negative,wasted,negative
1673,United,positive,amazing,positive
1675,United,negative,broken,negative
1675,United,negative,broken,negative
1676,United,negative,worst,negative
1676,United,negative,blame,negative
1680,United,negative,stuck,negative
1685,United,negative,sucks,negative
1686,United,negative,frustrating,negative
1687,United,positive,amazing,positive
1687,United,positive,angry,negative
1687,United,positive,kudos,positive
1689,United,negative,disgruntled,negative
1690,United,negative,issues,negative
1691,United,negative,enjoy,positive
1691,United,negative,complains,negative
1692,United,negative,free,positive
1693,United,negative,horrible,negative
1693,United,negative,disgruntled,negative
1695,United,negative,delayed,negative
1695,United,negative,fail,negative
1696,United,negative,worst,negative
1696,United,negative,misfortune,negative
1696,United,negative,outrageous,negative
1698,United,negative,miss,negative
1698,United,negative,delay,negative
1700,United,negative,lose,negative
1701,United,negative,lost,negative
1702,United,negative,safe,positive
1702,United,negative,expensive,negative
1704,United,negative,ridiculous,negative
1704,United,negative,refunded,positive
1706,United,negative,delayed,negative
1706,United,negative,disappointing,negative
1707,United,negative,bs,negative
1709,United,negative,ridiculous,negative
1709,United,negative,bad,negative
1710,United,negative,lied,negative
1711,United,negative,mistake,negative
1712,United,negative,fair,positive
1713,United,negative,rude,negative
1713,United,negative,cheap,negative
1715,United,negative,miss,negative
1716,United,negative,cheap,negative
1716,United,negative,bastards,negative
1716,United,negative,stingy,negative
1717,United,negative,delayed,negative
1717,United,negative,issues,negative
1718,United,positive,fine,positive
1718,United,positive,miss,negative
1719,United,negative,perfect,positive
1721,United,negative,denied,negative
1721,United,negative,issues,negative
1722,United,negative,excited,positive
1725,United,negative,rubbish,negative
1725,United,negative,meaningful,positive
1726,United,neutral,broke,negative
1726,United,neutral,miss,negative
1729,United,negative,unhelpful,negative
1731,United,negative,cool,positive
1737,United,positive,appreciated,positive
1739,United,negative,delayed,negative
1739,United,negative,limit,negative
1739,United,negative,unacceptable,negative
1740,United,negative,stuck,negative
1740,United,negative,break,negative
1740,United,negative,happy,positive
1741,United,negative,crashing,negative
1741,United,negative,glad,positive
1741,United,negative,free,positive
1742,United,negative,delayed,negative
1742,United,negative,lame,negative
1745,United,negative,delays,negative
1747,United,negative,stuck,negative
1751,United,negative,miss,negative
1751,United,negative,unfriendly,negative
1751,United,negative,premier,positive
1752,United,negative,worthless,negative
1754,United,negative,disappointed,negative
1755,United,negative,delayed,negative
1756,United,negative,delays,negative
1757,United,negative,worst,negative
1758,United,negative,disgusted,negative
1758,United,negative,disappointed,negative
1758,United,negative,unacceptable,negative
1759,United,negative,amazing,positive
1760,United,negative,frozen,negative
1760,United,negative,comfort,positive
1761,United,negative,stuck,negative
1762,United,negative,freezing,negative
1762,United,negative,cold,negative
1763,United,positive,issues,negative
1764,United,negative,terrible,negative
1764,United,negative,delayed,negative
1765,United,negative,failed,negative
1766,United,positive,smoothest,positive
1769,United,negative,delay,negative
1770,United,neutral,bereavement,negative
1771,United,negative,violation,negative
1772,United,negative,ruined,negative
1772,United,negative,poorly,negative
1772,United,negative,safely,positive
1778,United,negative,delayed,negative
1778,United,negative,miss,negative
1778,United,negative,miss,negative
1780,United,negative,delay,negative
1781,United,negative,missed,negative
1781,United,negative,missed,negative
1783,United,negative,worried,negative
1786,United,negative,unacceptable,negative
1787,United,negative,disaster,negative
1787,United,negative,issue,negative
1788,United,negative,disappointing,negative
1792,United,negative,helpful,positive
1799,United,negative,shit,negative
1799,United,negative,smelled,negative
1799,United,negative,shit,negative
1800,United,negative,miss,negative
1800,United,negative,empathy,positive
1801,United,negative,fun,positive
1802,United,negative,worst,negative
1804,United,negative,appalled,negative
1804,United,negative,lack,negative
1804,United,negative,awful,negative
1804,United,negative,delays,negative
1806,United,negative,swipe,negative
1806,United,negative,difficult,negative
1806,United,negative,easy,positive
1807,United,neutral,correct,positive
1807,United,neutral,wrong,negative
1807,United,neutral,concern,negative
1811,United,negative,delay,negative
1811,United,negative,fail,negative
1812,United,negative,delays,negative
1814,United,negative,issue,negative
1815,United,negative,terrible,negative
1815,United,negative,dirty,negative
1815,United,negative,rude,negative
1816,United,negative,hung,negative
1820,United,negative,delayed,negative
1821,United,negative,damn,negative
1821,United,negative,greed,negative
1822,United,negative,nice,positive
1825,United,negative,lost,negative
1826,United,negative,blame,negative
1826,United,negative,joke,negative
1828,United,positive,amazing,positive
1829,United,negative,worst,negative
1830,United,negative,broken,negative
1834,United,negative,hot,positive
1834,United,negative,uncomfortable,negative
1835,United,negative,disappointed,negative
1835,United,negative,top,positive
1837,United,neutral,happier,positive
1839,United,negative,worse,negative
1840,United,negative,priceless,positive
1845,United,negative,free,positive
1845,United,negative,miss,negative
1847,United,negative,bother,negative
1849,United,negative,incredibly,positive
1849,United,negative,unfriendly,negative
1849,United,negative,false,negative
1849,United,negative,promises,positive
1851,United,negative,skilled,positive
1851,United,negative,inadequate,negative
1852,United,positive,dependable,positive
1854,United,positive,amazing,positive
1855,United,negative,delay,negative
1856,United,positive,nicely,positive
1858,United,negative,enjoying,positive
1860,United,negative,broken,negative
1860,United,negative,wrong,negative
1861,United,negative,failure,negative
1861,United,negative,issues,negative
1862,United,positive,comfortable,positive
1863,United,neutral,ready,positive
1864,United,negative,delay,negative
1864,United,negative,wreck,negative
1864,United,negative,issues,negative
1866,United,positive,helpful,positive
1868,United,neutral,distressed,negative
1868,United,neutral,startling,negative
1871,United,negative,correct,positive
1871,United,negative,blame,negative
1875,United,positive,complaint,negative
1875,United,positive,refund,positive
1875,United,positive,losing,negative
1879,United,negative,fiction,negative
1880,United,negative,pricey,negative
1881,United,negative,lost,negative
1881,United,negative,stinks,negative
1884,United,negative,inexcusable,negative
1885,United,negative,issue,negative
1889,United,negative,stuck,negative
1890,United,negative,horrible,negative
1890,United,negative,stuck,negative
1891,United,negative,delayed,negative
1891,United,negative,delayed,negative
1894,United,negative,delay,negative
1894,United,negative,terrible,negative
1895,United,neutral,helped,positive
1895,United,neutral,issue,negative
1896,United,negative,delay,negative
1896,United,negative,shit,negative
1897,United,negative,issues,negative
1897,United,negative,worst,negative
1898,United,negative,assurance,positive
1899,United,negative,issue,negative
1900,United,neutral,appreciated,positive
1904,United,neutral,providence,positive
1908,United,negative,inappropriate,negative
1908,United,negative,lie,negative
1909,United,negative,lost,negative
1910,United,negative,involuntarily,negative
1910,United,negative,bumped,negative
1910,United,negative,guarantee,positive
1911,United,negative,bumping,negative
1912,United,negative,miss,negative
1912,United,negative,ruining,negative
1913,United,negative,delay,negative
1914,United,negative,honor,positive
1915,United,negative,award,positive
1915,United,negative,errors,negative
1916,United,negative,joke,negative
1916,United,negative,angry,negative
1918,United,negative,unacceptable,negative
1919,United,negative,lose,negative
1919,United,negative,neglect,negative
1921,United,positive,lost,negative
1921,United,positive,nice,positive
1922,United,neutral,taxing,negative
1925,United,negative,hung,negative
1926,United,negative,delayed,negative
1927,United,negative,joke,negative
1930,United,negative,damage,negative
1931,United,negative,issues,negative
1932,United,negative,fail,negative
1934,United,negative,suck,negative
1934,United,negative,issue,negative
1936,United,negative,lies,negative
1937,United,negative,nice,positive
1937,United,negative,love,positive
1937,United,negative,awesome,positive
1938,United,negative,delay,negative
1938,United,negative,tired,negative
1942,United,negative,delayed,negative
1942,United,negative,lost,negative
1943,United,negative,lost,negative
1943,United,negative,loyal,positive
1943,United,negative,quicker,positive
1943,United,negative,worst,negative
1945,United,negative,worst,negative
1946,United,negative,delay,negative
1947,United,negative,fuck,negative
1951,United,negative,lost,negative
1951,United,negative,honest,positive
1952,United,negative,ready,positive
1952,United,negative,ready,positive
1954,United,negative,unacceptable,negative
1955,United,negative,lost,negative
1956,United,negative,loses,negative
1958,United,negative,wasting,negative
1960,United,negative,issue,negative
1961,United,negative,unknown,negative
1962,United,negative,helping,positive
1962,United,negative,miss,negative
1962,United,negative,trashy,negative
1963,United,negative,frustrated,negative
1964,United,negative,mislead,negative
1968,United,negative,wow,positive
1968,United,negative,wow,positive
1971,United,negative,outrage,negative
1972,United,negative,super,positive
1972,United,negative,cranky,negative
1972,United,negative,delaying,negative
1975,United,negative,trouble,negative
1976,United,negative,fuck,negative
1976,United,negative,premier,positive
1976,United,negative,miss,negative
1977,United,negative,luck,positive
1977,United,negative,innovation,positive
1978,United,negative,refund,positive
1979,United,negative,clean,positive
1979,United,negative,stuck,negative
1980,United,negative,issue,negative
1980,United,negative,lose,negative
1982,United,negative,delayed,negative
1982,United,negative,danger,negative
1984,United,negative,delay,negative
1984,United,negative,cool,positive
1985,United,neutral,stuck,negative
1985,United,neutral,desperately,negative
1986,United,negative,worst,negative
1988,United,negative,easiest,positive
1988,United,negative,refund,positive
1989,United,negative,delay,negative
1989,United,negative,refunded,positive
1994,United,negative,delayed,negative
1995,United,negative,useless,negative
1996,United,negative,lost,negative
1996,United,negative,delay,negative
1996,United,negative,gold,positive
1997,United,negative,delayed,negative
1999,United,positive,mess,negative
2000,United,negative,delayed,negative
2002,United,negative,luck,positive
2004,United,neutral,hung,negative
2006,United,negative,restriction,negative
2011,United,negative,delays,negative
2011,United,negative,lost,negative
2014,United,negative,scream,negative
2017,United,positive,helping,positive
2018,United,negative,delayed,negative
2018,United,negative,lose,negative
2021,United,negative,missed,negative
2022,United,negative,promised,positive
2027,United,neutral,appreciated,positive
2029,United,negative,providence,positive
2029,United,negative,horrible,negative
2031,United,negative,delayed,negative
2031,United,negative,refund,positive
2034,United,negative,wrong,negative
2035,United,negative,worst,negative
2035,United,negative,bad,negative
2036,United,positive,pleasure,positive
2036,United,positive,outstanding,positive
2038,United,negative,concerns,negative
2039,United,negative,unknown,negative
2040,United,negative,ruin,negative
2040,United,negative,fuck,negative
2043,United,negative,lost,negative
2043,United,negative,clean,positive
2044,United,negative,hung,negative
2045,United,negative,shit,negative
2046,United,negative,disgusting,negative
2048,United,negative,delayed,negative
2048,United,negative,frustration,negative
2050,United,negative,inconvenience,negative
2050,United,negative,lost,negative
2051,United,negative,disrespectfully,negative
2051,United,negative,lied,negative
2052,United,negative,stress,negative
2053,United,negative,broken,negative
2053,United,negative,broken,negative
2053,United,negative,broken,negative
2053,United,negative,lost,negative
2053,United,negative,awesome,positive
2054,United,negative,disgusting,negative
2054,United,negative,unreal,positive
2055,United,negative,nice,positive
2055,United,negative,happy,positive
2055,United,negative,easier,positive
2058,United,negative,unbelievably,negative
2058,United,negative,bad,negative
2058,United,negative,abysmal,negative
2058,United,negative,hung,negative
2061,United,negative,inconvenience,negative
2061,United,negative,delay,negative
2061,United,negative,waste,negative
2061,United,negative,negligence,negative
2062,United,negative,mistake,negative
2063,United,negative,uncomfortable,negative
2064,United,negative,missed,negative
2064,United,negative,mess,negative
2065,United,negative,delays,negative
2067,United,negative,delayed,negative
2072,United,neutral,super,positive
2072,United,neutral,sweet,positive
2072,United,neutral,cold,negative
2073,United,negative,hung,negative
2074,United,negative,loyalty,positive
2074,United,negative,awards,positive
2075,United,negative,unhelpful,negative
2081,United,negative,cool,positive
2083,United,negative,pretty,positive
2083,United,negative,scary,negative
2085,United,negative,hacks,negative
2086,United,negative,delayed,negative
2087,United,negative,hangs,negative
2087,United,negative,cool,positive
2089,United,negative,poor,negative
2090,United,negative,deaf,negative
2090,United,negative,ftw,positive
2092,United,negative,suck,negative
2096,United,negative,worst,negative
2096,United,negative,disappointed,negative
2097,United,negative,delay,negative
2097,United,negative,wrong,negative
2097,United,negative,incompetence,negative
2097,United,negative,finest,positive
2103,United,negative,suck,negative
2105,United,negative,hates,negative
2108,United,negative,screwed,negative
2110,United,negative,suck,negative
2111,United,negative,badly,negative
2113,United,negative,ready,positive
2115,United,negative,fiasco,negative
2118,United,negative,delayed,negative
2122,United,negative,disappointed,negative
2123,United,negative,ready,positive
2123,United,negative,rage,negative
2123,United,negative,bullshit,negative
2125,United,negative,lost,negative
2126,United,negative,sadly,negative
2126,United,negative,terrible,negative
2127,United,negative,delayed,negative
2127,United,negative,miss,negative
2128,United,negative,cruel,negative
2129,United,negative,stuck,negative
2129,United,negative,doubt,negative
2131,United,positive,flattering,positive
2131,United,positive,proud,positive
2133,United,negative,sucks,negative
2133,United,negative,sucks,negative
2133,United,negative,incompetent,negative
2133,United,negative,fine,positive
2135,United,negative,refused,negative
2140,United,negative,mess,negative
2140,United,negative,bad,negative
2142,United,negative,drunk,negative
2143,United,negative,fuck,negative
2143,United,negative,fucking,negative
2143,United,negative,retards,negative
2145,United,negative,lousy,negative
2146,United,negative,missed,negative
2148,United,negative,delays,negative
2149,United,negative,delayed,negative
2149,United,negative,failed,negative
2155,United,negative,failed,negative
2158,United,negative,stuck,negative
2160,United,negative,weird,negative
2162,United,negative,worst,negative
2165,United,negative,slow,negative
2165,United,negative,lagging,negative
2165,United,negative,hard,negative
2166,United,negative,loving,positive
2166,United,negative,hard,negative
2169,United,negative,decent,positive
2169,United,negative,useless,negative
2169,United,negative,delay,negative
2172,United,negative,faster,positive
2173,United,negative,lack,negative
2174,United,negative,suffering,negative
2176,United,negative,worst,negative
2176,United,negative,delayed,negative
2177,United,negative,issues,negative
2177,United,negative,pretty,positive
2178,United,negative,rude,negative
2178,United,negative,offensive,negative
2178,United,negative,complained,negative
2179,United,negative,blind,negative
2179,United,negative,messed,negative
2183,United,negative,bumped,negative
2183,United,negative,worse,negative
2184,United,negative,worst,negative
2186,United,negative,ruined,negative
2186,United,negative,shit,negative
2187,United,neutral,blow,negative
2188,United,negative,hang,negative
2190,United,negative,ruining,negative
2191,United,negative,worst,negative
2191,United,negative,garbage,negative
2193,United,negative,broke,negative
2195,United,negative,nightmare,negative
2195,United,negative,disaster,negative
2196,United,negative,terrible,negative
2200,United,negative,failure,negative
2200,United,negative,worst,negative
2200,United,negative,pain,negative
2206,United,positive,approve,positive
2207,United,negative,delays,negative
2209,United,negative,delayed,negative
2211,United,negative,incompetence,negative
2211,United,negative,stunning,positive
2212,United,negative,delay,negative
2212,United,negative,failure,negative
2212,United,negative,lost,negative
2213,United,negative,worst,negative
2216,United,negative,lies,negative
2216,United,negative,lies,negative
2216,United,negative,lies,negative
2217,United,neutral,upgraded,positive
2218,United,negative,issue,negative
2219,United,negative,worse,negative
2219,United,negative,bad,negative
2219,United,negative,awful,negative
2220,United,neutral,miss,negative
2221,United,negative,delays,negative
2229,United,positive,excited,positive
2231,United,neutral,correct,positive
2233,United,negative,unhelpful,negative
2235,United,neutral,confusing,negative
2235,United,neutral,contradictory,negative
2240,United,negative,delayed,negative
2240,United,negative,bs,negative
2240,United,negative,lies,negative
2243,United,neutral,stuck,negative
2243,United,neutral,bad,negative
2244,United,negative,pathetic,negative
2245,United,negative,missed,negative
2245,United,negative,strike,negative
2245,United,negative,miss,negative
2251,United,negative,delayed,negative
2252,United,negative,stinks,negative
2253,United,negative,congratulations,positive
2253,United,negative,fail,negative
2253,United,negative,worse,negative
2257,United,negative,broken,negative
2257,United,negative,breakdown,negative
2258,United,negative,miss,negative
2260,United,positive,happy,positive
2261,United,neutral,complaint,negative
2262,United,negative,pretty,positive
2262,United,negative,fault,negative
2263,United,negative,providence,positive
2263,United,negative,sucked,negative
2263,United,negative,recommend,positive
2263,United,negative,honest,positive
2264,United,negative,refused,negative
2264,United,negative,complaint,negative
2267,United,negative,damn,negative
2267,United,negative,fucking,negative
2267,United,negative,bullshit,negative
2269,United,negative,sucks,negative
2270,United,negative,unacceptable,negative
2271,United,negative,ruining,negative
2271,United,negative,fucking,negative
2272,United,negative,diligent,positive
2274,United,positive,super,positive
2274,United,positive,nice,positive
2276,United,negative,ruined,negative
2276,United,negative,disappointed,negative
2277,United,negative,garbage,negative
2277,United,negative,worst,negative
2278,United,negative,amazing,positive
2279,United,negative,egregious,negative
2279,United,negative,top,positive
2281,United,negative,awful,negative
2283,United,positive,issue,negative
2284,United,positive,broken,negative
2285,United,negative,prison,negative
2285,United,negative,hate,negative
2287,United,neutral,missed,negative
2289,United,negative,ridiculous,negative
2290,United,negative,terrible,negative
2290,United,negative,delays,negative
2290,United,negative,missed,negative
2292,United,negative,failed,negative
2292,United,negative,livid,negative
2292,United,negative,disregard,negative
2295,United,negative,error,negative
2296,United,neutral,horrible,negative
2298,United,negative,issue,negative
2299,United,negative,waste,negative
2299,United,negative,poor,negative
2300,United,negative,issues,negative
2301,United,negative,happy,positive
2301,United,negative,terrible,negative
2304,United,positive,amazing,positive
2304,United,positive,kindness,positive
2306,United,negative,lost,negative
2307,United,negative,glad,positive
2311,United,negative,broken,negative
2314,United,negative,hate,negative
2314,United,negative,complaint,negative
2317,United,neutral,correct,positive
2318,United,negative,junk,negative
2319,United,negative,sloppy,negative
2319,United,negative,poor,negative
2320,United,negative,complaint,negative
2321,United,negative,led,positive
2325,United,negative,commitment,positive
2325,United,negative,issues,negative
2326,United,negative,nightmare,negative
2332,United,positive,lost,negative
2333,United,negative,ridiculous,negative
2334,United,negative,pretty,positive
2334,United,negative,ruined,negative
2334,United,negative,weak,negative
2335,United,negative,miss,negative
2336,United,negative,limited,negative
2336,United,negative,correct,positive
2339,United,negative,awful,negative
2340,United,negative,blame,negative
2341,United,neutral,yay,positive
2345,United,negative,lost,negative
2346,United,positive,appreciated,positive
2349,United,negative,appreciated,positive
2349,United,negative,fault,negative
2351,United,negative,satisfactory,positive
2351,United,negative,fails,negative
2351,United,negative,disappoint,negative
2352,United,positive,amazing,positive
2352,United,positive,incredible,positive
2354,United,negative,unacceptable,negative
2356,United,positive,nice,positive
2356,United,positive,mistake,negative
2357,United,negative,fail,negative
2358,United,neutral,dies,negative
2360,United,negative,terrible,negative
2361,United,negative,losing,negative
2362,United,negative,worst,negative
2363,United,negative,ruined,negative
2363,United,negative,lost,negative
2365,United,negative,wow,positive
2365,United,negative,worse,negative
2365,United,negative,worse,negative
2367,United,negative,filthy,negative
2368,United,negative,trash,negative
2370,United,negative,issues,negative
2372,United,positive,delayed,negative
2374,United,negative,clean,positive
2374,United,negative,stains,negative
2374,United,negative,gross,negative
2375,United,positive,happier,positive
2375,United,positive,love,positive
2375,United,positive,amazing,positive
2375,United,positive,nice,positive
2376,United,neutral,delayed,negative
2377,United,negative,disappoint,negative
2378,United,negative,love,positive
2379,United,neutral,correct,positive
2379,United,neutral,correct,positive
2379,United,neutral,lost,negative
2380,United,negative,crazy,negative
2381,United,negative,issue,negative
2382,United,negative,ridiculous,negative
2386,United,positive,nice,positive
2387,United,negative,hung,negative
2389,United,negative,frustration,negative
2391,United,negative,stuck,negative
2394,United,negative,cowardly,negative
2395,United,negative,lost,negative
2396,United,negative,stuck,negative
2400,United,negative,troubling,negative
2401,United,positive,phenomenal,positive
2403,United,neutral,gold,positive
2403,United,neutral,limit,negative
2404,United,negative,terrible,negative
2405,United,negative,freaking,negative
2406,United,negative,delayed,negative
2408,United,negative,insulted,negative
2408,United,negative,incompetence,negative
2409,United,negative,stuck,negative
2409,United,negative,miss,negative
2410,United,neutral,concern,negative
2411,United,negative,frustrated,negative
2412,United,neutral,sad,negative
2415,United,negative,doubtful,negative
2417,United,negative,worst,negative
2418,United,negative,worst,negative
2426,United,positive,smile,positive
2426,United,positive,award,positive
2426,United,positive,humour,positive
2427,United,negative,hacks,negative
2428,United,neutral,compliment,positive
2428,United,neutral,mistaken,negative
2429,United,negative,awful,negative
2430,United,negative,assure,positive
2431,United,negative,refund,positive
2432,United,negative,awful,negative
2433,United,negative,delayed,negative
2434,United,negative,terrible,negative
2434,United,negative,helping,positive
2435,United,negative,horrible,negative
2435,United,negative,miserable,negative
2436,United,neutral,glad,positive
2437,United,negative,unbelievably,negative
2437,United,negative,disappointed,negative
2437,United,negative,delay,negative
2437,United,negative,delay,negative
2437,United,negative,messing,negative
2438,United,negative,flattering,positive
2438,United,negative,proud,positive
2441,United,negative,lost,negative
2442,United,negative,pleasant,positive
2442,United,negative,bad,negative
2443,United,negative,assure,positive
2444,United,negative,lose,negative
2447,United,negative,disappointed,negative
2449,United,negative,unbelievable,negative
2451,United,positive,refunded,positive
2451,United,positive,difficulty,negative
2451,United,positive,helpful,positive
2451,United,positive,complaints,negative
2451,United,positive,bad,negative
2453,United,negative,bullying,negative
2453,United,negative,cool,positive
2453,United,negative,delays,negative
2454,United,negative,delay,negative
2454,United,negative,missed,negative
2457,United,negative,helpful,positive
2457,United,negative,miss,negative
2459,United,negative,celebrate,positive
2461,United,negative,wrong,negative
2466,United,negative,issue,negative
2466,United,negative,stuck,negative
2467,United,negative,hate,negative
2467,United,negative,bumped,negative
2469,United,negative,miss,negative
2470,United,negative,miss,negative
2470,United,negative,honor,positive
2471,United,negative,happy,positive
2472,United,negative,lack,negative
2472,United,negative,worst,negative
2473,United,negative,disappointed,negative
2474,United,negative,poor,negative
2474,United,negative,rude,negative
2477,United,negative,fuck,negative
2477,United,negative,fucking,negative
2480,United,positive,frustrating,negative
2480,United,positive,impressed,positive
2482,United,neutral,issue,negative
2483,United,positive,top,positive
2484,United,negative,bug,negative
2486,United,negative,delay,negative
2488,United,negative,difficulties,negative
2490,United,negative,unavailable,negative
2491,United,negative,award,positive
2492,United,negative,downhill,negative
2493,United,negative,hung,negative
2494,United,negative,bad,negative
2498,United,negative,issue,negative
2501,United,negative,lost,negative
2502,United,negative,award,positive
2503,United,negative,redeem,positive
2503,United,negative,horrendous,negative
2504,United,positive,impressed,positive
2504,United,positive,worth,positive
2504,United,positive,damn,negative
2505,United,neutral,cute,positive
2506,United,negative,worst,negative
2507,United,negative,disgrace,negative
2507,United,negative,horrible,negative
2508,United,negative,sucks,negative
2509,United,negative,inefficient,negative
2512,United,negative,terrible,negative
2512,United,negative,ridiculous,negative
2516,United,neutral,liberty,positive
2517,United,negative,afraid,negative
2517,United,negative,unhappy,negative
2517,United,negative,unhappy,negative
2518,United,positive,promising,positive
2519,United,negative,favor,positive
2519,United,negative,stall,negative
2519,United,negative,inevitable,negative
2520,United,negative,cramped,negative
2521,United,negative,delayed,negative
2521,United,negative,issue,negative
2521,United,negative,free,positive
2521,United,negative,inconvenience,negative
2522,United,negative,trust,positive
2523,United,negative,fail,negative
2523,United,negative,greedy,negative
2523,United,negative,worst,negative
2525,United,negative,worth,positive
2525,United,negative,damn,negative
2525,United,negative,calamity,negative
2526,United,negative,terrible,negative
2526,United,negative,ruined,negative
2528,United,negative,afraid,negative
2532,United,positive,kudos,positive
2533,United,negative,delayed,negative
2533,United,negative,difficulties,negative
2534,United,negative,lie,negative
2537,United,negative,issues,negative
2538,United,negative,suspect,negative
2538,United,negative,issue,negative
2538,United,negative,awkward,negative
2539,United,negative,issue,negative
2540,United,negative,terrible,negative
2540,United,negative,illogical,negative
2540,United,negative,lost,negative
2541,United,negative,ugh,negative
2543,United,negative,fails,negative
2543,United,negative,delayed,negative
2545,United,positive,friendly,positive
2548,United,neutral,miss,negative
2549,United,negative,ridiculous,negative
2549,United,negative,delayed,negative
2551,United,negative,crazy,negative
2551,United,negative,miss,negative
2552,United,positive,stellar,positive
2553,United,positive,cleanliness,positive
2553,United,positive,smells,negative
2553,United,positive,satisfied,positive
2557,United,positive,upgraded,positive
2558,United,negative,worse,negative
2559,United,negative,delayed,negative
2560,United,negative,loses,negative
2561,United,negative,missed,negative
2562,United,negative,delay,negative
2563,United,negative,delayed,negative
2565,United,negative,stuck,negative
2565,United,negative,awful,negative
2566,United,positive,free,positive
2567,United,negative,suck,negative
2567,United,negative,suck,negative
2568,United,negative,love,positive
2568,United,negative,crappy,negative
2569,United,neutral,fake,negative
2572,United,negative,bad,negative
2573,United,negative,skilled,positive
2573,United,negative,loyal,positive
2573,United,negative,lack,negative
2574,United,negative,nice,positive
2575,United,negative,complaints,negative
2578,United,negative,delayed,negative
2578,United,negative,unacceptable,negative
2581,United,positive,nice,positive
2584,United,positive,smoothly,positive
2584,United,positive,peace,positive
2585,United,negative,worn,negative
2586,United,negative,disappointed,negative
2587,United,neutral,love,positive
2587,United,neutral,free,positive
2590,United,negative,irreplaceable,positive
2591,United,negative,lost,negative
2593,United,negative,lack,negative
2593,United,negative,empathy,positive
2594,United,negative,lost,negative
2595,United,negative,refuse,negative
2596,United,negative,funny,negative
2596,United,negative,delayed,negative
2596,United,negative,issues,negative
2596,United,negative,rotten,negative
2596,United,negative,luck,positive
2596,United,negative,issues,negative
2597,United,negative,nice,positive
2602,United,negative,exasperating,negative
2602,United,negative,difficult,negative
2602,United,negative,error,negative
2603,United,positive,helpful,positive
2603,United,positive,hard,negative
2606,United,negative,stellar,positive
2606,United,negative,refused,negative
2607,United,negative,downhill,negative
2612,United,neutral,awesome,positive
2612,United,neutral,complimentary,positive
2614,United,negative,emergency,negative
2616,United,negative,stuck,negative
2616,United,negative,missed,negative
2617,United,positive,joke,negative
2617,United,positive,cheer,positive
2617,United,positive,delay,negative
2617,United,positive,ftw,positive
2618,United,positive,nice,positive
2619,United,negative,lose,negative
2619,United,negative,frustrating,negative
2621,United,neutral,guarantee,positive
2624,United,negative,liable,negative
2626,United,positive,awesome,positive
2628,United,negative,unnecessary,negative
2630,United,negative,incompetence,negative
2631,United,negative,rude,negative
2631,United,negative,mortified,negative
2632,United,positive,nice,positive
2633,United,negative,complaints,negative
2633,United,negative,lost,negative
2637,United,negative,crazy,negative
2637,United,negative,limit,negative
2640,United,negative,unable,negative
2641,United,negative,poor,negative
2642,United,negative,ordeal,negative
2643,United,negative,lost,negative
2649,United,negative,damaged,negative
2650,United,negative,hung,negative
2652,United,negative,frustrating,negative
2653,United,negative,ignore,negative
2654,United,negative,poor,negative
2655,United,neutral,refuse,negative
2657,United,neutral,taxing,negative
2660,United,negative,miss,negative
2663,United,negative,refuse,negative
2665,United,negative,lost,negative
2666,United,positive,rapid,positive
2666,United,positive,fall,negative
2666,United,positive,faint,negative
2666,United,positive,cold,negative
2668,United,negative,delayed,negative
2670,United,neutral,love,positive
2670,United,neutral,hate,negative
2670,United,neutral,terribly,negative
2670,United,neutral,awful,negative
2673,United,negative,ready,positive
2674,United,negative,cheaper,positive
2674,United,negative,useless,negative
2675,United,negative,stuck,negative
2676,United,negative,failure,negative
2676,United,negative,bad,negative
2677,United,negative,delayed,negative
2677,United,negative,ridiculous,negative
2678,United,negative,worst,negative
2680,United,negative,stuck,negative
2680,United,negative,perfect,positive
2681,United,negative,bad,negative
2682,United,negative,straighten,positive
2685,United,positive,terrific,positive
2685,United,positive,friendly,positive
2685,United,positive,helpful,positive
2685,United,positive,terrific,positive
2685,United,positive,kudos,positive
2687,United,positive,safe,positive
2689,United,negative,appreciated,positive
2689,United,negative,damages,negative
2690,United,negative,suck,negative
2691,United,negative,fails,negative
2691,United,negative,idiot,negative
2693,United,positive,improved,positive
2694,United,negative,horrible,negative
2695,United,negative,hung,negative
2695,United,negative,furious,negative
2696,United,neutral,bad,negative
2698,United,negative,bankrupt,negative
2700,United,negative,helped,positive
2700,United,negative,unavailable,negative
2700,United,negative,false,negative
2703,United,negative,misses,negative
2705,United,negative,disappointed,negative
2707,United,negative,expired,negative
2710,United,negative,delayed,negative
2710,United,negative,mistake,negative
2711,United,positive,amazing,positive
2712,United,negative,missed,negative
2714,United,positive,top,positive
2715,United,negative,loyal,positive
2716,United,negative,unreal,positive
2716,United,negative,nightmare,negative
2717,United,positive,suck,negative
2719,United,negative,top,positive
2719,United,negative,free,positive
2721,United,negative,loyalty,positive
2721,United,negative,loyalty,positive
2722,United,negative,broke,negative
2724,United,negative,issues,negative
2727,United,negative,sad,negative
2727,United,negative,disgraceful,negative
2728,United,negative,miss,negative
2728,United,negative,fault,negative
2733,United,negative,worst,negative
2733,United,negative,delays,negative
2734,United,negative,errors,negative
2735,United,negative,miss,negative
2737,United,negative,delayed,negative
2738,United,negative,delayed,negative
2738,United,negative,issues,negative
2739,United,negative,issues,negative
2739,United,negative,insane,negative
2741,United,neutral,handy,positive
2742,United,negative,idiot,negative
2743,United,negative,bump,negative
2744,United,negative,insulting,negative
2746,United,positive,amazing,positive
2748,United,negative,stolen,negative
2748,United,negative,lost,negative
2749,United,positive,wins,positive
2749,United,positive,top,positive
2749,United,positive,poor,negative
2749,United,positive,positive,positive
2752,United,negative,sad,negative
2753,United,negative,horrible,negative
2756,United,negative,lost,negative
2757,United,negative,easy,positive
2758,United,positive,frustrating,negative
2758,United,positive,amazing,positive
2759,United,negative,bs,negative
2760,United,negative,patient,positive
2761,United,negative,consistently,positive
2762,United,negative,unbelievable,negative
2763,United,positive,free,positive
2763,United,positive,delayed,negative
2763,United,positive,enjoy,positive
2766,United,negative,incompetent,negative
2766,United,negative,rude,negative
2766,United,negative,missed,negative
2766,United,negative,terrible,negative
2766,United,negative,upset,negative
2767,United,negative,terrible,negative
2768,United,negative,ridiculous,negative
2769,United,positive,fault,negative
2769,United,positive,issues,negative
2770,United,negative,delay,negative
2770,United,negative,painful,negative
2770,United,negative,miss,negative
2771,United,negative,unbelievable,negative
2771,United,negative,free,positive
2772,United,positive,cute,positive
2773,United,negative,worst,negative
2773,United,negative,beware,negative
2774,United,negative,free,positive
2775,United,negative,fine,positive
2777,United,neutral,terrible,negative
2779,United,negative,refuse,negative
2779,United,negative,bs,negative
2781,United,positive,miss,negative
2782,United,negative,gold,positive
2783,United,negative,delayed,negative
2785,United,negative,issue,negative
2785,United,negative,warning,negative
2786,United,negative,miss,negative
2786,United,negative,fail,negative
2787,United,negative,unacceptable,negative
2789,United,negative,delays,negative
2789,United,negative,beg,negative
2791,United,negative,super,positive
2791,United,negative,lame,negative
2794,United,negative,timely,positive
2795,United,negative,cold,negative
2796,United,neutral,complaint,negative
2797,United,negative,miss,negative
2797,United,negative,cool,positive
2800,United,positive,appreciated,positive
2802,United,negative,complaint,negative
2802,United,negative,refund,positive
2803,United,negative,frustrated,negative
2804,United,neutral,benefits,positive
2807,United,negative,love,positive
2807,United,negative,horrible,negative
2807,United,negative,worse,negative
2809,United,positive,helped,positive
2809,United,positive,awesomeness,positive
2810,United,negative,lost,negative
2812,United,negative,worth,positive
2813,United,neutral,warning,negative
2815,United,negative,harsh,negative
2816,United,negative,miss,negative
2817,United,negative,waste,negative
2817,United,negative,disappointing,negative
2818,United,negative,complaints,negative
2821,United,negative,terribly,negative
2821,United,negative,disappointed,negative
2821,United,negative,delayed,negative
2821,United,negative,helpful,positive
2824,United,neutral,refunded,positive
2824,United,neutral,refunded,positive
2825,United,negative,delayed,negative
2825,United,negative,impressed,positive
2826,United,negative,randomly,negative
2828,United,negative,delay,negative
2828,United,negative,vomit,negative
2828,United,negative,properly,positive
2829,United,negative,disappointment,negative
2831,United,negative,delaying,negative
2831,United,negative,vomit,negative
2831,United,negative,properly,positive
2833,United,negative,mad,negative
2835,United,negative,refund,positive
2835,United,negative,denied,negative
2837,United,neutral,correct,positive
2840,United,negative,glitch,negative
2843,United,negative,troubles,negative
2846,United,negative,terrible,negative
2846,United,negative,discrimination,negative
2846,United,negative,delays,negative
2847,United,neutral,delays,negative
2848,United,negative,lost,negative
2848,United,negative,cranky,negative
2849,United,positive,incredibly,positive
2849,United,positive,happy,positive
2849,United,positive,fast,positive
2851,United,negative,easier,positive
2852,United,positive,perfect,positive
2855,United,negative,excellent,positive
2855,United,negative,freezing,negative
2856,United,negative,crap,negative
2858,United,positive,issue,negative
2858,United,positive,concern,negative
2861,United,negative,issue,negative
2861,United,negative,positive,positive
2861,United,negative,enjoyable,positive
2862,United,negative,upset,negative
2863,United,negative,unnerving,negative
2865,United,negative,worst,negative
2865,United,negative,enjoy,positive
2865,United,negative,free,positive
2867,United,positive,morons,negative
2868,United,negative,broken,negative
2871,United,negative,fair,positive
2871,United,negative,delay,negative
2873,United,negative,worst,negative
2877,United,negative,lie,negative
2879,United,negative,refund,positive
2879,United,negative,lying,negative
2880,United,negative,splitting,negative
2881,United,negative,refund,positive
2882,United,negative,refund,positive
2882,United,negative,cold,negative
2883,United,negative,failed,negative
2884,United,positive,pleasure,positive
2884,United,positive,relief,positive
2886,United,negative,awful,negative
2886,United,negative,bumping,negative
2886,United,negative,ridiculous,negative
2888,United,neutral,winners,positive
2888,United,neutral,losers,negative
2890,United,neutral,enjoy,positive
2890,United,neutral,warmth,positive
2892,United,positive,prompt,positive
2892,United,positive,enjoy,positive
2892,United,positive,bug,negative
2894,United,positive,missed,negative
2897,United,positive,prompt,positive
2898,United,negative,delayed,negative
2898,United,negative,miss,negative
2898,United,negative,lost,negative
2898,United,negative,clean,positive
2900,United,negative,hell,negative
2900,United,negative,expire,negative
2900,United,negative,free,positive
2901,United,positive,timely,positive
2902,United,neutral,depression,negative
2903,United,negative,lost,negative
2904,United,negative,inaccurate,negative
2904,United,negative,misleading,negative
2908,United,neutral,cheer,positive
2912,United,negative,delay,negative
2914,United,positive,wonderful,positive
2917,United,positive,smoothest,positive
2918,United,negative,joke,negative
2919,United,negative,suck,negative
2921,United,negative,abuse,negative
2921,United,negative,expensive,negative
2921,United,negative,privilege,positive
2926,United,negative,accurate,positive
2926,United,negative,delayed,negative
2927,United,negative,lost,negative
2927,United,negative,fast,positive
2929,United,negative,disappointing,negative
2930,United,negative,delay,negative
2930,United,negative,gold,positive
2932,United,negative,scam,negative
2932,United,negative,shit,negative
2932,United,negative,hung,negative
2933,United,negative,frustration,negative
2933,United,negative,ridiculous,negative
2934,United,negative,nice,positive
2934,United,negative,worth,positive
2934,United,negative,free,positive
2935,United,negative,unresolved,negative
2938,United,negative,accurate,positive
2939,United,negative,narrower,negative
2939,United,negative,bloated,negative
2940,United,negative,lack,negative
2940,United,negative,ridiculous,negative
2941,United,negative,delayed,negative
2941,United,negative,tired,negative
2941,United,negative,delays,negative
2942,United,positive,patiently,positive
2946,United,negative,free,positive
2946,United,negative,broken,negative
2948,United,positive,hot,positive
2949,United,neutral,worth,positive
2950,United,neutral,fans,positive
2950,United,neutral,safe,positive
2953,United,positive,love,positive
2953,United,positive,issue,negative
2953,United,positive,refund,positive
2953,United,positive,denied,negative
2954,United,negative,worst,negative
2955,United,negative,overkill,negative
2957,United,neutral,issues,negative
2959,United,neutral,refund,positive
2960,United,negative,aggravation,negative
2966,United,negative,issue,negative
2967,United,negative,miss,negative
2968,United,negative,bankrupt,negative
2968,United,negative,delayed,negative
2968,United,negative,miss,negative
2969,United,negative,delayed,negative
2969,United,negative,fail,negative
2970,United,negative,confusion,negative
2974,United,negative,chill,negative
2974,United,negative,trouble,negative
2974,United,negative,losing,negative
2974,United,negative,burn,negative
2974,United,negative,warmth,positive
2977,United,negative,delayed,negative
2977,United,negative,disaster,negative
2979,United,negative,helpful,positive
2981,United,negative,delayed,negative
2981,United,negative,super,positive
2981,United,negative,rude,negative
2983,United,negative,worse,negative
2983,United,negative,delayed,negative
2984,United,negative,broken,negative
2985,United,negative,terrible,negative
2988,United,negative,doubt,negative
2988,United,negative,worst,negative
2989,United,negative,refund,positive
2989,United,negative,ruined,negative
2991,United,negative,wonderful,positive
2991,United,negative,disappointed,negative
2992,United,negative,delaying,negative
2992,United,negative,terrible,negative
2993,United,negative,refund,positive
2994,United,negative,amazing,positive
2995,United,negative,hate,negative
2995,United,negative,annoyed,negative
2997,United,negative,stuck,negative
3001,United,negative,terrible,negative
3001,United,negative,terrible,negative
3002,United,negative,sucks,negative
3002,United,negative,shit,negative
3004,United,neutral,breakdown,negative
3006,United,negative,messed,negative
3006,United,negative,terrible,negative
3006,United,negative,disappointed,negative
3007,United,negative,joke,negative
3011,United,negative,wow,positive
3012,United,neutral,hug,positive
3013,United,negative,worst,negative
3014,United,negative,clean,positive
3014,United,negative,lovely,positive
3014,United,negative,lie,negative
3015,United,negative,delay,negative
3017,United,neutral,concerned,negative
3018,United,negative,guilty,negative
3020,United,negative,upset,negative
3020,United,negative,honest,positive
3021,United,positive,enjoyed,positive
3021,United,positive,missed,negative
3022,United,positive,accurate,positive
3023,United,negative,stuck,negative
3023,United,negative,upset,negative
3025,United,negative,honest,positive
3029,United,negative,helpful,positive
3029,United,negative,shrug,negative
3030,United,negative,funny,negative
3031,United,negative,inconvenience,negative
3034,United,negative,free,positive
3034,United,negative,lose,negative
3036,United,positive,compliment,positive
3039,United,neutral,correct,positive
3043,United,negative,mysteriously,negative
3044,United,negative,frustrated,negative
3045,United,negative,thinner,positive
3045,United,negative,jam,negative
3045,United,negative,happy,positive
3048,United,negative,glitch,negative
3049,United,positive,spite,negative
3049,United,positive,delay,negative
3049,United,positive,wonderful,positive
3050,United,negative,hard,negative
3050,United,negative,delayed,negative
3050,United,negative,issues,negative
3052,United,negative,miss,negative
3053,United,negative,worst,negative
3053,United,negative,rude,negative
3053,United,negative,delayed,negative
3053,United,negative,worse,negative
3054,United,negative,hell,negative
3054,United,negative,worst,negative
3055,United,negative,worst,negative
3058,United,negative,damage,negative
3058,United,negative,worst,negative
3058,United,negative,missed,negative
3059,United,negative,premier,positive
3059,United,negative,love,positive
3061,United,negative,disappointed,negative
3063,United,negative,unacceptable,negative
3065,United,negative,fail,negative
3065,United,negative,delaying,negative
3065,United,negative,miss,negative
3065,United,negative,unreal,positive
3066,United,negative,worst,negative
3066,United,negative,support,positive
3066,United,negative,nightmare,negative
3067,United,neutral,recommend,positive
3068,United,negative,delayed,negative
3068,United,negative,miss,negative
3069,United,negative,delayed,negative
3070,United,negative,impossible,negative
3071,United,positive,kudos,positive
3072,United,positive,awesome,positive
3073,United,negative,stuck,negative
3073,United,negative,fail,negative
3074,United,negative,despise,negative
3076,United,positive,amazing,positive
3076,United,positive,wonderful,positive
3077,United,negative,joke,negative
3079,United,negative,fantastic,positive
3079,United,negative,denied,negative
3080,United,negative,delay,negative
3080,United,negative,poor,negative
3080,United,negative,worse,negative
3080,United,negative,confrontational,negative
3080,United,negative,cool,positive
3081,United,negative,angry,negative
3081,United,negative,disappointed,negative
3083,United,negative,disappointed,negative
3084,United,neutral,dawn,positive
3085,United,negative,refund,positive
3085,United,negative,bad,negative
3086,United,positive,wonderful,positive
3088,United,negative,rectify,positive
3088,United,negative,complaints,negative
3089,United,positive,beautiful,positive
3090,United,negative,top,positive
3092,United,negative,faster,positive
3093,United,neutral,impressed,positive
3095,United,negative,delay,negative
3095,United,negative,rude,negative
3095,United,negative,reclaim,positive
3095,United,negative,inefficient,negative
3096,United,negative,worst,negative
3096,United,negative,angry,negative
3096,United,negative,drunk,negative
3099,United,negative,trust,positive
3100,United,negative,unfortunate,negative
3100,United,negative,bad,negative
3100,United,negative,luck,positive
3100,United,negative,issue,negative
3101,United,negative,shame,negative
3101,United,negative,absurd,negative
3102,United,negative,bad,negative
3103,United,negative,lousy,negative
3104,United,positive,appreciated,positive
3105,United,negative,transparent,positive
3107,United,negative,dying,negative
3107,United,negative,shameful,negative
3108,United,neutral,impending,negative
3109,United,negative,dissatisfaction,negative
3110,United,positive,prompt,positive
3110,United,positive,helpful,positive
3110,United,positive,courteous,positive
3111,United,negative,dissatisfaction,negative
3112,United,negative,die,negative
3115,United,negative,uncaring,negative
3115,United,negative,helpful,positive
3117,United,negative,inexcusable,negative
3118,United,positive,upgraded,positive
3121,United,negative,happy,positive
3121,United,negative,worst,negative
3122,United,negative,delays,negative
3123,United,negative,fib,negative
3123,United,negative,honest,positive
3127,United,negative,rapid,positive
3127,United,negative,wonderful,positive
3128,United,negative,mess,negative
3129,United,negative,delayed,negative
3129,United,negative,frustrating,negative
3129,United,negative,unable,negative
3129,United,negative,decent,positive
3131,United,positive,awesome,positive
3133,United,negative,bug,negative
3136,United,negative,delay,negative
3136,United,negative,delay,negative
3136,United,negative,unacceptable,negative
3136,United,negative,blame,negative
3139,United,positive,awesome,positive
3142,United,negative,bs,negative
3143,United,positive,fave,positive
3144,United,negative,honest,positive
3148,United,neutral,delays,negative
3149,United,neutral,redeem,positive
3150,United,negative,bad,negative
3157,United,negative,nice,positive
3157,United,negative,humor,positive
3157,United,negative,safely,positive
3158,United,neutral,soft,positive
3160,United,negative,helped,positive
3162,United,negative,delay,negative
3162,United,negative,issue,negative
3163,United,negative,ruining,negative
3163,United,negative,delayed,negative
3164,United,negative,unknown,negative
3164,United,negative,tolerable,positive
3166,United,negative,losing,negative
3166,United,negative,trust,positive
3168,United,positive,kudos,positive
3168,United,positive,excellent,positive
3171,United,negative,delayed,negative
3171,United,negative,missed,negative
3171,United,negative,breakup,negative
3172,United,negative,complaint,negative
3173,United,negative,cool,positive
3174,United,negative,freaking,negative
3174,United,negative,worthless,negative
3174,United,negative,hate,negative
3175,United,negative,shameful,negative
3176,United,negative,missed,negative
3176,United,negative,shameful,negative
3177,United,neutral,premier,positive
3178,United,negative,fantastic,positive
3178,United,negative,delayed,negative
3181,United,neutral,spook,negative
3181,United,neutral,scare,negative
3182,United,negative,missed,negative
3182,United,negative,delayed,negative
3186,United,negative,stuck,negative
3187,United,negative,bad,negative
3187,United,negative,aweful,negative
3187,United,negative,disappointed,negative
3188,United,negative,freezing,negative
3190,United,negative,progress,positive
3191,United,negative,nice,positive
3192,United,negative,poor,negative
3192,United,negative,ridiculous,negative
3193,United,negative,cold,negative
3194,United,negative,broke,negative
3194,United,negative,refuses,negative
3196,United,negative,freezing,negative
3196,United,negative,crappy,negative
3198,United,negative,bad,negative
3198,United,negative,waste,negative
3199,United,positive,lost,negative
3201,United,neutral,cleared,positive
3202,United,negative,delayed,negative
3203,United,negative,timely,positive
3203,United,negative,delayed,negative
3203,United,negative,awful,negative
3205,United,negative,missed,negative
3206,United,negative,valuable,positive
3206,United,negative,hard,negative
3206,United,negative,nice,positive
3207,United,negative,worst,negative
3207,United,negative,denied,negative
3207,United,negative,hard,negative
3208,United,negative,wrong,negative
3209,United,negative,bad,negative
3209,United,negative,delayed,negative
3209,United,negative,delay,negative
3211,United,negative,delayed,negative
3212,United,neutral,cheap,negative
3214,United,negative,embarrassing,negative
3216,United,negative,cheaper,positive
3216,United,negative,unhappy,negative
3216,United,negative,ripoff,negative
3217,United,negative,properly,positive
3220,United,negative,delayed,negative
3220,United,negative,delayed,negative
3220,United,negative,delayed,negative
3220,United,negative,ready,positive
3220,United,negative,ready,positive
3221,United,negative,award,positive
3222,United,neutral,premier,positive
3223,United,negative,falls,negative
3223,United,negative,painful,negative
3226,United,negative,delayed,negative
3229,United,negative,crazy,negative
3230,United,negative,delay,negative
3230,United,negative,delay,negative
3230,United,negative,delays,negative
3231,United,negative,delay,negative
3231,United,negative,mess,negative
3232,United,negative,cloud,negative
3232,United,negative,delayed,negative
3232,United,negative,delays,negative
3233,United,negative,worse,negative
3233,United,negative,delayed,negative
3234,United,negative,top,positive
3236,United,negative,stuck,negative
3236,United,negative,failure,negative
3239,United,negative,delay,negative
3239,United,negative,break,negative
3241,United,negative,illiterate,negative
3241,United,negative,magic,positive
3242,United,negative,worst,negative
3242,United,negative,nasty,negative
3242,United,negative,delayed,negative
3242,United,negative,broken,negative
3244,United,negative,confused,negative
3244,United,negative,delays,negative
3245,United,positive,wonderful,positive
3245,United,positive,lost,negative
3246,United,negative,broken,negative
3246,United,negative,miss,negative
3248,United,neutral,fun,positive
3249,United,negative,lost,negative
3251,United,negative,downgrade,negative
3252,United,negative,broken,negative
3254,United,positive,funny,negative
3255,United,negative,broken,negative
3257,United,positive,issue,negative
3259,United,negative,swindle,negative
3261,United,negative,refund,positive
3262,United,negative,regret,negative
3263,United,negative,disappoint,negative
3263,United,negative,fail,negative
3264,United,negative,wasted,negative
3266,United,negative,slower,negative
3268,United,negative,wasting,negative
3268,United,negative,frustrated,negative
3271,United,negative,sucks,negative
3272,United,negative,delays,negative
3272,United,negative,issues,negative
3272,United,negative,falling,negative
3273,United,negative,capable,positive
3274,United,negative,delayed,negative
3274,United,negative,frustrating,negative
3275,United,negative,impatience,negative
3275,United,negative,untruthful,negative
3275,United,negative,proper,positive
3277,United,positive,appreciated,positive
3280,United,positive,fair,positive
3280,United,positive,rant,negative
3282,United,negative,hard,negative
3282,United,negative,worse,negative
3284,United,positive,happy,positive
3285,United,negative,friendly,positive
3288,United,negative,promise,positive
3288,United,negative,fun,positive
3292,United,negative,delayed,negative
3292,United,negative,trouble,negative
3294,United,positive,positive,positive
3294,United,positive,delay,negative
3296,United,positive,strong,positive
3297,United,negative,delayed,negative
3298,United,positive,disregard,negative
3299,United,positive,excited,positive
3299,United,positive,woo,positive
3300,United,negative,joke,negative
3301,United,negative,concerned,negative
3302,United,positive,perfect,positive
3303,United,negative,complaining,negative
3304,United,negative,smiling,positive
3305,United,negative,worst,negative
3305,United,negative,delays,negative
3305,United,negative,loses,negative
3305,United,negative,top,positive
3306,United,neutral,delay,negative
3307,United,negative,prefer,positive
3307,United,negative,complaints,negative
3308,United,negative,bother,negative
3310,United,negative,worst,negative
3310,United,negative,premier,positive
3312,United,negative,bad,negative
3314,United,neutral,rude,negative
3315,United,negative,hung,negative
3317,United,negative,delaying,negative
3317,United,negative,horrible,negative
3320,United,negative,atrocious,negative
3324,United,neutral,issue,negative
3325,United,negative,denied,negative
3325,United,negative,hung,negative
3326,United,negative,disgusting,negative
3327,United,negative,wasted,negative
3329,United,neutral,elite,positive
3338,United,positive,cool,positive
3341,United,positive,pleasantly,positive
3341,United,positive,friendly,positive
3341,United,positive,love,positive
3343,United,negative,rude,negative
3343,United,negative,grouchy,negative
3343,United,negative,lousy,negative
3345,United,negative,delayed,negative
3345,United,negative,delays,negative
3348,United,negative,lost,negative
3352,United,neutral,cool,positive
3352,United,neutral,chill,negative
3355,United,negative,shame,negative
3357,United,negative,flexibility,positive
3357,United,negative,compassion,positive
3358,United,negative,incorrect,negative
3362,United,negative,wasting,negative
3364,United,negative,support,positive
3365,United,negative,refund,positive
3366,United,negative,delay,negative
3371,United,negative,delayed,negative
3374,United,neutral,refunded,positive
3378,United,negative,lost,negative
3384,United,negative,delayed,negative
3385,United,negative,freaking,negative
3385,United,negative,frustrated,negative
3387,United,negative,denied,negative
3388,United,neutral,complain,negative
3388,United,neutral,refund,positive
3391,United,neutral,pricey,negative
3392,United,negative,awful,negative
3395,United,neutral,superior,positive
3396,United,negative,cloud,negative
3397,United,positive,promptly,positive
3399,United,neutral,death,negative
3401,United,negative,crash,negative
3401,United,negative,consistently,positive
3401,United,negative,crashes,negative
3402,United,negative,abused,negative
3408,United,positive,excellent,positive
3408,United,positive,friendly,positive
3410,United,neutral,crashing,negative
3411,United,negative,delayed,negative
3412,United,negative,pretend,negative
3413,United,neutral,ailing,negative
3414,United,negative,greedy,negative
3414,United,negative,heartless,negative
3415,United,negative,lacking,negative
3417,United,negative,refund,positive
3418,United,negative,absurd,negative
3422,United,neutral,award,positive
3424,United,negative,delayed,negative
3424,United,negative,dumb,negative
3424,United,negative,delay,negative
3425,United,neutral,ailing,negative
3432,United,negative,disappointed,negative
3432,United,negative,delay,negative
3432,United,negative,cramped,negative
3433,United,negative,joke,negative
3433,United,negative,hang,negative
3434,United,negative,hung,negative
3435,United,positive,glad,positive
3437,United,positive,sweaty,negative
3437,United,positive,cold,negative
3438,United,negative,lost,negative
3439,United,neutral,supported,positive
3441,United,positive,super,positive
3441,United,positive,helpful,positive
3443,United,neutral,love,positive
3445,United,negative,loyal,positive
3448,United,positive,cheap,negative
3449,United,negative,premier,positive
3452,United,negative,correct,positive
3452,United,negative,incorrectly,negative
3457,United,negative,trick,negative
3457,United,negative,popular,positive
3457,United,negative,worst,negative
3458,United,negative,refund,positive
3460,United,negative,lost,negative
3462,United,negative,refund,positive
3462,United,negative,inconvenience,negative
3462,United,negative,missed,negative
3463,United,neutral,fans,positive
3464,United,neutral,fans,positive
3465,United,negative,delayed,negative
3468,United,neutral,incompetent,negative
3469,United,negative,losing,negative
3469,United,negative,idiots,negative
3469,United,negative,priceless,positive
3470,United,negative,furious,negative
3471,United,negative,hung,negative
3471,United,negative,hell,negative
3472,United,negative,unavailable,negative
3472,United,negative,errors,negative
3473,United,negative,obsolete,negative
3473,United,negative,promises,positive
3473,United,negative,free,positive
3475,United,neutral,concerned,negative
3481,United,negative,properly,positive
3483,United,negative,irritating,negative
3483,United,negative,unable,negative
3484,United,negative,delay,negative
3485,United,negative,stranger,negative
3487,United,negative,refund,positive
3487,United,negative,approve,positive
3488,United,neutral,error,negative
3490,United,negative,lost,negative
3491,United,negative,err,negative
3493,United,negative,appreciated,positive
3494,United,negative,helpful,positive
3494,United,negative,failed,negative
3494,United,negative,helpful,positive
3497,United,negative,miss,negative
3499,United,negative,complaint,negative
3500,United,negative,hell,negative
3501,United,negative,worried,negative
3501,United,negative,cold,negative
3501,United,negative,delay,negative
3502,United,negative,bad,negative
3503,United,neutral,refund,positive
3507,United,neutral,losing,negative
3508,United,positive,fine,positive
3511,United,negative,lied,negative
3511,United,negative,hung,negative
3512,United,positive,bumped,negative
3512,United,positive,love,positive
3513,United,negative,hung,negative
3520,United,negative,loses,negative
3520,United,negative,loses,negative
3521,United,negative,fine,positive
3521,United,negative,lost,negative
3524,United,negative,promised,positive
3525,United,negative,unacceptable,negative
3526,United,negative,unhappy,negative
3530,United,negative,discouraging,negative
3531,United,neutral,fresh,positive
3533,United,negative,unavailable,negative
3534,United,negative,error,negative
3536,United,negative,horrible,negative
3536,United,negative,miss,negative
3536,United,negative,respect,positive
3537,United,negative,disappointed,negative
3537,United,negative,rude,negative
3538,United,negative,sucks,negative
3538,United,negative,cheap,negative
3541,United,neutral,fresh,positive
3542,United,negative,threat,negative
3542,United,negative,sue,negative
3542,United,negative,free,positive
3544,United,negative,belligerent,negative
3544,United,negative,jerk,negative
3544,United,negative,ranting,negative
3544,United,negative,sue,negative
3545,United,negative,worst,negative
3545,United,negative,amazing,positive
3546,United,positive,helping,positive
3546,United,positive,amazing,positive
3546,United,positive,accomplished,positive
3549,United,neutral,favorite,positive
3550,United,negative,funny,negative
3550,United,negative,recommended,positive
3556,United,negative,delayed,negative
3556,United,negative,issues,negative
3558,United,negative,reward,positive
3559,United,positive,win,positive
3561,United,negative,complaint,negative
3562,United,neutral,delays,negative
3563,United,negative,horrific,negative
3564,United,positive,lifesaver,positive
3572,United,negative,illegal,negative
3572,United,negative,breach,negative
3573,United,negative,issues,negative
3573,United,negative,worth,positive
3573,United,negative,headache,negative
3575,United,neutral,premier,positive
3581,United,negative,conflict,negative
3581,United,negative,issue,negative
3582,United,negative,lost,negative
3585,United,negative,pretty,positive
3586,United,negative,delayed,negative
3586,United,negative,miss,negative
3588,United,negative,hung,negative
3588,United,negative,upset,negative
3593,United,negative,despicable,negative
3594,United,negative,stuck,negative
3595,United,negative,funny,negative
3596,United,positive,easiest,positive
3596,United,positive,woo,positive
3597,United,neutral,redeem,positive
3599,United,negative,lying,negative
3599,United,negative,broken,negative
3599,United,negative,classy,positive
3600,United,negative,break,negative
3600,United,negative,delayed,negative
3602,United,neutral,worth,positive
3604,United,negative,delayed,negative
3606,United,negative,delay,negative
3606,United,negative,delayed,negative
3607,United,positive,love,positive
3608,United,neutral,premier,positive
3611,United,negative,worst,negative
3611,United,negative,lost,negative
3613,United,negative,fail,negative
3613,United,negative,frustrated,negative
3615,United,negative,screwed,negative
3615,United,negative,innovation,positive
3617,United,negative,negative,negative
3617,United,negative,wasting,negative
3618,United,positive,awesome,positive
3618,United,positive,bright,positive
3618,United,positive,vibrant,positive
3619,United,positive,worries,negative
3625,United,negative,simplify,positive
3626,United,positive,fantastic,positive
3630,United,neutral,nice,positive
3631,United,negative,expired,negative
3632,United,negative,stall,negative
3635,United,negative,worst,negative
3635,United,negative,lost,negative
3635,United,negative,delayed,negative
3638,United,positive,favorite,positive
3638,United,positive,magic,positive
3639,United,positive,wonderful,positive
3640,United,positive,excellent,positive
3642,United,positive,exceptional,positive
3645,United,neutral,worries,negative
3647,United,neutral,delayed,negative
3648,United,neutral,cool,positive
3650,United,neutral,delayed,negative
3652,United,neutral,complain,negative
3654,United,negative,lost,negative
3659,United,positive,peace,positive
3660,United,positive,funny,negative
3660,United,positive,worries,negative
3661,United,negative,concerns,negative
3661,United,negative,improve,positive
3661,United,negative,poor,negative
3662,United,negative,shocked,negative
3664,United,negative,enjoyable,positive
3664,United,negative,stuck,negative
3666,United,positive,appreciated,positive
3676,United,negative,frustrated,negative
3676,United,negative,promised,positive
3677,United,negative,love,positive
3677,United,negative,delayed,negative
3677,United,negative,delayed,negative
3679,United,negative,unhappy,negative
3679,United,negative,delayed,negative
3680,United,neutral,redeem,positive
3683,United,negative,top,positive
3683,United,negative,delays,negative
3685,United,negative,understandable,positive
3685,United,negative,delayed,negative
3685,United,negative,crazy,negative
3686,United,positive,faster,positive
3689,United,neutral,understandable,positive
3690,United,positive,awesome,positive
3692,United,negative,correct,positive
3693,United,negative,missed,negative
3693,United,negative,nonexistent,negative
3693,United,negative,hurt,negative
3698,United,negative,insufficient,negative
3699,United,negative,fun,positive
3699,United,negative,sick,negative
3700,United,positive,blame,negative
3701,United,negative,funny,negative
3703,United,negative,annoying,negative
3704,United,neutral,patiently,positive
3705,United,negative,blame,negative
3705,United,negative,drunk,negative
3705,United,negative,overpriced,negative
3706,United,negative,frustrated,negative
3707,United,negative,patient,positive
3707,United,negative,luxurious,positive
3707,United,negative,delayed,negative
3708,United,negative,patient,positive
3710,United,negative,patient,positive
3710,United,negative,bad,negative
3712,United,neutral,tough,positive
3712,United,neutral,complaint,negative
3714,United,negative,patient,positive
3714,United,negative,refused,negative
3715,United,negative,error,negative
3717,United,negative,delay,negative
3719,United,negative,frustrated,negative
3719,United,negative,patience,positive
3719,United,negative,lovely,positive
3721,United,negative,sad,negative
3722,United,negative,creative,positive
3723,United,positive,pretty,positive
3723,United,positive,nice,positive
3726,United,negative,beneficial,positive
3726,United,negative,loyal,positive
3727,United,negative,blah,negative
3727,United,negative,blah,negative
3727,United,negative,blah,negative
3730,United,positive,love,positive
3732,United,negative,issues,negative
3732,United,negative,hates,negative
3736,United,negative,gold,positive
3737,United,negative,frozen,negative
3738,United,positive,fantastic,positive
3738,United,positive,jam,negative
3738,United,positive,wonderful,positive
3739,United,negative,fail,negative
3742,United,positive,heaven,positive
3743,United,negative,poor,negative
3743,United,negative,cry,negative
3745,United,negative,miss,negative
3745,United,negative,delay,negative
3750,United,negative,stunned,positive
3754,United,positive,helpful,positive
3755,United,negative,delayed,negative
3756,United,negative,guarantee,positive
3756,United,negative,honor,positive
3757,United,negative,delayed,negative
3757,United,negative,upset,negative
3757,United,negative,disappointed,negative
3760,United,negative,frustrating,negative
3762,United,negative,delayed,negative
3764,United,negative,lost,negative
3764,United,negative,absurd,negative
3766,United,negative,delayed,negative
3768,United,negative,ridiculous,negative
3769,United,negative,nonexistent,negative
3770,United,negative,lost,negative
3771,United,positive,sweet,positive
3773,United,positive,delayed,negative
3775,United,negative,refused,negative
3775,United,negative,fail,negative
3776,United,negative,lost,negative
3777,United,neutral,dispute,negative
3778,United,negative,promised,positive
3778,United,negative,free,positive
3779,United,negative,nice,positive
3779,United,negative,delays,negative
3782,United,negative,worst,negative
3784,United,negative,delayed,negative
3786,United,neutral,bonus,positive
3787,United,negative,trust,positive
3790,United,negative,miss,negative
3791,United,negative,incredibly,positive
3791,United,negative,loud,negative
3793,United,positive,amazing,positive
3795,United,positive,stellar,positive
3796,United,negative,friendly,positive
3797,United,negative,warm,positive
3797,United,negative,delayed,negative
3797,United,negative,frozen,negative
3798,United,negative,lose,negative
3799,United,positive,nicest,positive
3799,United,positive,delays,negative
3799,United,positive,pleasant,positive
3800,United,negative,delay,negative
3800,United,negative,killing,negative
3801,United,negative,confident,positive
3801,United,negative,wrong,negative
3802,United,neutral,awesome,positive
3803,United,negative,grand,positive
3804,United,negative,refund,positive
3806,United,negative,confuses,negative
3807,United,negative,benefits,positive
3809,United,negative,crap,negative
3810,United,negative,nice,positive
3812,United,negative,premier,positive
3813,United,negative,hate,negative
3813,United,negative,ridiculous,negative
3813,United,negative,inflexible,negative
3814,United,negative,bad,negative
3816,United,positive,odd,negative
3818,United,negative,comfort,positive
3818,United,negative,fine,positive
3819,United,negative,honest,positive
3820,United,negative,delays,negative
3820,United,negative,cool,positive
3821,United,negative,deter,negative
3822,United,negative,worth,positive
3824,United,negative,hard,negative
3824,United,negative,impossible,negative
3825,United,positive,amazing,positive
3829,United,negative,damn,negative
3830,United,positive,weird,negative
3833,United,negative,bitch,negative
3836,United,negative,lack,negative
3836,United,negative,astounding,positive
3838,United,negative,free,positive
3839,United,negative,helpless,negative
3841,United,negative,bad,negative
3844,United,negative,fail,negative
3846,United,positive,worries,negative
3846,United,positive,bad,negative
3847,United,negative,excuse,negative
3847,United,negative,terrible,negative
3849,United,negative,dreadful,negative
3849,United,negative,pretend,negative
3850,United,negative,refund,positive
3851,United,negative,complaint,negative
3852,United,negative,breaking,negative
3854,United,neutral,burn,negative
3855,United,negative,worst,negative
3856,United,negative,free,positive
3857,United,neutral,stuck,negative
3859,United,neutral,fail,negative
3859,United,neutral,breaks,negative
3860,United,neutral,love,positive
3861,United,neutral,cheaper,positive
3862,United,negative,regard,positive
3862,United,negative,frustrated,negative
3863,United,negative,hard,negative
3865,United,negative,lost,negative
3866,United,negative,died,negative
3868,United,negative,disappointed,negative
3868,United,negative,appalling,negative
3871,United,positive,helped,positive
3872,United,negative,delayed,negative
3872,United,negative,frozen,negative
3872,United,negative,fail,negative
3873,United,negative,delayed,negative
3873,United,negative,missed,negative
3873,United,negative,issues,negative
3876,United,negative,irritating,negative
3877,United,negative,wasted,negative
3877,United,negative,precious,positive
3877,United,negative,bad,negative
3877,United,negative,frightening,negative
3880,United,negative,awful,negative
3884,United,negative,delayed,negative
3884,United,negative,rude,negative
3886,United,negative,terrible,negative
3887,United,positive,dope,negative
3888,United,negative,hell,negative
3890,United,negative,ridiculous,negative
3891,United,negative,bother,negative
3895,United,negative,fail,negative
3898,United,negative,rude,negative
3898,United,negative,lose,negative
3901,United,neutral,recommended,positive
3902,United,negative,masters,positive
3902,United,negative,helpful,positive
3903,United,positive,cool,positive
3906,United,negative,funny,negative
3906,United,negative,stuck,negative
3907,United,negative,joke,negative
3908,United,negative,delayed,negative
3908,United,negative,super,positive
3908,United,negative,frustrating,negative
3911,United,neutral,fortunately,positive
3914,United,negative,refund,positive
3915,United,negative,shoddy,negative
3918,United,neutral,sucks,negative
3918,United,neutral,love,positive
3921,United,negative,crappy,negative
3927,United,positive,delayed,negative
3929,United,negative,inadequate,negative
3929,United,negative,fault,negative
3930,United,negative,killing,negative
3930,United,negative,worst,negative
3931,United,negative,failed,negative
3932,United,negative,odd,negative
3932,United,negative,complaint,negative
3933,United,negative,pretty,positive
3934,United,negative,wrong,negative
3935,United,negative,crap,negative
3940,United,negative,honored,positive
3940,United,negative,disappointing,negative
3942,United,negative,lost,negative
3943,United,negative,lies,negative
3944,United,negative,bad,negative
3946,United,negative,delayed,negative
3947,United,negative,premier,positive
3948,United,negative,unavailable,negative
3950,United,negative,cranky,negative
3953,United,negative,disappointed,negative
3953,United,negative,horrible,negative
3955,United,negative,restructured,positive
3955,United,negative,winning,positive
3957,United,negative,missed,negative
3957,United,negative,wrong,negative
3957,United,negative,tired,negative
3958,United,negative,promised,positive
3958,United,negative,mess,negative
3962,United,negative,freaking,negative
3965,United,negative,headaches,negative
3966,United,negative,lose,negative
3971,United,negative,issue,negative
3972,United,negative,delay,negative
3974,United,positive,mad,negative
3974,United,positive,helpful,positive
3977,United,negative,ugh,negative
3977,United,negative,promised,positive
3981,United,negative,issues,negative
3982,United,positive,delayed,negative
3984,United,negative,ruined,negative
3984,United,negative,lost,negative
3984,United,negative,failed,negative
3985,United,negative,top,positive
3986,United,negative,amazing,positive
3987,United,negative,lost,negative
3989,United,negative,stuck,negative
3989,United,negative,faults,negative
3990,United,negative,isolate,negative
3991,United,negative,stuck,negative
3991,United,negative,poor,negative
3992,United,negative,pleasant,positive
3993,United,negative,hard,negative
3994,United,negative,tired,negative
3994,United,negative,rude,negative
3995,United,negative,rude,negative
3996,United,negative,lost,negative
3996,United,negative,rude,negative
3997,United,positive,fantastic,positive
3997,United,positive,helping,positive
3997,United,positive,lost,negative
3998,United,negative,lovely,positive
3999,United,positive,hassle,negative
4001,United,negative,humiliating,negative
4002,United,negative,benefit,positive
4002,United,negative,correct,positive
4002,United,negative,atrocious,negative
4003,United,negative,remedy,positive
4004,United,negative,broken,negative
4004,United,negative,refund,positive
4005,United,negative,issue,negative
4008,United,negative,bother,negative
4008,United,negative,worst,negative
4010,United,negative,free,positive
4010,United,negative,poor,negative
4010,United,negative,disregard,negative
4011,United,negative,messed,negative
4011,United,negative,refuse,negative
4011,United,negative,fault,negative
4011,United,negative,delay,negative
4011,United,negative,disgusting,negative
4012,United,negative,delay,negative
4014,United,positive,fresh,positive
4015,United,negative,ugh,negative
4017,United,negative,denied,negative
4019,United,negative,shady,negative
4019,United,negative,refuse,negative
4020,United,negative,hung,negative
4021,United,negative,issues,negative
4021,United,negative,undetermined,negative
4025,United,positive,gold,positive
4026,United,positive,super,positive
4026,United,positive,helpful,positive
4026,United,positive,excellent,positive
4030,United,neutral,quiet,positive
4032,United,negative,issues,negative
4033,United,negative,fine,positive
4034,United,negative,unreal,positive
4037,United,negative,issues,negative
4037,United,negative,delay,negative
4037,United,negative,refused,negative
4038,United,neutral,delay,negative
4040,United,negative,lousy,negative
4042,United,positive,nice,positive
4043,United,negative,vomit,negative
4044,United,negative,amazing,positive
4044,United,negative,hard,negative
4045,United,negative,fair,positive
4045,United,negative,stinks,negative
4047,United,negative,suck,negative
4047,United,negative,delay,negative
4049,United,negative,rant,negative
4049,United,negative,delayed,negative
4049,United,negative,delayed,negative
4049,United,negative,love,positive
4051,United,positive,rough,negative
4051,United,positive,bad,negative
4052,United,negative,rude,negative
4052,United,negative,delay,negative
4052,United,negative,helped,positive
4052,United,negative,wise,positive
4053,United,negative,useless,negative
4054,United,positive,awesome,positive
4054,United,positive,damn,negative
4054,United,positive,fast,positive
4054,United,positive,hell,negative
4056,United,negative,love,positive
4057,United,negative,unbelievable,negative
4057,United,negative,hypocrisy,negative
4058,United,positive,nice,positive
4059,United,positive,amazing,positive
4060,United,negative,top,positive
4060,United,negative,hung,negative
4061,United,negative,worse,negative
4062,United,negative,terrible,negative
4062,United,negative,inconvenience,negative
4064,United,negative,broken,negative
4067,United,negative,delayed,negative
4068,United,negative,disappointed,negative
4068,United,negative,refund,positive
4068,United,negative,unacceptable,negative
4069,United,negative,secure,positive
4070,United,neutral,refund,positive
4071,United,neutral,love,positive
4072,United,negative,cheated,negative
4072,United,negative,commitment,positive
4073,United,negative,refunded,positive
4074,United,negative,shit,negative
4076,United,negative,delayed,negative
4079,United,positive,super,positive
4079,United,positive,easy,positive
4080,United,negative,support,positive
4081,United,negative,broken,negative
4083,United,negative,delay,negative
4083,United,negative,helpful,positive
4084,United,negative,broke,negative
4085,United,negative,friendly,positive
4085,United,negative,delay,negative
4085,United,negative,delay,negative
4086,United,negative,rude,negative
4086,United,negative,disgusted,negative
4088,United,negative,poor,negative
4089,United,negative,friendly,positive
4089,United,negative,helpful,positive
4089,United,negative,worst,negative
4091,United,neutral,guarantee,positive
4093,United,negative,hypocrisy,negative
4093,United,negative,refund,positive
4094,United,negative,delay,negative
4096,United,negative,delayed,negative
4096,United,negative,miss,negative
4097,United,negative,refund,positive
4097,United,negative,refund,positive
4098,United,negative,safe,positive
4100,United,negative,refund,positive
4102,United,negative,bad,negative
4103,United,negative,lose,negative
4104,United,negative,miss,negative
4104,United,negative,stuck,negative
4107,United,negative,hard,negative
4107,United,negative,delayed,negative
4108,United,negative,broke,negative
4108,United,negative,broke,negative
4112,United,negative,classic,positive
4113,United,positive,super,positive
4113,United,positive,pleased,positive
4117,United,negative,ripped,negative
4117,United,negative,excellent,positive
4120,United,negative,helpful,positive
4121,United,negative,issues,negative
4125,United,negative,wasted,negative
4127,United,negative,stuck,negative
4127,United,negative,issues,negative
4127,United,negative,fail,negative
4128,United,negative,hypocrisy,negative
4128,United,negative,bad,negative
4128,United,negative,advantage,positive
4130,United,negative,useless,negative
4130,United,negative,joke,negative
4132,United,neutral,disaster,negative
4133,United,negative,ashamed,negative
4134,United,negative,crappy,negative
4134,United,negative,support,positive
4136,United,negative,missed,negative
4136,United,negative,missed,negative
4138,United,positive,frustrated,negative
4138,United,positive,amazing,positive
4140,United,neutral,dark,negative
4140,United,neutral,bumped,negative
4141,United,negative,miss,negative
4143,United,negative,refund,positive
4145,United,negative,bad,negative
4145,United,negative,refund,positive
4145,United,negative,penalty,negative
4146,United,negative,ridiculous,negative
4147,United,negative,decency,positive
4148,United,negative,issue,negative
4148,United,negative,missed,negative
4148,United,negative,concern,negative
4149,United,negative,nice,positive
4149,United,negative,upgraded,positive
4149,United,negative,delayed,negative
4150,United,neutral,elite,positive
4151,United,neutral,fave,positive
4154,United,neutral,disloyal,negative
4154,United,neutral,loyal,positive
4160,United,positive,speedy,positive
4160,United,positive,fine,positive
4161,United,negative,worst,negative
4162,United,negative,complaint,negative
4163,United,negative,loved,positive
4164,United,negative,furious,negative
4164,United,negative,disgrace,negative
4164,United,negative,protect,positive
4165,United,positive,holy,positive
4165,United,positive,insanely,negative
4165,United,positive,fast,positive
4166,United,negative,obnoxious,negative
4166,United,negative,disaster,negative
4167,United,neutral,creative,positive
4168,United,negative,delays,negative
4168,United,negative,slow,negative
4168,United,negative,terrific,positive
4169,United,negative,hate,negative
4170,United,positive,timely,positive
4173,United,negative,disgrace,negative
4173,United,negative,luck,positive
4175,United,negative,loyal,positive
4175,United,negative,loyal,positive
4179,United,negative,super,positive
4180,United,negative,fave,positive
4181,United,negative,disappointed,negative
4183,United,neutral,wrong,negative
4184,United,negative,gross,negative
4187,United,negative,horrible,negative
4187,United,negative,poor,negative
4187,United,negative,horrible,negative
4190,United,negative,priceless,positive
4190,United,negative,safe,positive
4194,United,negative,expired,negative
4195,United,negative,missed,negative
4199,United,positive,yay,positive
4200,United,negative,disgusting,negative
4201,United,positive,awesome,positive
4203,United,negative,downgrade,negative
4206,United,negative,refunded,positive
4206,United,negative,refunded,positive
4213,United,negative,lack,negative
4214,United,negative,stuck,negative
4214,United,negative,ridiculous,negative
4220,United,negative,unhelpful,negative
4221,United,negative,worse,negative
4223,United,negative,incredibly,positive
4223,United,negative,rude,negative
4223,United,negative,delay,negative
4223,United,negative,rude,negative
4224,United,negative,failure,negative
4225,United,negative,error,negative
4226,United,negative,failing,negative
4226,United,negative,pathetic,negative
4227,United,negative,issues,negative
4227,United,negative,delayed,negative
4227,United,negative,miss,negative
4228,United,neutral,junk,negative
4229,United,negative,success,positive
4231,United,negative,delayed,negative
4234,United,negative,super,positive
4234,United,negative,frustrating,negative
4234,United,negative,honoring,positive
4237,United,negative,unhelpful,negative
4237,United,negative,rude,negative
4238,United,negative,issue,negative
4238,United,negative,rude,negative
4238,United,negative,unhelpful,negative
4241,United,negative,refused,negative
4241,United,negative,refused,negative
4242,United,positive,fabulous,positive
4243,United,negative,lost,negative
4243,United,negative,refund,positive
4244,United,negative,hate,negative
4247,United,positive,warm,positive
4248,United,negative,refund,positive
4248,United,negative,error,negative
4249,United,negative,lose,negative
4250,United,negative,delay,negative
4250,United,negative,wow,positive
4251,United,neutral,bizarre,negative
4253,United,negative,broken,negative
4254,United,positive,superior,positive
4255,United,negative,delayed,negative
4255,United,negative,issues,negative
4255,United,negative,delayed,negative
4256,United,neutral,refund,positive
4257,United,negative,delayed,negative
4258,United,negative,fast,positive
4258,United,negative,excuse,negative
4258,United,negative,awful,negative
4259,United,positive,thankful,positive
4260,United,negative,delayed,negative
4260,United,negative,refused,negative
4262,United,negative,miserable,negative
4262,United,negative,lost,negative
4262,United,negative,lost,negative
4263,United,negative,fault,negative
4264,United,negative,sucks,negative
4266,United,negative,stuck,negative
4270,United,neutral,winners,positive
4270,United,neutral,losers,negative
4270,United,neutral,loyalty,positive
4271,United,positive,delight,positive
4271,United,positive,terrible,negative
4273,United,negative,denied,negative
4274,United,negative,delay,negative
4275,United,neutral,frustrating,negative
4275,United,neutral,patience,positive
4276,United,neutral,cheaper,positive
4276,United,neutral,pretty,positive
4276,United,neutral,pricey,negative
4277,United,negative,damages,negative
4279,United,negative,fine,positive
4280,United,neutral,improvements,positive
4281,United,positive,pleasantly,positive
4282,United,negative,brilliant,positive
4284,United,negative,hate,negative
4285,United,negative,split,negative
4285,United,negative,frustrating,negative
4286,United,positive,worries,negative
4286,United,positive,friendly,positive
4287,United,positive,thankful,positive
4290,United,negative,prefer,positive
4292,United,negative,disorganized,negative
4292,United,negative,inefficient,negative
4292,United,negative,unhappy,negative
4294,United,neutral,mistake,negative
4294,United,neutral,complain,negative
4295,United,negative,gold,positive
4295,United,negative,miss,negative
4295,United,negative,happy,positive
4298,United,positive,comfortable,positive
4298,United,positive,difficult,negative
4298,United,positive,proficient,positive
4298,United,positive,enjoyable,positive
4300,United,negative,delay,negative
4300,United,negative,proactive,positive
4301,United,negative,bad,negative
4302,United,negative,refund,positive
4305,United,negative,insufficient,negative
4306,United,negative,thrilled,positive
4306,United,negative,nasty,negative
4307,United,negative,bully,negative
4307,United,negative,inspiration,positive
4308,United,negative,ridiculous,negative
4308,United,negative,torture,negative
4310,United,negative,broken,negative
4310,United,negative,terrible,negative
4310,United,negative,complaint,negative
4310,United,negative,hopeless,negative
4312,United,negative,fault,negative
4313,United,positive,amazing,positive
4313,United,positive,nice,positive
4314,United,neutral,confused,negative
4315,United,negative,worst,negative
4315,United,negative,delayed,negative
4315,United,negative,helpful,positive
4315,United,negative,misfortune,negative
4320,United,negative,benefit,positive
4323,United,negative,delays,negative
4324,United,negative,nicer,positive
4328,Southwest,negative,happy,positive
4328,Southwest,negative,happy,positive
4328,Southwest,negative,easy,positive
4331,Southwest,negative,frustrated,negative
4332,Southwest,negative,losing,negative
4333,Southwest,negative,rude,negative
4333,Southwest,negative,unhelpful,negative
4333,Southwest,negative,easy,positive
4334,Southwest,negative,bumped,negative
4335,Southwest,negative,delayed,negative
4335,Southwest,negative,upset,negative
4337,Southwest,positive,love,positive
4340,Southwest,neutral,snagging,negative
4341,Southwest,negative,poor,negative
4341,Southwest,negative,leverage,positive
4341,Southwest,negative,bullshit,negative
4343,Southwest,neutral,emergency,negative
4345,Southwest,neutral,ding,negative
4348,Southwest,positive,sweetheart,positive
4348,Southwest,positive,miss,negative
4350,Southwest,neutral,suicide,negative
4350,Southwest,neutral,leading,positive
4350,Southwest,neutral,death,negative
4353,Southwest,positive,luck,positive
4354,Southwest,negative,rude,negative
4355,Southwest,neutral,promise,positive
4357,Southwest,negative,delayed,negative
4358,Southwest,positive,smoothly,positive
4359,Southwest,negative,issues,negative
4359,Southwest,negative,rough,negative
4359,Southwest,negative,worst,negative
4361,Southwest,negative,concern,negative
4363,Southwest,negative,inconvenience,negative
4366,Southwest,negative,issue,negative
4368,Southwest,negative,ridiculous,negative
4371,Southwest,positive,awesome,positive
4371,Southwest,positive,sweetheart,positive
4371,Southwest,positive,screwed,negative
4371,Southwest,positive,scramble,negative
4373,Southwest,positive,masters,positive
4375,Southwest,negative,upset,negative
4375,Southwest,negative,damaged,negative
4375,Southwest,negative,rude,negative
4378,Southwest,positive,enjoy,positive
4378,Southwest,positive,free,positive
4379,Southwest,positive,favorite,positive
4380,Southwest,negative,hell,negative
4380,Southwest,negative,properly,positive
4381,Southwest,negative,sucks,negative
4382,Southwest,neutral,delayed,negative
4382,Southwest,neutral,miss,negative
4385,Southwest,negative,delayed,negative
4385,Southwest,negative,stress,negative
4385,Southwest,negative,fail,negative
4386,Southwest,negative,lose,negative
4389,Southwest,negative,unable,negative
4390,Southwest,negative,perfectly,positive
4390,Southwest,negative,screwed,negative
4391,Southwest,neutral,free,positive
4393,Southwest,negative,bad,negative
4395,Southwest,negative,ugh,negative
4395,Southwest,negative,inexcusable,negative
4398,Southwest,negative,horrible,negative
4401,Southwest,negative,respect,positive
4401,Southwest,negative,dignity,positive
4401,Southwest,negative,fail,negative
4402,Southwest,negative,redeem,positive
4404,Southwest,negative,faster,positive
4406,Southwest,negative,brutal,negative
4407,Southwest,negative,delay,negative
4407,Southwest,negative,safe,positive
4408,Southwest,positive,satisfied,positive
4409,Southwest,negative,expired,negative
4410,Southwest,negative,rapid,positive
4410,Southwest,negative,disappointed,negative
4411,Southwest,negative,freezing,negative
4412,Southwest,negative,screwed,negative
4412,Southwest,negative,horrible,negative
4414,Southwest,negative,bumping,negative
4415,Southwest,negative,issue,negative
4415,Southwest,negative,fine,positive
4416,Southwest,negative,tired,negative
4416,Southwest,negative,stuck,negative
4416,Southwest,negative,inexcusable,negative
4417,Southwest,negative,lost,negative
4418,Southwest,negative,solid,positive
4419,Southwest,negative,delay,negative
4419,Southwest,negative,reliable,positive
4420,Southwest,negative,consistent,positive
4420,Southwest,negative,delays,negative
4421,Southwest,negative,horrid,negative
4421,Southwest,negative,excuses,negative
4421,Southwest,negative,disappointed,negative
4424,Southwest,neutral,died,negative
4425,Southwest,neutral,error,negative
4426,Southwest,negative,frustrating,negative
4426,Southwest,negative,issue,negative
4427,Southwest,negative,quicker,positive
4432,Southwest,negative,rapid,positive
4432,Southwest,negative,reward,positive
4435,Southwest,negative,crook,negative
4436,Southwest,negative,miss,negative
4436,Southwest,negative,support,positive
4437,Southwest,negative,crash,negative
4439,Southwest,negative,hangs,negative
4441,Southwest,negative,insane,negative
4441,Southwest,negative,issue,negative
4442,Southwest,negative,insane,negative
4443,Southwest,neutral,trouble,negative
4443,Southwest,neutral,satisfactory,positive
4446,Southwest,negative,hard,negative
4446,Southwest,negative,helpful,positive
4447,Southwest,negative,killing,negative
4453,Southwest,negative,redeem,positive
4453,Southwest,negative,disappointed,negative
4455,Southwest,negative,refund,positive
4455,Southwest,negative,super,positive
4457,Southwest,neutral,delays,negative
4457,Southwest,neutral,love,positive
4458,Southwest,negative,stuck,negative
4460,Southwest,negative,redeem,positive
4461,Southwest,neutral,worthy,positive
4462,Southwest,positive,amazing,positive
4462,Southwest,positive,free,positive
4462,Southwest,positive,affordable,positive
4469,Southwest,negative,timely,positive
4469,Southwest,negative,issues,negative
4470,Southwest,negative,pleasant,positive
4470,Southwest,negative,helpful,positive
4470,Southwest,negative,consistent,positive
4471,Southwest,negative,lost,negative
4471,Southwest,negative,hurt,negative
4472,Southwest,neutral,helped,positive
4472,Southwest,neutral,fast,positive
4473,Southwest,neutral,expired,negative
4477,Southwest,negative,hate,negative
4479,Southwest,positive,bumped,negative
4479,Southwest,positive,fat,negative
4480,Southwest,negative,satisfy,positive
4483,Southwest,negative,delayed,negative
4484,Southwest,negative,delay,negative
4487,Southwest,negative,delaying,negative
4489,Southwest,neutral,rude,negative
4490,Southwest,positive,lost,negative
4490,Southwest,positive,unbelievable,negative
4494,Southwest,positive,hail,positive
4495,Southwest,negative,tired,negative
4496,Southwest,negative,clever,positive
4497,Southwest,negative,hard,negative
4497,Southwest,negative,upset,negative
4498,Southwest,negative,wasted,negative
4500,Southwest,positive,loving,positive
4504,Southwest,negative,miss,negative
4505,Southwest,neutral,honest,positive
4506,Southwest,negative,wrong,negative
4508,Southwest,positive,cool,positive
4510,Southwest,negative,lost,negative
4512,Southwest,positive,love,positive
4512,Southwest,positive,amazing,positive
4512,Southwest,positive,outstanding,positive
4513,Southwest,negative,redeem,positive
4513,Southwest,negative,lost,negative
4513,Southwest,negative,respect,positive
4514,Southwest,negative,fuck,negative
4514,Southwest,negative,lose,negative
4514,Southwest,negative,warm,positive
4517,Southwest,neutral,worth,positive
4518,Southwest,negative,correct,positive
4519,Southwest,negative,miss,negative
4522,Southwest,negative,flutter,positive
4523,Southwest,positive,happy,positive
4524,Southwest,positive,honorable,positive
4525,Southwest,neutral,hurt,negative
4526,Southwest,positive,awesome,positive
4526,Southwest,positive,refused,negative
4526,Southwest,positive,allergy,negative
4527,Southwest,negative,wrong,negative
4531,Southwest,positive,love,positive
4532,Southwest,negative,crooked,negative
4532,Southwest,negative,shocked,negative
4533,Southwest,negative,delayed,negative
4534,Southwest,negative,fell,negative
4535,Southwest,negative,disappointed,negative
4538,Southwest,positive,smooth,positive
4538,Southwest,positive,safe,positive
4538,Southwest,positive,fast,positive
4539,Southwest,positive,love,positive
4540,Southwest,neutral,winners,positive
4540,Southwest,neutral,ready,positive
4542,Southwest,negative,disappointed,negative
4542,Southwest,negative,worse,negative
4544,Southwest,positive,fantastic,positive
4544,Southwest,positive,helping,positive
4544,Southwest,positive,amazing,positive
4545,Southwest,negative,kudos,positive
4546,Southwest,positive,awesome,positive
4546,Southwest,positive,free,positive
4550,Southwest,positive,happy,positive
4552,Southwest,neutral,prize,positive
4553,Southwest,positive,ready,positive
4557,Southwest,positive,favorite,positive
4557,Southwest,positive,issues,negative
4557,Southwest,positive,entertaining,positive
4558,Southwest,negative,satisfactorily,positive
4559,Southwest,positive,funny,negative
4559,Southwest,positive,sass,negative
4564,Southwest,negative,classy,positive
4565,Southwest,negative,delays,negative
4566,Southwest,negative,love,positive
4569,Southwest,negative,love,positive
4570,Southwest,negative,cold,negative
4571,Southwest,negative,slow,negative
4571,Southwest,negative,ugh,negative
4576,Southwest,positive,worries,negative
4577,Southwest,positive,win,positive
4577,Southwest,positive,success,positive
4577,Southwest,positive,happier,positive
4578,Southwest,positive,glad,positive
4579,Southwest,positive,improving,positive
4580,Southwest,neutral,love,positive
4581,Southwest,negative,unreliable,negative
4582,Southwest,negative,bad,negative
4584,Southwest,positive,awesome,positive
4584,Southwest,positive,fast,positive
4584,Southwest,positive,smiling,positive
4586,Southwest,neutral,enjoyed,positive
4588,Southwest,negative,crazy,negative
4588,Southwest,negative,confusion,negative
4589,Southwest,neutral,fall,negative
4590,Southwest,neutral,honesty,positive
4592,Southwest,neutral,correct,positive
4598,Southwest,positive,love,positive
4599,Southwest,negative,lost,negative
4601,Southwest,positive,love,positive
4601,Southwest,positive,entertain,positive
4601,Southwest,positive,awesome,positive
4602,Southwest,positive,kudos,positive
4602,Southwest,positive,love,positive
4602,Southwest,positive,delays,negative
4603,Southwest,positive,fun,positive
4603,Southwest,positive,delay,negative
4603,Southwest,positive,awesome,positive
4603,Southwest,positive,patience,positive
4605,Southwest,positive,fast,positive
4606,Southwest,negative,proving,positive
4606,Southwest,negative,impossible,negative
4614,Southwest,negative,ruined,negative
4614,Southwest,negative,delays,negative
4614,Southwest,negative,wrong,negative
4614,Southwest,negative,insult,negative
4614,Southwest,negative,injury,negative
4615,Southwest,positive,miss,negative
4615,Southwest,positive,terribly,negative
4615,Southwest,positive,horrible,negative
4620,Southwest,negative,bad,negative
4622,Southwest,positive,luck,positive
4623,Southwest,neutral,fans,positive
4625,Southwest,positive,love,positive
4626,Southwest,negative,inconvenience,negative
4629,Southwest,neutral,miss,negative
4629,Southwest,neutral,warm,positive
4630,Southwest,positive,delays,negative
4631,Southwest,negative,delayed,negative
4631,Southwest,negative,crabby,negative
4632,Southwest,positive,easy,positive
4641,Southwest,positive,nice,positive
4642,Southwest,negative,poor,negative
4642,Southwest,negative,stuck,negative
4646,Southwest,positive,paradise,positive
4646,Southwest,positive,safely,positive
4647,Southwest,negative,frustrated,negative
4652,Southwest,positive,awesome,positive
4652,Southwest,positive,delays,negative
4654,Southwest,negative,sick,negative
4654,Southwest,negative,joke,negative
4656,Southwest,negative,frustrating,negative
4656,Southwest,negative,delays,negative
4658,Southwest,negative,debacle,negative
4659,Southwest,negative,frustrating,negative
4660,Southwest,negative,delayed,negative
4660,Southwest,negative,free,positive
4662,Southwest,negative,fair,positive
4663,Southwest,positive,hero,positive
4665,Southwest,negative,sincere,positive
4666,Southwest,positive,hero,positive
4667,Southwest,positive,hero,positive
4669,Southwest,positive,free,positive
4669,Southwest,positive,wonderful,positive
4669,Southwest,positive,free,positive
4671,Southwest,negative,pretty,positive
4671,Southwest,negative,terrible,negative
4671,Southwest,negative,suck,negative
4673,Southwest,negative,grateful,positive
4674,Southwest,positive,love,positive
4678,Southwest,negative,fair,positive
4679,Southwest,negative,bother,negative
4681,Southwest,negative,lame,negative
4682,Southwest,negative,frustrated,negative
4683,Southwest,negative,unacceptable,negative
4684,Southwest,negative,expensive,negative
4685,Southwest,negative,delayed,negative
4685,Southwest,negative,complaint,negative
4685,Southwest,negative,unhappy,negative
4686,Southwest,positive,nice,positive
4688,Southwest,neutral,nice,positive
4690,Southwest,negative,hopeful,positive
4692,Southwest,negative,regret,negative
4692,Southwest,negative,support,positive
4695,Southwest,neutral,stuck,negative
4696,Southwest,positive,nice,positive
4697,Southwest,neutral,easy,positive
4698,Southwest,negative,abused,negative
4699,Southwest,negative,disappointment,negative
4699,Southwest,negative,blatant,negative
4699,Southwest,negative,disregard,negative
4700,Southwest,neutral,expired,negative
4701,Southwest,positive,awesome,positive
4702,Southwest,negative,refunded,positive
4704,Southwest,negative,slow,negative
4705,Southwest,negative,screwed,negative
4710,Southwest,positive,impressive,positive
4710,Southwest,positive,outstanding,positive
4712,Southwest,negative,crazy,negative
4713,Southwest,negative,faster,positive
4713,Southwest,negative,fail,negative
4715,Southwest,negative,stuck,negative
4718,Southwest,positive,glad,positive
4720,Southwest,negative,ridiculous,negative
4720,Southwest,negative,genius,positive
4723,Southwest,positive,helpful,positive
4724,Southwest,positive,love,positive
4727,Southwest,neutral,split,negative
4729,Southwest,positive,love,positive
4729,Southwest,positive,excellent,positive
4730,Southwest,positive,honored,positive
4739,Southwest,negative,incredibly,positive
4739,Southwest,negative,slow,negative
4741,Southwest,negative,terrible,negative
4741,Southwest,negative,glad,positive
4744,Southwest,negative,consistent,positive
4748,Southwest,negative,delayed,negative
4748,Southwest,negative,delayed,negative
4755,Southwest,neutral,delays,negative
4757,Southwest,negative,awkward,negative
4759,Southwest,negative,allergic,negative
4759,Southwest,negative,dust,negative
4760,Southwest,negative,rude,negative
4760,Southwest,negative,bothered,negative
4760,Southwest,negative,unbelievable,negative
4762,Southwest,negative,loses,negative
4762,Southwest,negative,unacceptable,negative
4766,Southwest,negative,free,positive
4770,Southwest,negative,dead,negative
4774,Southwest,negative,wrong,negative
4774,Southwest,negative,miss,negative
4776,Southwest,negative,lost,negative
4779,Southwest,neutral,trouble,negative
4779,Southwest,neutral,concerned,negative
4779,Southwest,neutral,scam,negative
4785,Southwest,neutral,stuck,negative
4786,Southwest,neutral,ready,positive
4787,Southwest,positive,awesome,positive
4789,Southwest,positive,love,positive
4790,Southwest,negative,worst,negative
4790,Southwest,negative,fail,negative
4791,Southwest,positive,loved,positive
4792,Southwest,negative,lose,negative
4794,Southwest,negative,ambivalence,negative
4794,Southwest,negative,sad,negative
4796,Southwest,neutral,kudos,positive
4800,Southwest,negative,passive,negative
4800,Southwest,negative,disappointed,negative
4801,Southwest,negative,broke,negative
4802,Southwest,negative,joke,negative
4802,Southwest,negative,delayed,negative
4804,Southwest,negative,lie,negative
4804,Southwest,negative,crazy,negative
4804,Southwest,negative,bad,negative
4806,Southwest,negative,bad,negative
4808,Southwest,negative,lying,negative
4810,Southwest,negative,lost,negative
4811,Southwest,positive,brilliant,positive
4811,Southwest,positive,hilarious,positive
4814,Southwest,negative,tough,positive
4815,Southwest,positive,excited,positive
4816,Southwest,negative,glad,positive
4816,Southwest,negative,wretched,negative
4819,Southwest,positive,helping,positive
4820,Southwest,negative,refreshed,positive
4823,Southwest,positive,kudos,positive
4823,Southwest,positive,sweet,positive
4829,Southwest,neutral,super,positive
4829,Southwest,neutral,helpful,positive
4832,Southwest,negative,fail,negative
4833,Southwest,neutral,free,positive
4834,Southwest,negative,consistent,positive
4834,Southwest,negative,consistent,positive
4836,Southwest,negative,lost,negative
4843,Southwest,negative,tough,positive
4843,Southwest,negative,meaningful,positive
4845,Southwest,negative,damaged,negative
4845,Southwest,negative,happy,positive
4846,Southwest,neutral,rapid,positive
4847,Southwest,negative,inconsistent,negative
4849,Southwest,negative,bad,negative
4850,Southwest,negative,delay,negative
4850,Southwest,negative,bs,negative
4850,Southwest,negative,wasted,negative
4852,Southwest,negative,disappointed,negative
4853,Southwest,positive,hate,negative
4856,Southwest,negative,mighty,positive
4860,Southwest,positive,beautiful,positive
4861,Southwest,positive,miracle,positive
4861,Southwest,positive,awesome,positive
4868,Southwest,positive,easy,positive
4870,Southwest,negative,slow,negative
4873,Southwest,positive,wonderful,positive
4874,Southwest,negative,destroy,negative
4875,Southwest,negative,awful,negative
4876,Southwest,positive,enjoy,positive
4877,Southwest,positive,love,positive
4880,Southwest,negative,unacceptable,negative
4883,Southwest,negative,weak,negative
4883,Southwest,negative,sick,negative
4883,Southwest,negative,shit,negative
4884,Southwest,neutral,discontinued,negative
4886,Southwest,positive,miss,negative
4886,Southwest,positive,terribly,negative
4886,Southwest,positive,amazing,positive
4887,Southwest,positive,nice,positive
4889,Southwest,neutral,love,positive
4894,Southwest,neutral,love,positive
4897,Southwest,positive,brighter,positive
4900,Southwest,positive,love,positive
4900,Southwest,positive,qualified,positive
4902,Southwest,positive,amazed,positive
4902,Southwest,positive,amazing,positive
4908,Southwest,negative,worst,negative
4913,Southwest,negative,bothered,negative
4913,Southwest,negative,lost,negative
4913,Southwest,negative,helpful,positive
4914,Southwest,negative,delays,negative
4914,Southwest,negative,ridiculous,negative
4915,Southwest,negative,shit,negative
4917,Southwest,negative,delayed,negative
4918,Southwest,negative,ignore,negative
4919,Southwest,negative,damn,negative
4921,Southwest,negative,delays,negative
4921,Southwest,negative,terrible,negative
4921,Southwest,negative,support,positive
4924,Southwest,positive,fault,negative
4924,Southwest,positive,complain,negative
4928,Southwest,positive,beautiful,positive
4928,Southwest,positive,perfect,positive
4929,Southwest,positive,impressed,positive
4930,Southwest,neutral,lost,negative
4930,Southwest,neutral,promise,positive
4931,Southwest,negative,delayed,negative
4932,Southwest,negative,delayed,negative
4933,Southwest,negative,horrible,negative
4933,Southwest,negative,stuck,negative
4934,Southwest,positive,delay,negative
4934,Southwest,positive,concern,negative
4934,Southwest,positive,amazing,positive
4935,Southwest,neutral,correct,positive
4936,Southwest,neutral,stuck,negative
4937,Southwest,negative,unpleasant,negative
4940,Southwest,negative,miss,negative
4941,Southwest,positive,timely,positive
4942,Southwest,negative,cool,positive
4943,Southwest,negative,promised,positive
4946,Southwest,neutral,super,positive
4948,Southwest,negative,delayed,negative
4948,Southwest,negative,chaotic,negative
4948,Southwest,negative,disappointing,negative
4950,Southwest,negative,frustrating,negative
4951,Southwest,negative,disappointed,negative
4952,Southwest,negative,complimentary,positive
4952,Southwest,negative,bs,negative
4952,Southwest,negative,worst,negative
4952,Southwest,negative,enemy,negative
4953,Southwest,negative,worst,negative
4953,Southwest,negative,compassion,positive
4953,Southwest,negative,handicapped,negative
4954,Southwest,neutral,free,positive
4955,Southwest,negative,liars,negative
4958,Southwest,neutral,fair,positive
4958,Southwest,neutral,loves,positive
4959,Southwest,positive,inexpensive,positive
4960,Southwest,negative,broken,negative
4960,Southwest,negative,damage,negative
4961,Southwest,negative,ridiculous,negative
4962,Southwest,positive,mad,negative
4962,Southwest,positive,love,positive
4964,Southwest,negative,ridiculous,negative
4965,Southwest,positive,fav,positive
4966,Southwest,negative,delayed,negative
4966,Southwest,negative,curse,negative
4967,Southwest,negative,lucky,positive
4968,Southwest,neutral,awards,positive
4969,Southwest,positive,support,positive
4971,Southwest,negative,unable,negative
4973,Southwest,neutral,rumor,negative
4983,Southwest,positive,funny,negative
4983,Southwest,positive,perfect,positive
4985,Southwest,neutral,delayed,negative
4987,Southwest,negative,issue,negative
4989,Southwest,positive,delaying,negative
4991,Southwest,neutral,delay,negative
4993,Southwest,neutral,upset,negative
4995,Southwest,negative,defective,negative
4995,Southwest,negative,error,negative
4997,Southwest,negative,loss,negative
4998,Southwest,positive,amazing,positive
4999,Southwest,neutral,delay,negative
4999,Southwest,neutral,beautiful,positive
5000,Southwest,negative,coldly,negative
5001,Southwest,negative,easy,positive
5002,Southwest,negative,ripped,negative
5003,Southwest,negative,ruined,negative
5004,Southwest,negative,uninformed,negative
5006,Southwest,negative,delays,negative
5006,Southwest,negative,irate,negative
5006,Southwest,negative,issues,negative
5007,Southwest,neutral,loyal,positive
5008,Southwest,negative,ruined,negative
5008,Southwest,negative,frustrating,negative
5008,Southwest,negative,clean,positive
5011,Southwest,neutral,discrimination,negative
5011,Southwest,neutral,boycott,negative
5012,Southwest,neutral,rapid,positive
5012,Southwest,neutral,awards,positive
5013,Southwest,positive,courteous,positive
5014,Southwest,negative,awful,negative
5014,Southwest,negative,conflicting,negative
5014,Southwest,negative,outrageous,negative
5015,Southwest,positive,wrong,negative
5015,Southwest,positive,easy,positive
5018,Southwest,neutral,free,positive
5019,Southwest,neutral,bumped,negative
5020,Southwest,negative,frustrated,negative
5020,Southwest,negative,hang,negative
5021,Southwest,negative,terrible,negative
5022,Southwest,negative,fine,positive
5023,Southwest,positive,consistently,positive
5024,Southwest,positive,unexpected,negative
5027,Southwest,positive,super,positive
5027,Southwest,positive,issue,negative
5030,Southwest,negative,refund,positive
5031,Southwest,negative,died,negative
5033,Southwest,negative,hung,negative
5033,Southwest,negative,ridiculous,negative
5037,Southwest,negative,grouchy,negative
5038,Southwest,negative,disappointed,negative
5040,Southwest,negative,troubles,negative
5044,Southwest,negative,missed,negative
5044,Southwest,negative,slow,negative
5044,Southwest,negative,complaint,negative
5046,Southwest,negative,refund,positive
5050,Southwest,negative,fine,positive
5053,Southwest,neutral,desperately,negative
5055,Southwest,positive,beautiful,positive
5056,Southwest,neutral,delay,negative
5056,Southwest,neutral,failure,negative
5058,Southwest,negative,stuck,negative
5060,Southwest,positive,fantastic,positive
5062,Southwest,negative,refund,positive
5065,Southwest,negative,bs,negative
5069,Southwest,negative,crazy,negative
5070,Southwest,positive,patient,positive
5072,Southwest,negative,support,positive
5076,Southwest,negative,issue,negative
5078,Southwest,neutral,easy,positive
5081,Southwest,positive,awesome,positive
5084,Southwest,negative,fail,negative
5084,Southwest,negative,correct,positive
5084,Southwest,negative,furious,negative
5087,Southwest,negative,hangs,negative
5089,Southwest,negative,hang,negative
5090,Southwest,negative,loud,negative
5092,Southwest,negative,delays,negative
5092,Southwest,negative,fault,negative
5092,Southwest,negative,stinks,negative
5092,Southwest,negative,frustrated,negative
5095,Southwest,negative,wow,positive
5095,Southwest,negative,dying,negative
5100,Southwest,positive,compassionate,positive
5101,Southwest,positive,outstanding,positive
5105,Southwest,negative,stuck,negative
5105,Southwest,negative,refused,negative
5105,Southwest,negative,honor,positive
5108,Southwest,positive,helping,positive
5109,Southwest,negative,refund,positive
5111,Southwest,negative,terrible,negative
5113,Southwest,negative,ridiculous,negative
5114,Southwest,neutral,ready,positive
5115,Southwest,negative,worst,negative
5115,Southwest,negative,stuck,negative
5117,Southwest,negative,suck,negative
5117,Southwest,negative,dilemma,negative
5119,Southwest,negative,nice,positive
5119,Southwest,negative,clean,positive
5121,Southwest,negative,free,positive
5122,Southwest,negative,wrong,negative
5123,Southwest,positive,kudos,positive
5123,Southwest,positive,love,positive
5124,Southwest,positive,amazing,positive
5127,Southwest,positive,grand,positive
5127,Southwest,positive,wow,positive
5127,Southwest,positive,love,positive
5129,Southwest,negative,nightmare,negative
5133,Southwest,negative,crazy,negative
5134,Southwest,negative,miss,negative
5135,Southwest,positive,delays,negative
5137,Southwest,negative,furious,negative
5138,Southwest,neutral,rapid,positive
5141,Southwest,positive,free,positive
5142,Southwest,neutral,cheaper,positive
5143,Southwest,negative,die,negative
5144,Southwest,negative,free,positive
5146,Southwest,negative,disappointed,negative
5146,Southwest,negative,unnecessary,negative
5146,Southwest,negative,headache,negative
5147,Southwest,positive,love,positive
5147,Southwest,positive,talents,positive
5149,Southwest,negative,unbelievable,negative
5155,Southwest,negative,worst,negative
5159,Southwest,positive,awesome,positive
5161,Southwest,negative,crashed,negative
5163,Southwest,negative,painful,negative
5164,Southwest,negative,charm,positive
5165,Southwest,negative,sink,negative
5165,Southwest,negative,gross,negative
5166,Southwest,negative,broke,negative
5168,Southwest,negative,error,negative
5169,Southwest,negative,hung,negative
5171,Southwest,negative,hung,negative
5172,Southwest,negative,shit,negative
5172,Southwest,negative,mad,negative
5174,Southwest,negative,dead,negative
5174,Southwest,negative,refund,positive
5177,Southwest,positive,frustration,negative
5178,Southwest,negative,refund,positive
5178,Southwest,negative,terrible,negative
5179,Southwest,positive,smiling,positive
5181,Southwest,negative,lost,negative
5181,Southwest,negative,love,positive
5181,Southwest,negative,love,positive
5182,Southwest,negative,breaking,negative
5183,Southwest,negative,support,positive
5183,Southwest,negative,loser,negative
5186,Southwest,negative,insubstantial,negative
5188,Southwest,negative,bad,negative
5189,Southwest,neutral,fall,negative
5190,Southwest,negative,refund,positive
5191,Southwest,negative,lame,negative
5192,Southwest,positive,bravo,positive
5193,Southwest,negative,refund,positive
5194,Southwest,negative,delay,negative
5194,Southwest,negative,annoyed,negative
5196,Southwest,negative,hung,negative
5199,Southwest,negative,stuck,negative
5200,Southwest,negative,worst,negative
5200,Southwest,negative,stuck,negative
5204,Southwest,negative,worst,negative
5206,Southwest,negative,loose,negative
5209,Southwest,negative,hostage,negative
5210,Southwest,negative,disappointed,negative
5212,Southwest,negative,failing,negative
5212,Southwest,negative,stuck,negative
5214,Southwest,positive,pleasant,positive
5217,Southwest,negative,complaint,negative
5219,Southwest,neutral,loves,positive
5220,Southwest,negative,troubles,negative
5223,Southwest,negative,pain,negative
5225,Southwest,negative,error,negative
5230,Southwest,negative,worst,negative
5235,Southwest,negative,conflicting,negative
5237,Southwest,negative,delay,negative
5239,Southwest,negative,ridiculous,negative
5240,Southwest,negative,stuck,negative
5240,Southwest,negative,trouble,negative
5241,Southwest,negative,delayed,negative
5241,Southwest,negative,idiot,negative
5241,Southwest,negative,miss,negative
5242,Southwest,negative,stuck,negative
5243,Southwest,positive,incredible,positive
5243,Southwest,positive,amazing,positive
5245,Southwest,negative,worse,negative
5246,Southwest,negative,discontinued,negative
5247,Southwest,positive,lost,negative
5253,Southwest,negative,fail,negative
5257,Southwest,negative,celebration,positive
5258,Southwest,negative,heck,negative
5259,Southwest,neutral,cold,negative
5260,Southwest,neutral,refund,positive
5262,Southwest,negative,craziness,negative
5267,Southwest,neutral,sad,negative
5270,Southwest,negative,confusing,negative
5271,Southwest,positive,fast,positive
5271,Southwest,positive,winners,positive
5273,Southwest,positive,happy,positive
5274,Southwest,neutral,fortunately,positive
5277,Southwest,negative,progress,positive
5278,Southwest,positive,awesome,positive
5279,Southwest,negative,worst,negative
5280,Southwest,negative,horrible,negative
5282,Southwest,negative,mess,negative
5282,Southwest,negative,slower,negative
5289,Southwest,negative,bother,negative
5291,Southwest,negative,rude,negative
5298,Southwest,negative,complaint,negative
5299,Southwest,negative,faster,positive
5300,Southwest,negative,prompt,positive
5300,Southwest,negative,prompt,positive
5301,Southwest,negative,wasting,negative
5304,Southwest,negative,disappointed,negative
5305,Southwest,negative,upset,negative
5305,Southwest,negative,lied,negative
5310,Southwest,negative,helpful,positive
5313,Southwest,negative,bad,negative
5315,Southwest,negative,worst,negative
5316,Southwest,negative,annoying,negative
5316,Southwest,negative,readily,positive
5317,Southwest,negative,lose,negative
5319,Southwest,negative,love,positive
5321,Southwest,negative,rude,negative
5322,Southwest,negative,support,positive
5324,Southwest,negative,error,negative
5324,Southwest,negative,unacceptable,negative
5325,Southwest,neutral,free,positive
5325,Southwest,neutral,free,positive
5325,Southwest,neutral,portable,positive
5327,Southwest,positive,incredible,positive
5327,Southwest,positive,smooth,positive
5330,Southwest,neutral,win,positive
5335,Southwest,negative,unbelievable,negative
5336,Southwest,negative,disrespectful,negative
5340,Southwest,positive,sincerely,positive
5341,Southwest,negative,terrible,negative
5343,Southwest,negative,lost,negative
5343,Southwest,negative,terrible,negative
5344,Southwest,negative,heck,negative
5348,Southwest,positive,excellent,positive
5349,Southwest,negative,issue,negative
5350,Southwest,positive,gold,positive
5351,Southwest,negative,stuck,negative
5358,Southwest,negative,tremendously,positive
5359,Southwest,negative,frustrated,negative
5359,Southwest,negative,unable,negative
5359,Southwest,negative,lost,negative
5361,Southwest,neutral,love,positive
5361,Southwest,neutral,won,positive
5362,Southwest,negative,unacceptable,negative
5365,Southwest,negative,ridiculous,negative
5366,Southwest,negative,frustrated,negative
5367,Southwest,negative,complicated,negative
5371,Southwest,positive,happy,positive
5371,Southwest,positive,comfortable,positive
5373,Southwest,positive,awesome,positive
5373,Southwest,positive,helpful,positive
5374,Southwest,negative,worse,negative
5375,Southwest,positive,delay,negative
5377,Southwest,positive,amazing,positive
5382,Southwest,negative,delays,negative
5382,Southwest,negative,inconvenience,negative
5383,Southwest,negative,refund,positive
5383,Southwest,negative,miss,negative
5384,Southwest,negative,terrible,negative
5386,Southwest,negative,crazy,negative
5388,Southwest,negative,error,negative
5389,Southwest,neutral,refund,positive
5395,Southwest,neutral,losing,negative
5396,Southwest,positive,glad,positive
5397,Southwest,positive,free,positive
5398,Southwest,negative,bad,negative
5398,Southwest,negative,insane,negative
5400,Southwest,negative,refund,positive
5401,Southwest,negative,lost,negative
5402,Southwest,negative,understandable,positive
5402,Southwest,negative,nice,positive
5405,Southwest,negative,crashed,negative
5410,Southwest,negative,shocking,negative
5410,Southwest,negative,died,negative
5412,Southwest,negative,ridiculous,negative
5414,Southwest,negative,refund,positive
5416,Southwest,negative,inexcusable,negative
5417,Southwest,positive,favorite,positive
5419,Southwest,negative,helping,positive
5419,Southwest,negative,ruining,negative
5420,Southwest,negative,stuck,negative
5421,Southwest,positive,loving,positive
5422,Southwest,neutral,fun,positive
5423,Southwest,negative,ruining,negative
5424,Southwest,negative,nice,positive
5424,Southwest,negative,love,positive
5428,Southwest,negative,love,positive
5430,Southwest,negative,error,negative
5441,Southwest,negative,clean,positive
5442,Southwest,negative,lost,negative
5443,Southwest,neutral,love,positive
5443,Southwest,neutral,free,positive
5448,Southwest,negative,grand,positive
5448,Southwest,negative,sad,negative
5449,Southwest,negative,delay,negative
5449,Southwest,negative,disappointing,negative
5451,Southwest,negative,cool,positive
5453,Southwest,negative,horrible,negative
5454,Southwest,neutral,dread,negative
5458,Southwest,negative,chill,negative
5459,Southwest,negative,sucks,negative
5459,Southwest,negative,delayed,negative
5460,Southwest,negative,cool,positive
5460,Southwest,negative,cold,negative
5460,Southwest,negative,friendly,positive
5462,Southwest,negative,delayed,negative
5465,Southwest,positive,win,positive
5467,Southwest,negative,fabulous,positive
5469,Southwest,positive,pretty,positive
5469,Southwest,positive,complain,negative
5470,Southwest,negative,poor,negative
5471,Southwest,negative,loved,positive
5474,Southwest,neutral,emergency,negative
5475,Southwest,negative,fair,positive
5476,Southwest,positive,awesome,positive
5477,Southwest,positive,kindness,positive
5477,Southwest,positive,prefer,positive
5480,Southwest,negative,stuck,negative
5480,Southwest,negative,delayed,negative
5480,Southwest,negative,loyal,positive
5482,Southwest,positive,won,positive
5483,Southwest,negative,delayed,negative
5483,Southwest,negative,easy,positive
5486,Southwest,positive,awesome,positive
5486,Southwest,positive,delayed,negative
5486,Southwest,positive,amazing,positive
5490,Southwest,neutral,win,positive
5491,Southwest,positive,smooth,positive
5492,Southwest,positive,frustrated,negative
5497,Southwest,negative,progress,positive
5500,Southwest,negative,reliable,positive
5500,Southwest,negative,refund,positive
5502,Southwest,positive,awesome,positive
5502,Southwest,positive,killed,negative
5503,Southwest,negative,sick,negative
5504,Southwest,negative,anxious,negative
5505,Southwest,positive,love,positive
5507,Southwest,positive,lucky,positive
5507,Southwest,positive,excellent,positive
5508,Southwest,neutral,loyal,positive
5509,Southwest,neutral,inclement,negative
5510,Southwest,negative,fucking,negative
5511,Southwest,positive,bad,negative
5512,Southwest,neutral,easy,positive
5515,Southwest,positive,outstanding,positive
5516,Southwest,neutral,lost,negative
5518,Southwest,positive,nice,positive
5518,Southwest,positive,helpful,positive
5520,Southwest,negative,concerned,negative
5520,Southwest,negative,conflicting,negative
5524,Southwest,neutral,desperate,negative
5527,Southwest,positive,happy,positive
5527,Southwest,positive,easier,positive
5529,Southwest,negative,delayed,negative
5532,Southwest,negative,delayed,negative
5533,Southwest,neutral,favorite,positive
5534,Southwest,neutral,expensive,negative
5535,Southwest,neutral,grateful,positive
5535,Southwest,neutral,bless,positive
5538,Southwest,neutral,die,negative
5538,Southwest,neutral,amazing,positive
5541,Southwest,negative,die,negative
5542,Southwest,negative,easy,positive
5542,Southwest,negative,pleasant,positive
5542,Southwest,negative,difficult,negative
5542,Southwest,negative,stressful,negative
5543,Southwest,neutral,nonexistent,negative
5544,Southwest,neutral,interferes,negative
5544,Southwest,neutral,treasure,positive
5546,Southwest,negative,trust,positive
5549,Southwest,negative,sucks,negative
5549,Southwest,negative,helped,positive
5551,Southwest,negative,ashamed,negative
5552,Southwest,negative,rip,negative
5552,Southwest,negative,beware,negative
5556,Southwest,negative,refunded,positive
5558,Southwest,positive,dying,negative
5559,Southwest,positive,excited,positive
5561,Southwest,negative,delayed,negative
5563,Southwest,negative,stinks,negative
5563,Southwest,negative,mad,negative
5563,Southwest,negative,hate,negative
5563,Southwest,negative,refunded,positive
5565,Southwest,neutral,grateful,positive
5569,Southwest,negative,win,positive
5574,Southwest,neutral,winning,positive
5574,Southwest,neutral,win,positive
5575,Southwest,negative,ugh,negative
5580,Southwest,negative,rude,negative
5580,Southwest,negative,bad,negative
5581,Southwest,positive,happily,positive
5581,Southwest,positive,delayed,negative
5582,Southwest,negative,rude,negative
5585,Southwest,positive,kudos,positive
5588,Southwest,positive,cold,negative
5588,Southwest,positive,enjoyed,positive
5589,Southwest,negative,losing,negative
5594,Southwest,negative,free,positive
5594,Southwest,negative,unacceptable,negative
5594,Southwest,negative,disappointed,negative
5597,Southwest,negative,pretty,positive
5597,Southwest,negative,stupid,negative
5597,Southwest,negative,nightmare,negative
5599,Southwest,neutral,happy,positive
5601,Southwest,negative,recommend,positive
5604,Southwest,negative,bother,negative
5606,Southwest,positive,supporting,positive
5607,Southwest,positive,expensive,negative
5607,Southwest,positive,fun,positive
5608,Southwest,positive,beautiful,positive
5614,Southwest,neutral,free,positive
5615,Southwest,negative,inclement,negative
5616,Southwest,neutral,won,positive
5617,Southwest,negative,nasty,negative
5618,Southwest,positive,easy,positive
5618,Southwest,positive,affordable,positive
5620,Southwest,negative,delay,negative
5620,Southwest,negative,love,positive
5622,Southwest,negative,refund,positive
5622,Southwest,negative,painful,negative
5622,Southwest,negative,unacceptable,negative
5627,Southwest,neutral,badly,negative
5630,Southwest,negative,deficiency,negative
5631,Southwest,positive,speedy,positive
5632,Southwest,negative,assuring,positive
5639,Southwest,negative,delayed,negative
5640,Southwest,negative,issue,negative
5640,Southwest,negative,lucky,positive
5640,Southwest,negative,limited,negative
5641,Southwest,negative,frustrating,negative
5641,Southwest,negative,ripped,negative
5649,Southwest,neutral,love,positive
5650,Southwest,neutral,fall,negative
5655,Southwest,negative,delay,negative
5655,Southwest,negative,understandable,positive
5655,Southwest,negative,weird,negative
5658,Southwest,negative,frustrated,negative
5664,Southwest,positive,awesome,positive
5664,Southwest,positive,love,positive
5665,Southwest,positive,hilarious,positive
5667,Southwest,positive,steal,negative
5670,Southwest,neutral,allergy,negative
5671,Southwest,positive,helped,positive
5673,Southwest,negative,friendly,positive
5674,Southwest,neutral,break,negative
5675,Southwest,negative,horrible,negative
5679,Southwest,negative,inconsistent,negative
5679,Southwest,negative,prefer,positive
5679,Southwest,negative,randomly,negative
5682,Southwest,negative,concerns,negative
5687,Southwest,positive,amazing,positive
5687,Southwest,positive,cry,negative
5688,Southwest,negative,delayed,negative
5691,Southwest,neutral,win,positive
5692,Southwest,negative,delay,negative
5697,Southwest,positive,love,positive
5703,Southwest,positive,ready,positive
5703,Southwest,positive,warm,positive
5704,Southwest,positive,love,positive
5704,Southwest,positive,love,positive
5704,Southwest,positive,love,positive
5706,Southwest,positive,amazing,positive
5708,Southwest,positive,hate,negative
5708,Southwest,positive,fav,positive
5709,Southwest,negative,bad,negative
5714,Southwest,negative,suck,negative
5715,Southwest,negative,loyal,positive
5715,Southwest,negative,unhappy,negative
5716,Southwest,neutral,favorite,positive
5717,Southwest,positive,favorite,positive
5717,Southwest,positive,amazing,positive
5719,Southwest,negative,excruciatingly,negative
5719,Southwest,negative,slow,negative
5721,Southwest,neutral,die,negative
5721,Southwest,neutral,happiness,positive
5721,Southwest,neutral,won,positive
5722,Southwest,negative,intrusive,negative
5722,Southwest,negative,annoying,negative
5722,Southwest,negative,sad,negative
5723,Southwest,negative,issues,negative
5723,Southwest,negative,responsive,positive
5723,Southwest,negative,properly,positive
5724,Southwest,negative,liable,negative
5724,Southwest,negative,fault,negative
5724,Southwest,negative,lost,negative
5725,Southwest,negative,super,positive
5725,Southwest,negative,crappy,negative
5725,Southwest,negative,miss,negative
5726,Southwest,negative,damn,negative
5726,Southwest,negative,cold,negative
5729,Southwest,positive,love,positive
5729,Southwest,positive,easier,positive
5730,Southwest,positive,awesome,positive
5730,Southwest,positive,helped,positive
5731,Southwest,negative,fuck,negative
5733,Southwest,negative,glad,positive
5733,Southwest,negative,lost,negative
5734,Southwest,negative,lost,negative
5735,Southwest,neutral,love,positive
5735,Southwest,neutral,hard,negative
5738,Southwest,neutral,appreciated,positive
5739,Southwest,negative,trouble,negative
5740,Southwest,negative,fucking,negative
5742,Southwest,negative,elite,positive
5743,Southwest,positive,sweet,positive
5743,Southwest,positive,glad,positive
5745,Southwest,negative,fuck,negative
5746,Southwest,positive,amazing,positive
5749,Southwest,neutral,cold,negative
5749,Southwest,neutral,issue,negative
5751,Southwest,negative,luxury,positive
5751,Southwest,negative,spoiled,negative
5753,Southwest,positive,excited,positive
5754,Southwest,negative,unable,negative
5756,Southwest,positive,fantastic,positive
5757,Southwest,neutral,love,positive
5757,Southwest,neutral,win,positive
5758,Southwest,negative,free,positive
5758,Southwest,negative,bait,negative
5761,Southwest,positive,freezing,negative
5762,Southwest,negative,consistently,positive
5763,Southwest,neutral,sweet,positive
5764,Southwest,negative,contend,negative
5764,Southwest,negative,painful,negative
5764,Southwest,negative,missed,negative
5764,Southwest,negative,frustrated,negative
5765,Southwest,negative,annoyed,negative
5766,Southwest,negative,delayed,negative
5766,Southwest,negative,killing,negative
5767,Southwest,positive,love,positive
5767,Southwest,positive,die,negative
5768,Southwest,neutral,bad,negative
5769,Southwest,positive,love,positive
5770,Southwest,positive,love,positive
5771,Southwest,positive,love,positive
5772,Southwest,negative,delay,negative
5772,Southwest,negative,wow,positive
5773,Southwest,negative,whiny,negative
5774,Southwest,positive,awesome,positive
5777,Southwest,negative,slow,negative
5779,Southwest,negative,stuck,negative
5779,Southwest,negative,bad,negative
5781,Southwest,negative,love,positive
5781,Southwest,negative,fail,negative
5782,Southwest,negative,disappointed,negative
5784,Southwest,positive,cool,positive
5789,Southwest,negative,troubles,negative
5791,Southwest,neutral,expired,negative
5792,Southwest,negative,nice,positive
5793,Southwest,negative,delays,negative
5793,Southwest,negative,nice,positive
5794,Southwest,positive,nice,positive
5795,Southwest,negative,useable,positive
5795,Southwest,negative,refund,positive
5796,Southwest,positive,excellent,positive
5797,Southwest,negative,patience,positive
5797,Southwest,negative,easier,positive
5797,Southwest,negative,cheaper,positive
5797,Southwest,negative,stuck,negative
5800,Southwest,negative,invalid,negative
5800,Southwest,negative,messed,negative
5801,Southwest,negative,terrible,negative
5801,Southwest,negative,ripoff,negative
5802,Southwest,negative,amazing,positive
5802,Southwest,negative,delayed,negative
5804,Southwest,neutral,desirable,positive
5809,Southwest,negative,mistake,negative
5812,Southwest,positive,outstanding,positive
5812,Southwest,positive,bless,positive
5813,Southwest,negative,excuse,negative
5813,Southwest,negative,awful,negative
5814,Southwest,negative,worst,negative
5814,Southwest,negative,delayed,negative
5816,Southwest,positive,nice,positive
5816,Southwest,positive,nicely,positive
5819,Southwest,negative,unable,negative
5820,Southwest,positive,honest,positive
5820,Southwest,positive,fast,positive
5821,Southwest,positive,miracles,positive
5823,Southwest,negative,worth,positive
5823,Southwest,negative,refund,positive
5825,Southwest,negative,love,positive
5827,Southwest,positive,loved,positive
5829,Southwest,positive,bad,negative
5829,Southwest,positive,awesome,positive
5830,Southwest,positive,awesome,positive
5830,Southwest,positive,amazing,positive
5834,Southwest,negative,break,negative
5836,Southwest,negative,delayed,negative
5836,Southwest,negative,worst,negative
5845,Southwest,neutral,fans,positive
5845,Southwest,neutral,awesome,positive
5850,Southwest,positive,pretty,positive
5850,Southwest,positive,cool,positive
5852,Southwest,negative,delayed,negative
5852,Southwest,negative,miss,negative
5854,Southwest,negative,patience,positive
5856,Southwest,neutral,support,positive
5857,Southwest,neutral,love,positive
5858,Southwest,neutral,wrong,negative
5858,Southwest,neutral,sweet,positive
5862,Southwest,negative,worst,negative
5863,Southwest,positive,wrong,negative
5863,Southwest,positive,issue,negative
5864,Southwest,positive,easiest,positive
5865,Southwest,negative,empathize,positive
5865,Southwest,negative,lost,negative
5869,Southwest,negative,fairly,positive
5870,Southwest,positive,excited,positive
5870,Southwest,positive,excitement,positive
5879,Southwest,positive,loved,positive
5880,Southwest,negative,fail,negative
5885,Southwest,negative,killing,negative
5885,Southwest,negative,delayed,negative
5885,Southwest,negative,ugh,negative
5886,Southwest,neutral,super,positive
5888,Southwest,negative,bumped,negative
5888,Southwest,negative,rude,negative
5889,Southwest,negative,worst,negative
5889,Southwest,negative,hung,negative
5890,Southwest,positive,fun,positive
5890,Southwest,positive,led,positive
5890,Southwest,positive,happy,positive
5892,Southwest,positive,amazing,positive
5892,Southwest,positive,smile,positive
5892,Southwest,positive,joy,positive
5892,Southwest,positive,nice,positive
5895,Southwest,positive,fist,negative
5895,Southwest,positive,bump,negative
5898,Southwest,positive,loved,positive
5898,Southwest,positive,awesome,positive
5899,Southwest,negative,oversize,negative
5899,Southwest,negative,free,positive
5901,Southwest,negative,cheap,negative
5901,Southwest,negative,crazy,negative
5908,Southwest,negative,unable,negative
5908,Southwest,negative,ineligible,negative
5909,Southwest,neutral,wow,positive
5911,Southwest,positive,awesome,positive
5912,Southwest,negative,screwed,negative
5912,Southwest,negative,sarcasm,negative
5913,Southwest,negative,loyal,positive
5913,Southwest,negative,easier,positive
5913,Southwest,negative,issues,negative
5914,Southwest,negative,helped,positive
5915,Southwest,neutral,worry,negative
5916,Southwest,negative,correct,positive
5917,Southwest,negative,correct,positive
5917,Southwest,negative,happy,positive
5918,Southwest,positive,awesome,positive
5923,Southwest,positive,issue,negative
5924,Southwest,neutral,love,positive
5928,Southwest,negative,joke,negative
5928,Southwest,negative,loyal,positive
5929,Southwest,negative,refreshed,positive
5929,Southwest,negative,ridiculous,negative
5931,Southwest,negative,hung,negative
5932,Southwest,positive,love,positive
5933,Southwest,neutral,bad,negative
5937,Southwest,neutral,superior,positive
5940,Southwest,negative,awful,negative
5940,Southwest,negative,lost,negative
5941,Southwest,negative,delayed,negative
5942,Southwest,positive,vent,negative
5944,Southwest,negative,lied,negative
5945,Southwest,negative,ruined,negative
5945,Southwest,negative,happy,positive
5946,Southwest,negative,delayed,negative
5947,Southwest,negative,archaic,negative
5948,Southwest,negative,support,positive
5948,Southwest,negative,pretty,positive
5948,Southwest,negative,passive,negative
5948,Southwest,negative,precious,positive
5949,Southwest,negative,delays,negative
5949,Southwest,negative,broken,negative
5950,Southwest,positive,unbelievable,negative
5951,Southwest,positive,amazing,positive
5953,Southwest,positive,smile,positive
5953,Southwest,positive,happy,positive
5953,Southwest,positive,happy,positive
5957,Southwest,positive,top,positive
5958,Southwest,negative,limited,negative
5960,Southwest,negative,worst,negative
5962,Southwest,negative,popular,positive
5963,Southwest,negative,fault,negative
5964,Southwest,negative,worst,negative
5965,Southwest,positive,lame,negative
5965,Southwest,positive,childish,negative
5965,Southwest,positive,loyal,positive
5966,Southwest,positive,frustration,negative
5966,Southwest,positive,constructive,positive
5966,Southwest,positive,criticism,negative
5966,Southwest,positive,love,positive
5967,Southwest,neutral,awesome,positive
5971,Southwest,negative,sneaky,negative
5971,Southwest,negative,shameful,negative
5974,Southwest,neutral,compatible,positive
5975,Southwest,negative,sincere,positive
5975,Southwest,negative,glad,positive
5979,Southwest,negative,rude,negative
5980,Southwest,negative,rude,negative
5980,Southwest,negative,unacceptable,negative
5981,Southwest,negative,trouble,negative
5982,Southwest,positive,love,positive
5984,Southwest,neutral,bonus,positive
5990,Southwest,positive,congratulations,positive
5993,Southwest,neutral,lack,negative
5993,Southwest,neutral,cheapest,positive
5994,Southwest,negative,hard,negative
5995,Southwest,positive,superb,positive
5995,Southwest,positive,raving,negative
5995,Southwest,positive,stress,negative
5995,Southwest,positive,glitches,negative
5999,Southwest,negative,free,positive
5999,Southwest,negative,sad,negative
6000,Southwest,negative,incredibly,positive
6000,Southwest,negative,frustrating,negative
6001,Southwest,negative,free,positive
6005,Southwest,positive,prompt,positive
6007,Southwest,neutral,congratulations,positive
6008,Southwest,neutral,love,positive
6009,Southwest,neutral,pretty,positive
6010,Southwest,positive,love,positive
6010,Southwest,positive,helpful,positive
6011,Southwest,positive,love,positive
6014,Southwest,negative,cheaper,positive
6016,Southwest,neutral,reward,positive
6016,Southwest,neutral,recovery,positive
6016,Southwest,neutral,honesty,positive
6020,Southwest,positive,favorite,positive
6021,Southwest,positive,congratulations,positive
6022,Southwest,negative,delayed,negative
6024,Southwest,neutral,intelligent,positive
6029,Southwest,negative,lucky,positive
6030,Southwest,neutral,fave,positive
6034,Southwest,negative,lose,negative
6035,Southwest,negative,supporter,positive
6035,Southwest,negative,boycott,negative
6036,Southwest,neutral,delayed,negative
6041,Southwest,positive,support,positive
6045,Southwest,negative,fun,positive
6045,Southwest,negative,happy,positive
6045,Southwest,negative,redeeming,positive
6045,Southwest,negative,reward,positive
6045,Southwest,negative,loyal,positive
6046,Southwest,negative,delay,negative
6047,Southwest,positive,love,positive
6051,Southwest,positive,amazing,positive
6054,Southwest,neutral,poor,negative
6057,Southwest,positive,love,positive
6057,Southwest,positive,love,positive
6059,Southwest,negative,issues,negative
6060,Southwest,neutral,affordable,positive
6062,Southwest,neutral,nice,positive
6062,Southwest,neutral,cold,negative
6063,Southwest,negative,stuck,negative
6063,Southwest,negative,disappointed,negative
6064,Southwest,negative,love,positive
6064,Southwest,negative,friendly,positive
6064,Southwest,negative,delayed,negative
6064,Southwest,negative,missed,negative
6065,Southwest,positive,timely,positive
6065,Southwest,positive,missed,negative
6066,Southwest,negative,hates,negative
6066,Southwest,negative,oversize,negative
6066,Southwest,negative,fail,negative
6069,Southwest,negative,delayed,negative
6070,Southwest,positive,rich,positive
6072,Southwest,neutral,ugh,negative
6073,Southwest,neutral,missed,negative
6073,Southwest,neutral,love,positive
6073,Southwest,neutral,death,negative
6076,Southwest,neutral,hilarious,positive
6077,Southwest,negative,lost,negative
6079,Southwest,positive,love,positive
6081,Southwest,positive,unpredictable,negative
6082,Southwest,positive,love,positive
6082,Southwest,positive,dying,negative
6083,Southwest,negative,humor,positive
6083,Southwest,negative,stuck,negative
6083,Southwest,negative,correctly,positive
6090,Southwest,negative,rude,negative
6090,Southwest,negative,delay,negative
6093,Southwest,neutral,capable,positive
6093,Southwest,neutral,emergency,negative
6095,Southwest,positive,fantastic,positive
6097,Southwest,positive,happy,positive
6098,Southwest,negative,inconvenience,negative
6099,Southwest,positive,clever,positive
6100,Southwest,negative,misleading,negative
6101,Southwest,positive,amazing,positive
6106,Southwest,negative,loose,negative
6107,Southwest,neutral,winners,positive
6110,Southwest,negative,reasonable,positive
6112,Southwest,positive,love,positive
6113,Southwest,negative,delays,negative
6114,Southwest,negative,worst,negative
6117,Southwest,negative,bad,negative
6118,Southwest,positive,nice,positive
6119,Southwest,negative,unavailable,negative
6122,Southwest,negative,fav,positive
6125,Southwest,neutral,winners,positive
6127,Southwest,positive,heck,negative
6129,Southwest,negative,fault,negative
6130,Southwest,neutral,yay,positive
6133,Southwest,negative,free,positive
6137,Southwest,neutral,mad,negative
6137,Southwest,neutral,threatening,negative
6139,Southwest,negative,inclement,negative
6140,Southwest,positive,whoa,positive
6145,Southwest,neutral,winners,positive
6145,Southwest,neutral,win,positive
6148,Southwest,negative,damn,negative
6149,Southwest,positive,love,positive
6150,Southwest,positive,personalized,positive
6151,Southwest,neutral,won,positive
6153,Southwest,negative,demolish,negative
6155,Southwest,negative,lost,negative
6155,Southwest,negative,lost,negative
6157,Southwest,negative,shit,negative
6157,Southwest,negative,bloody,negative
6157,Southwest,negative,fucking,negative
6157,Southwest,negative,emergency,negative
6159,Southwest,negative,pretty,positive
6159,Southwest,negative,entertain,positive
6159,Southwest,negative,witty,positive
6162,Southwest,negative,frustrated,negative
6162,Southwest,negative,trapped,negative
6163,Southwest,positive,awesome,positive
6164,Southwest,negative,lost,negative
6164,Southwest,negative,disappointed,negative
6164,Southwest,negative,frustrated,negative
6166,Southwest,positive,attentive,positive
6167,Southwest,negative,free,positive
6173,Southwest,positive,awesome,positive
6174,Southwest,neutral,cold,negative
6176,Southwest,negative,hung,negative
6178,Southwest,positive,glad,positive
6179,Southwest,positive,happy,positive
6185,Southwest,positive,love,positive
6186,Southwest,positive,glad,positive
6187,Southwest,neutral,ready,positive
6188,Southwest,neutral,broken,negative
6189,Southwest,negative,fuck,negative
6191,Southwest,negative,miserable,negative
6192,Southwest,positive,amazing,positive
6193,Southwest,neutral,ftw,positive
6194,Southwest,neutral,winners,positive
6196,Southwest,negative,bad,negative
6196,Southwest,negative,scared,negative
6198,Southwest,positive,hard,negative
6198,Southwest,positive,love,positive
6203,Southwest,neutral,bonus,positive
6203,Southwest,neutral,expire,negative
6207,Southwest,negative,lost,negative
6208,Southwest,neutral,support,positive
6211,Southwest,neutral,easier,positive
6216,Southwest,negative,worried,negative
6218,Southwest,negative,screwed,negative
6221,Southwest,negative,worst,negative
6223,Southwest,negative,bumped,negative
6224,Southwest,neutral,promise,positive
6226,Southwest,negative,delay,negative
6227,Southwest,neutral,winners,positive
6227,Southwest,neutral,lucky,positive
6228,Southwest,positive,expired,negative
6229,Southwest,positive,kindly,positive
6230,Southwest,negative,suck,negative
6231,Southwest,neutral,won,positive
6235,Southwest,neutral,break,negative
6236,Southwest,negative,happiness,positive
6238,Southwest,positive,support,positive
6241,Southwest,positive,yay,positive
6243,Southwest,negative,poor,negative
6246,Southwest,positive,ready,positive
6251,Southwest,neutral,promptly,positive
6252,Southwest,negative,rapid,positive
6254,Southwest,positive,warm,positive
6257,Southwest,neutral,lead,positive
6260,Southwest,positive,love,positive
6262,Southwest,negative,delayed,negative
6262,Southwest,negative,bother,negative
6262,Southwest,negative,worse,negative
6265,Southwest,neutral,approval,positive
6269,Southwest,negative,dumb,negative
6270,Southwest,negative,nice,positive
6270,Southwest,negative,hung,negative
6273,Southwest,positive,dead,negative
6273,Southwest,positive,happy,positive
6275,Southwest,negative,dumb,negative
6276,Southwest,neutral,favorite,positive
6276,Southwest,neutral,amazing,positive
6276,Southwest,neutral,win,positive
6278,Southwest,negative,fine,positive
6280,Southwest,positive,holy,positive
6280,Southwest,positive,shit,negative
6283,Southwest,neutral,holy,positive
6286,Southwest,neutral,gain,positive
6286,Southwest,neutral,love,positive
6292,Southwest,neutral,ready,positive
6294,Southwest,negative,crashed,negative
6294,Southwest,negative,failed,negative
6294,Southwest,negative,unable,negative
6298,Southwest,negative,loss,negative
6298,Southwest,negative,accurate,positive
6300,Southwest,negative,delay,negative
6302,Southwest,positive,pleasantly,positive
6304,Southwest,negative,undignified,negative
6305,Southwest,negative,delayed,negative
6306,Southwest,negative,complaint,negative
6306,Southwest,negative,disgruntled,negative
6306,Southwest,negative,ruined,negative
6307,Southwest,positive,awesome,positive
6315,Southwest,negative,love,positive
6315,Southwest,negative,nice,positive
6315,Southwest,negative,concerns,negative
6317,Southwest,negative,vomited,negative
6317,Southwest,negative,chaos,negative
6318,Southwest,negative,free,positive
6318,Southwest,negative,complaints,negative
6320,Southwest,negative,complaint,negative
6321,Southwest,negative,loyal,positive
6321,Southwest,negative,astounded,positive
6321,Southwest,negative,lack,negative
6321,Southwest,negative,concern,negative
6322,Southwest,negative,worse,negative
6322,Southwest,negative,contempt,negative
6322,Southwest,negative,worse,negative
6323,Southwest,neutral,cheap,negative
6324,Southwest,negative,tired,negative
6325,Southwest,negative,refund,positive
6325,Southwest,negative,reward,positive
6325,Southwest,negative,refused,negative
6332,Southwest,negative,free,positive
6334,Southwest,negative,displeased,negative
6339,Southwest,negative,error,negative
6339,Southwest,negative,rude,negative
6340,Southwest,positive,honest,positive
6344,Southwest,positive,worries,negative
6344,Southwest,positive,disappointments,negative
6344,Southwest,positive,disappoint,negative
6345,Southwest,negative,delayed,negative
6350,Southwest,positive,win,positive
6351,Southwest,neutral,success,positive
6355,Southwest,neutral,delays,negative
6356,Southwest,neutral,winner,positive
6358,Southwest,neutral,support,positive
6359,Southwest,positive,love,positive
6360,Southwest,negative,rude,negative
6361,Southwest,negative,ugh,negative
6365,Southwest,negative,bad,negative
6365,Southwest,negative,broke,negative
6366,Southwest,negative,frustration,negative
6366,Southwest,negative,stuck,negative
6367,Southwest,negative,ashamed,negative
6368,Southwest,positive,painless,positive
6369,Southwest,neutral,innovation,positive
6370,Southwest,neutral,troubles,negative
6373,Southwest,neutral,stuck,negative
6374,Southwest,positive,free,positive
6375,Southwest,positive,wonderfully,positive
6375,Southwest,positive,nice,positive
6375,Southwest,positive,helped,positive
6375,Southwest,positive,proper,positive
6375,Southwest,positive,kudos,positive
6376,Southwest,positive,hot,positive
6379,Southwest,negative,freezing,negative
6379,Southwest,negative,enjoying,positive
6382,Southwest,negative,odd,negative
6382,Southwest,negative,delayed,negative
6383,Southwest,negative,enjoying,positive
6383,Southwest,negative,error,negative
6383,Southwest,negative,sarcasm,negative
6386,Southwest,negative,dick,negative
6387,Southwest,negative,hangs,negative
6389,Southwest,positive,excellent,positive
6392,Southwest,negative,wonderful,positive
6393,Southwest,negative,patience,positive
6394,Southwest,negative,delayed,negative
6394,Southwest,negative,missed,negative
6395,Southwest,positive,win,positive
6395,Southwest,positive,happy,positive
6397,Southwest,positive,excellent,positive
6399,Southwest,negative,disheartening,negative
6399,Southwest,negative,wasted,negative
6403,Southwest,negative,timely,positive
6403,Southwest,negative,horrible,negative
6404,Southwest,negative,wow,positive
6407,Southwest,negative,rude,negative
6407,Southwest,negative,stolen,negative
6410,Southwest,positive,glad,positive
6410,Southwest,positive,bad,negative
6410,Southwest,positive,free,positive
6413,Southwest,negative,frustrated,negative
6413,Southwest,negative,rip,negative
6417,Southwest,negative,annoying,negative
6417,Southwest,negative,reachable,positive
6421,Southwest,negative,uneventful,negative
6421,Southwest,negative,panic,negative
6421,Southwest,negative,breaking,negative
6423,Southwest,neutral,rapid,positive
6427,Southwest,negative,helpful,positive
6429,Southwest,negative,stuck,negative
6430,Southwest,neutral,winner,positive
6431,Southwest,positive,snag,negative
6431,Southwest,positive,free,positive
6436,Southwest,positive,excited,positive
6436,Southwest,positive,support,positive
6436,Southwest,positive,free,positive
6437,Southwest,negative,promised,positive
6437,Southwest,negative,delayed,negative
6437,Southwest,negative,happy,positive
6438,Southwest,positive,love,positive
6440,Southwest,positive,sweet,positive
6442,Southwest,negative,bad,negative
6444,Southwest,positive,respect,positive
6447,Southwest,positive,thankful,positive
6449,Southwest,negative,happy,positive
6449,Southwest,negative,bankrupt,negative
6450,Southwest,negative,delays,negative
6452,Southwest,positive,luck,positive
6452,Southwest,positive,horrible,negative
6454,Southwest,negative,rapid,positive
6454,Southwest,negative,mad,negative
6457,Southwest,negative,miss,negative
6457,Southwest,negative,wrong,negative
6458,Southwest,negative,finest,positive
6466,Southwest,negative,issue,negative
6467,Southwest,positive,safely,positive
6468,Southwest,negative,sadly,negative
6468,Southwest,negative,disappointing,negative
6471,Southwest,negative,worst,negative
6472,Southwest,negative,delayed,negative
6475,Southwest,positive,awesome,positive
6477,Southwest,negative,concerned,negative
6480,Southwest,positive,safely,positive
6481,Southwest,negative,bs,negative
6484,Southwest,negative,bullshit,negative
6486,Southwest,negative,sick,negative
6487,Southwest,negative,poor,negative
6490,Southwest,negative,undefined,negative
6490,Southwest,negative,error,negative
6491,Southwest,negative,poor,negative
6493,Southwest,negative,delayed,negative
6495,Southwest,neutral,hard,negative
6496,Southwest,negative,crappy,negative
6499,Southwest,negative,charm,positive
6502,Southwest,negative,decent,positive
6502,Southwest,negative,slow,negative
6504,Southwest,negative,disappointed,negative
6504,Southwest,negative,poor,negative
6505,Southwest,negative,helped,positive
6505,Southwest,negative,nice,positive
6506,Southwest,negative,messed,negative
6506,Southwest,negative,worst,negative
6507,Southwest,negative,messed,negative
6508,Southwest,negative,lost,negative
6509,Southwest,neutral,delayed,negative
6512,Southwest,positive,worries,negative
6512,Southwest,positive,safe,positive
6513,Southwest,negative,ridiculous,negative
6515,Southwest,negative,terrible,negative
6515,Southwest,negative,terrible,negative
6516,Southwest,neutral,winners,positive
6518,Southwest,negative,expired,negative
6519,Southwest,neutral,swamped,negative
6520,Southwest,neutral,celebrate,positive
6521,Southwest,negative,worst,negative
6521,Southwest,negative,poor,negative
6523,Southwest,negative,fastest,positive
6524,Southwest,negative,ridiculous,negative
6524,Southwest,negative,bad,negative
6526,Southwest,positive,amazing,positive
6528,Southwest,positive,complaint,negative
6528,Southwest,positive,amazing,positive
6530,Southwest,negative,stuck,negative
6537,Southwest,negative,screwed,negative
6537,Southwest,negative,mistake,negative
6545,Southwest,neutral,love,positive
6548,Southwest,negative,hung,negative
6549,Southwest,negative,poor,negative
6551,Southwest,neutral,cheer,positive
6552,Southwest,negative,trouble,negative
6553,Southwest,negative,slow,negative
6553,Southwest,negative,waste,negative
6553,Southwest,negative,lost,negative
6555,Southwest,negative,delay,negative
6556,Southwest,neutral,wonderful,positive
6559,Southwest,positive,love,positive
6566,Southwest,negative,exhausted,negative
6567,Southwest,negative,yay,positive
6567,Southwest,negative,delays,negative
6569,Southwest,neutral,joke,negative
6570,Southwest,positive,appreciated,positive
6571,Southwest,negative,love,positive
6572,Southwest,negative,wasted,negative
6575,Southwest,neutral,gain,positive
6575,Southwest,neutral,appreciated,positive
6585,Southwest,neutral,popular,positive
6590,Southwest,negative,complaints,negative
6592,Southwest,negative,impossible,negative
6593,Southwest,negative,impossible,negative
6593,Southwest,negative,super,positive
6595,Southwest,negative,fraud,negative
6597,Southwest,negative,bad,negative
6597,Southwest,negative,disappointed,negative
6599,Southwest,negative,recommend,positive
6606,Southwest,positive,faith,positive
6608,Southwest,negative,bad,negative
6609,Southwest,negative,unspecified,negative
6609,Southwest,negative,error,negative
6610,Southwest,negative,pointless,negative
6610,Southwest,negative,delayed,negative
6610,Southwest,negative,lost,negative
6611,Southwest,negative,unspecified,negative
6611,Southwest,negative,errors,negative
6612,Southwest,positive,love,positive
6614,Southwest,negative,super,positive
6614,Southwest,negative,disappointed,negative
6614,Southwest,negative,stress,negative
6616,Southwest,negative,tortured,negative
6617,Southwest,negative,delay,negative
6617,Southwest,negative,stuck,negative
6617,Southwest,negative,unacceptable,negative
6619,Southwest,positive,worries,negative
6621,Southwest,negative,delayed,negative
6622,Southwest,neutral,happily,positive
6623,Southwest,negative,horrible,negative
6625,Southwest,positive,worries,negative
6625,Southwest,positive,luck,positive
6626,Southwest,negative,terribly,negative
6630,Southwest,negative,issues,negative
6631,Southwest,negative,guidance,positive
6635,Southwest,negative,refund,positive
6636,Southwest,negative,loyal,positive
6636,Southwest,negative,happy,positive
6638,Southwest,negative,refund,positive
6641,Southwest,negative,worst,negative
6641,Southwest,negative,terrible,negative
6646,Southwest,negative,ding,negative
6647,Southwest,negative,disrespect,negative
6651,Southwest,negative,refund,positive
6655,Southwest,neutral,awards,positive
6657,Southwest,positive,delighted,positive
6661,Southwest,positive,awesome,positive
6662,Southwest,positive,helpful,positive
6662,Southwest,positive,bright,positive
6662,Southwest,positive,frustrating,negative
6667,Southwest,negative,love,positive
6668,Southwest,negative,ridiculous,negative
6669,Southwest,negative,frustration,negative
6671,Southwest,negative,hang,negative
6671,Southwest,negative,dying,negative
6675,Southwest,positive,safely,positive
6675,Southwest,positive,free,positive
6677,Southwest,negative,frustrated,negative
6679,Southwest,negative,outbreak,negative
6681,Southwest,positive,mess,negative
6682,Southwest,negative,dead,negative
6682,Southwest,negative,intelligent,positive
6684,Southwest,negative,ridiculous,negative
6685,Southwest,negative,condescension,negative
6688,Southwest,neutral,damn,negative
6688,Southwest,neutral,messing,negative
6690,Southwest,negative,disappointed,negative
6690,Southwest,negative,losing,negative
6691,Southwest,negative,cool,positive
6692,Southwest,negative,happy,positive
6695,Southwest,negative,improvements,positive
6699,Southwest,negative,free,positive
6699,Southwest,negative,support,positive
6701,Southwest,negative,ridiculous,negative
6704,Southwest,negative,kudos,positive
6708,Southwest,negative,loyal,positive
6710,Southwest,negative,bad,negative
6712,Southwest,negative,delays,negative
6714,Southwest,positive,outstanding,positive
6718,Southwest,negative,worst,negative
6723,Southwest,negative,frustrated,negative
6724,Southwest,positive,beautiful,positive
6726,Southwest,negative,delayed,negative
6730,Southwest,negative,slow,negative
6730,Southwest,negative,leading,positive
6730,Southwest,negative,delays,negative
6736,Southwest,negative,hung,negative
6736,Southwest,negative,trapped,negative
6737,Southwest,negative,unhelpful,negative
6738,Southwest,negative,harass,negative
6738,Southwest,negative,scared,negative
6740,Southwest,neutral,inability,negative
6741,Southwest,neutral,glitch,negative
6742,Southwest,negative,frustrated,negative
6743,Southwest,negative,stuck,negative
6743,Southwest,negative,tough,positive
6743,Southwest,negative,bad,negative
6744,Southwest,positive,nice,positive
6746,Southwest,negative,cool,positive
6748,Delta,neutral,hate,negative
6751,Delta,negative,dirty,negative
6751,Delta,negative,clean,positive
6752,Delta,neutral,appreciated,positive
6755,Delta,negative,nonsense,negative
6755,Delta,negative,waste,negative
6755,Delta,negative,cheap,negative
6758,Delta,neutral,boundless,positive
6759,Delta,negative,lose,negative
6761,Delta,neutral,suicide,negative
6761,Delta,neutral,leading,positive
6761,Delta,neutral,death,negative
6768,Delta,negative,issues,negative
6768,Delta,negative,rejecting,negative
6769,Delta,negative,upset,negative
6769,Delta,negative,lack,negative
6773,Delta,positive,nervous,negative
6773,Delta,positive,bad,negative
6775,Delta,positive,proud,positive
6776,Delta,positive,awesome,positive
6779,Delta,negative,lame,negative
6779,Delta,negative,lame,negative
6780,Delta,negative,nonsense,negative
6782,Delta,negative,tired,negative
6783,Delta,positive,cold,negative
6787,Delta,negative,lie,negative
6787,Delta,negative,hate,negative
6788,Delta,negative,issue,negative
6788,Delta,negative,correctly,positive
6789,Delta,negative,trouble,negative
6791,Delta,neutral,delayed,negative
6794,Delta,neutral,courteous,positive
6796,Delta,negative,troubles,negative
6796,Delta,negative,lack,negative
6796,Delta,negative,troubles,negative
6797,Delta,neutral,enjoy,positive
6799,Delta,neutral,trouble,negative
6801,Delta,positive,pretty,positive
6803,Delta,positive,love,positive
6804,Delta,neutral,love,positive
6805,Delta,neutral,vice,negative
6807,Delta,positive,longing,negative
6812,Delta,positive,wow,positive
6812,Delta,positive,amazing,positive
6813,Delta,positive,easy,positive
6814,Delta,negative,complaints,negative
6818,Delta,positive,glowing,positive
6820,Delta,neutral,limited,negative
6821,Delta,positive,glad,positive
6821,Delta,positive,free,positive
6821,Delta,positive,steal,negative
6822,Delta,positive,helped,positive
6822,Delta,positive,promise,positive
6822,Delta,positive,free,positive
6823,Delta,positive,loyal,positive
6830,Delta,positive,nice,positive
6830,Delta,positive,advantage,positive
6831,Delta,positive,incredible,positive
6833,Delta,negative,promising,positive
6842,Delta,negative,delayed,negative
6845,Delta,negative,deplorable,negative
6846,Delta,negative,missed,negative
6846,Delta,negative,miss,negative
6847,Delta,neutral,rough,negative
6849,Delta,positive,amazing,positive
6853,Delta,negative,worse,negative
6853,Delta,negative,worse,negative
6860,Delta,negative,worst,negative
6860,Delta,negative,suffered,negative
6861,Delta,positive,amazing,positive
6867,Delta,neutral,ready,positive
6869,Delta,negative,helpful,positive
6870,Delta,negative,dim,negative
6875,Delta,positive,happy,positive
6875,Delta,positive,hard,negative
6876,Delta,negative,amazing,positive
6876,Delta,negative,disappointing,negative
6877,Delta,positive,super,positive
6877,Delta,positive,smooth,positive
6877,Delta,positive,nicely,positive
6878,Delta,neutral,winners,positive
6880,Delta,negative,errors,negative
6880,Delta,negative,delays,negative
6881,Delta,negative,delay,negative
6881,Delta,negative,stuck,negative
6883,Delta,negative,stole,negative
6886,Delta,negative,stealing,negative
6887,Delta,negative,missed,negative
6888,Delta,negative,worries,negative
6889,Delta,negative,lose,negative
6891,Delta,negative,mistakes,negative
6891,Delta,negative,lost,negative
6894,Delta,neutral,madness,negative
6896,Delta,positive,comfortably,positive
6899,Delta,negative,lag,negative
6899,Delta,negative,delay,negative
6904,Delta,neutral,funny,negative
6905,Delta,neutral,lie,negative
6908,Delta,negative,helpful,positive
6908,Delta,negative,patient,positive
6908,Delta,negative,friendly,positive
6909,Delta,neutral,delays,negative
6913,Delta,negative,improve,positive
6913,Delta,negative,zombie,negative
6918,Delta,positive,bad,negative
6920,Delta,neutral,redemption,positive
6922,Delta,negative,damn,negative
6927,Delta,neutral,weird,negative
6929,Delta,neutral,deny,negative
6938,Delta,negative,contribution,positive
6939,Delta,positive,ready,positive
6939,Delta,positive,enjoy,positive
6940,Delta,neutral,love,positive
6941,Delta,negative,delay,negative
6942,Delta,negative,nice,positive
6946,Delta,positive,nice,positive
6953,Delta,negative,popular,positive
6953,Delta,negative,depressing,negative
6953,Delta,negative,embarrassing,negative
6955,Delta,negative,delay,negative
6957,Delta,neutral,amazing,positive
6960,Delta,negative,delayed,negative
6960,Delta,negative,miss,negative
6960,Delta,negative,fuck,negative
6967,Delta,positive,prefer,positive
6968,Delta,positive,bitch,negative
6971,Delta,positive,bad,negative
6974,Delta,negative,improve,positive
6976,Delta,positive,excited,positive
6981,Delta,negative,delayed,negative
6982,Delta,negative,hate,negative
6984,Delta,negative,proactive,positive
6988,Delta,neutral,dark,negative
7001,Delta,negative,issues,negative
7002,Delta,negative,helping,positive
7008,Delta,neutral,wow,positive
7010,Delta,negative,afford,positive
7010,Delta,negative,miss,negative
7010,Delta,negative,ugh,negative
7012,Delta,negative,miss,negative
7013,Delta,positive,loved,positive
7023,Delta,neutral,nice,positive
7025,Delta,neutral,wow,positive
7027,Delta,positive,humor,positive
7028,Delta,negative,dead,negative
7035,Delta,negative,shit,negative
7040,Delta,neutral,hate,negative
7042,Delta,negative,worse,negative
7046,Delta,negative,hate,negative
7051,Delta,negative,madness,negative
7059,Delta,negative,free,positive
7059,Delta,negative,indignation,negative
7066,Delta,positive,wow,positive
7068,Delta,negative,complaints,negative
7070,Delta,negative,miss,negative
7074,Delta,negative,support,positive
7074,Delta,negative,shame,negative
7074,Delta,negative,reasonable,positive
7074,Delta,negative,cheaper,positive
7080,Delta,negative,delayed,negative
7088,Delta,negative,sick,negative
7091,Delta,positive,wow,positive
7099,Delta,positive,lovely,positive
7101,Delta,negative,hate,negative
7102,Delta,neutral,breaks,negative
7111,Delta,negative,bad,negative
7111,Delta,negative,bad,negative
7122,Delta,positive,excited,positive
7124,Delta,negative,trust,positive
7124,Delta,negative,childish,negative
7125,Delta,positive,love,positive
7136,Delta,positive,excited,positive
7138,Delta,negative,hell,negative
7138,Delta,negative,petty,negative
7140,Delta,positive,love,positive
7145,Delta,positive,love,positive
7147,Delta,positive,excited,positive
7149,Delta,neutral,dead,negative
7150,Delta,negative,fucking,negative
7153,Delta,neutral,free,positive
7166,Delta,positive,fav,positive
7167,Delta,positive,proper,positive
7169,Delta,positive,cool,positive
7175,Delta,negative,delayed,negative
7178,Delta,positive,bonus,positive
7181,Delta,negative,strange,negative
7182,Delta,positive,gladly,positive
7183,Delta,negative,bad,negative
7187,Delta,negative,super,positive
7187,Delta,negative,disappointed,negative
7188,Delta,negative,buggy,negative
7188,Delta,negative,delay,negative
7190,Delta,negative,unhappy,negative
7190,Delta,negative,delayed,negative
7190,Delta,negative,missed,negative
7195,Delta,neutral,stupid,negative
7195,Delta,neutral,split,negative
7197,Delta,negative,correct,positive
7199,Delta,positive,issue,negative
7201,Delta,neutral,nice,positive
7202,Delta,positive,finest,positive
7205,Delta,negative,faster,positive
7206,Delta,neutral,fun,positive
7218,Delta,positive,free,positive
7219,Delta,neutral,easiest,positive
7221,Delta,negative,fun,positive
7222,Delta,negative,wasting,negative
7222,Delta,negative,upset,negative
7224,Delta,neutral,insane,negative
7225,Delta,positive,luck,positive
7225,Delta,positive,enjoying,positive
7225,Delta,positive,luxurious,positive
7225,Delta,positive,free,positive
7228,Delta,neutral,love,positive
7230,Delta,negative,delays,negative
7231,Delta,negative,love,positive
7231,Delta,negative,complex,negative
7231,Delta,negative,maddening,negative
7232,Delta,negative,limit,negative
7233,Delta,neutral,liking,positive
7235,Delta,negative,disaster,negative
7236,Delta,negative,delayed,negative
7237,Delta,positive,awesome,positive
7239,Delta,negative,delayed,negative
7240,Delta,negative,promptly,positive
7241,Delta,negative,issues,negative
7244,Delta,positive,love,positive
7244,Delta,positive,hard,negative
7244,Delta,positive,trap,negative
7245,Delta,negative,issue,negative
7248,Delta,neutral,happy,positive
7249,Delta,positive,pure,positive
7249,Delta,positive,awesomeness,positive
7250,Delta,negative,terrible,negative
7253,Delta,positive,amazing,positive
7254,Delta,negative,woo,positive
7254,Delta,negative,delayed,negative
7254,Delta,negative,positive,positive
7256,Delta,positive,free,positive
7256,Delta,positive,impressive,positive
7257,Delta,negative,delayed,negative
7257,Delta,negative,fail,negative
7259,Delta,negative,delay,negative
7260,Delta,neutral,delays,negative
7260,Delta,neutral,delay,negative
7261,Delta,positive,awesome,positive
7262,Delta,negative,stuck,negative
7262,Delta,negative,delay,negative
7263,Delta,positive,delinquent,negative
7264,Delta,negative,joke,negative
7265,Delta,negative,joke,negative
7265,Delta,negative,missed,negative
7268,Delta,negative,disappointed,negative
7268,Delta,negative,lack,negative
7268,Delta,negative,compassion,positive
7268,Delta,negative,beg,negative
7270,Delta,negative,delayed,negative
7272,Delta,negative,delay,negative
7273,Delta,negative,devastated,negative
7274,Delta,negative,delay,negative
7275,Delta,positive,kudos,positive
7276,Delta,positive,sweet,positive
7277,Delta,negative,missed,negative
7277,Delta,negative,disappointed,negative
7280,Delta,neutral,pretty,positive
7281,Delta,negative,delayed,negative
7282,Delta,negative,lack,negative
7282,Delta,negative,rough,negative
7283,Delta,negative,ridiculous,negative
7288,Delta,neutral,sad,negative
7290,Delta,positive,worry,negative
7292,Delta,negative,goodwill,positive
7292,Delta,negative,fine,positive
7295,Delta,positive,awesome,positive
7297,Delta,negative,hard,negative
7298,Delta,negative,stressful,negative
7298,Delta,negative,helped,positive
7298,Delta,negative,awesome,positive
7299,Delta,negative,fat,negative
7301,Delta,negative,bankrupt,negative
7301,Delta,negative,bad,negative
7301,Delta,negative,overweight,negative
7301,Delta,negative,outrageous,negative
7303,Delta,negative,upset,negative
7306,Delta,positive,love,positive
7307,Delta,negative,lost,negative
7308,Delta,negative,delay,negative
7308,Delta,negative,delay,negative
7308,Delta,negative,hard,negative
7309,Delta,negative,worst,negative
7312,Delta,positive,awful,negative
7313,Delta,negative,delay,negative
7313,Delta,negative,issues,negative
7314,Delta,neutral,badly,negative
7315,Delta,negative,concerned,negative
7315,Delta,negative,delay,negative
7315,Delta,negative,delayed,negative
7317,Delta,negative,exceed,positive
7317,Delta,negative,incredible,positive
7322,Delta,negative,silly,negative
7323,Delta,negative,impossible,negative
7323,Delta,negative,compliant,positive
7324,Delta,neutral,shiver,negative
7326,Delta,negative,disaster,negative
7326,Delta,negative,delay,negative
7328,Delta,negative,delayed,negative
7329,Delta,negative,dissapointed,negative
7331,Delta,neutral,wins,positive
7331,Delta,neutral,nice,positive
7333,Delta,negative,annoying,negative
7333,Delta,negative,miss,negative
7334,Delta,negative,lost,negative
7335,Delta,negative,strong,positive
7337,Delta,negative,delayed,negative
7338,Delta,negative,annoying,negative
7339,Delta,negative,glad,positive
7340,Delta,negative,ruined,negative
7341,Delta,negative,tanked,negative
7343,Delta,negative,break,negative
7344,Delta,positive,worried,negative
7345,Delta,negative,delays,negative
7345,Delta,negative,frustrating,negative
7345,Delta,negative,poor,negative
7347,Delta,negative,delay,negative
7347,Delta,negative,worst,negative
7350,Delta,negative,frustrated,negative
7350,Delta,negative,concerned,negative
7351,Delta,negative,accurately,positive
7351,Delta,negative,fine,positive
7353,Delta,positive,glad,positive
7355,Delta,positive,hopeful,positive
7356,Delta,negative,delayed,negative
7358,Delta,negative,dissatisfied,negative
7360,Delta,negative,free,positive
7360,Delta,negative,delay,negative
7361,Delta,negative,delayed,negative
7362,Delta,neutral,guarantee,positive
7363,Delta,negative,delayed,negative
7367,Delta,positive,refund,positive
7367,Delta,positive,bizarre,negative
7367,Delta,positive,excellent,positive
7372,Delta,negative,reliable,positive
7372,Delta,negative,friendly,positive
7373,Delta,neutral,smell,negative
7373,Delta,neutral,stupid,negative
7374,Delta,negative,nice,positive
7376,Delta,negative,unreal,positive
7378,Delta,neutral,delayed,negative
7379,Delta,negative,lost,negative
7379,Delta,negative,waste,negative
7380,Delta,negative,wrong,negative
7381,Delta,negative,safe,positive
7381,Delta,negative,loyal,positive
7384,Delta,negative,goodwill,positive
7384,Delta,negative,stuck,negative
7385,Delta,negative,worry,negative
7386,Delta,positive,cool,positive
7387,Delta,neutral,chill,negative
7388,Delta,negative,freaking,negative
7388,Delta,negative,hard,negative
7390,Delta,negative,failed,negative
7390,Delta,negative,delay,negative
7392,Delta,negative,sadly,negative
7392,Delta,negative,difficulties,negative
7393,Delta,negative,absurd,negative
7393,Delta,negative,stranger,negative
7394,Delta,neutral,disabled,negative
7395,Delta,negative,guarantee,positive
7395,Delta,negative,missed,negative
7398,Delta,negative,lucky,positive
7398,Delta,negative,failure,negative
7399,Delta,negative,honor,positive
7400,Delta,negative,helpful,positive
7401,Delta,negative,failure,negative
7402,Delta,negative,insulting,negative
7404,Delta,negative,excuse,negative
7404,Delta,negative,delay,negative
7405,Delta,negative,guarantee,positive
7405,Delta,negative,promise,positive
7407,Delta,negative,delays,negative
7409,Delta,negative,criminal,negative
7410,Delta,negative,unhappy,negative
7412,Delta,negative,delays,negative
7412,Delta,negative,unnecessary,negative
7414,Delta,negative,refuse,negative
7415,Delta,negative,delay,negative
7416,Delta,negative,inconceivable,negative
7417,Delta,negative,delayed,negative
7418,Delta,negative,delay,negative
7419,Delta,negative,absurd,negative
7419,Delta,negative,dick,negative
7421,Delta,neutral,broken,negative
7422,Delta,neutral,lovely,positive
7423,Delta,negative,delayed,negative
7423,Delta,negative,unbelievable,negative
7424,Delta,neutral,loyal,positive
7425,Delta,negative,delayed,negative
7425,Delta,negative,waste,negative
7429,Delta,negative,appreciated,positive
7429,Delta,negative,delay,negative
7431,Delta,negative,promised,positive
7432,Delta,negative,suck,negative
7437,Delta,negative,concern,negative
7438,Delta,negative,delayed,negative
7442,Delta,negative,hot,positive
7443,Delta,negative,delays,negative
7446,Delta,negative,stupid,negative
7446,Delta,negative,headaches,negative
7448,Delta,positive,love,positive
7449,Delta,negative,goodwill,positive
7450,Delta,negative,delay,negative
7450,Delta,negative,trouble,negative
7452,Delta,negative,awesome,positive
7452,Delta,negative,delayed,negative
7454,Delta,positive,top,positive
7455,Delta,negative,delayed,negative
7456,Delta,negative,delays,negative
7456,Delta,negative,craziness,negative
7459,Delta,negative,fault,negative
7460,Delta,neutral,nice,positive
7460,Delta,neutral,warm,positive
7464,Delta,negative,bother,negative
7466,Delta,negative,unacceptable,negative
7470,Delta,positive,awesome,positive
7471,Delta,negative,incompetent,negative
7473,Delta,negative,debacle,negative
7475,Delta,neutral,benefits,positive
7477,Delta,negative,failed,negative
7478,Delta,negative,delayed,negative
7483,Delta,positive,free,positive
7484,Delta,positive,pretty,positive
7486,Delta,positive,love,positive
7488,Delta,negative,delayed,negative
7488,Delta,negative,delay,negative
7490,Delta,negative,delay,negative
7491,Delta,negative,fault,negative
7491,Delta,negative,fun,positive
7493,Delta,negative,shocking,negative
7494,Delta,negative,awkward,negative
7494,Delta,negative,cranky,negative
7498,Delta,negative,wrong,negative
7498,Delta,negative,excuses,negative
7498,Delta,negative,unexpected,negative
7499,Delta,negative,delay,negative
7500,Delta,negative,delayed,negative
7501,Delta,positive,love,positive
7501,Delta,positive,enjoy,positive
7502,Delta,negative,wrong,negative
7504,Delta,negative,delayed,negative
7505,Delta,negative,hot,positive
7505,Delta,negative,wrong,negative
7506,Delta,negative,delayed,negative
7508,Delta,negative,delay,negative
7508,Delta,negative,delay,negative
7508,Delta,negative,tired,negative
7509,Delta,negative,delay,negative
7510,Delta,negative,delayed,negative
7510,Delta,negative,happy,positive
7511,Delta,negative,nice,positive
7511,Delta,negative,delayed,negative
7515,Delta,negative,stuck,negative
7516,Delta,negative,rude,negative
7518,Delta,negative,sucks,negative
7521,Delta,negative,excuse,negative
7522,Delta,negative,bothered,negative
7522,Delta,negative,helped,positive
7526,Delta,positive,unable,negative
7526,Delta,positive,hot,positive
7526,Delta,positive,complimentary,positive
7527,Delta,negative,hopeless,negative
7531,Delta,negative,ridiculous,negative
7533,Delta,negative,shame,negative
7534,Delta,negative,worth,positive
7536,Delta,positive,amazing,positive
7542,Delta,positive,beautiful,positive
7545,Delta,positive,helped,positive
7545,Delta,positive,nice,positive
7546,Delta,negative,error,negative
7547,Delta,negative,award,positive
7547,Delta,negative,winning,positive
7551,Delta,negative,delays,negative
7551,Delta,negative,bad,negative
7554,Delta,positive,amazing,positive
7555,Delta,negative,rude,negative
7555,Delta,negative,helpful,positive
7557,Delta,negative,gorgeous,positive
7560,Delta,negative,ridiculous,negative
7562,Delta,positive,love,positive
7563,Delta,negative,ridiculous,negative
7563,Delta,negative,loyal,positive
7565,Delta,negative,delay,negative
7566,Delta,neutral,mess,negative
7566,Delta,neutral,disaster,negative
7568,Delta,negative,gracious,positive
7568,Delta,negative,delayed,negative
7572,Delta,negative,nice,positive
7574,Delta,positive,personalized,positive
7577,Delta,negative,delays,negative
7577,Delta,negative,honest,positive
7580,Delta,positive,favorite,positive
7581,Delta,negative,refused,negative
7584,Delta,negative,fine,positive
7584,Delta,negative,clean,positive
7588,Delta,negative,delayed,negative
7588,Delta,negative,stuck,negative
7590,Delta,positive,fault,negative
7590,Delta,positive,ideal,positive
7591,Delta,negative,horrible,negative
7596,Delta,negative,delay,negative
7597,Delta,neutral,free,positive
7598,Delta,positive,top,positive
7602,Delta,negative,delays,negative
7602,Delta,negative,unlucky,negative
7604,Delta,neutral,safely,positive
7606,Delta,negative,nice,positive
7608,Delta,positive,love,positive
7609,Delta,negative,delayed,negative
7609,Delta,negative,horrible,negative
7610,Delta,positive,miraculously,positive
7610,Delta,positive,kudos,positive
7611,Delta,neutral,love,positive
7617,Delta,negative,issue,negative
7620,Delta,negative,poor,negative
7631,Delta,negative,delayed,negative
7631,Delta,negative,free,positive
7632,Delta,negative,nasty,negative
7633,Delta,negative,kill,negative
7634,Delta,negative,ready,positive
7635,Delta,negative,fiasco,negative
7637,Delta,negative,poor,negative
7637,Delta,negative,stuck,negative
7638,Delta,negative,suck,negative
7638,Delta,negative,worst,negative
7638,Delta,negative,loyalty,positive
7638,Delta,negative,honor,positive
7639,Delta,neutral,delays,negative
7641,Delta,negative,delayed,negative
7644,Delta,neutral,cheated,negative
7644,Delta,neutral,protection,positive
7647,Delta,negative,stole,negative
7652,Delta,positive,safely,positive
7653,Delta,neutral,delays,negative
7654,Delta,negative,miss,negative
7655,Delta,negative,allergic,negative
7656,Delta,negative,ridiculous,negative
7656,Delta,negative,tired,negative
7657,Delta,negative,lost,negative
7657,Delta,negative,loyal,positive
7659,Delta,negative,delay,negative
7660,Delta,positive,beautiful,positive
7661,Delta,negative,risk,negative
7661,Delta,negative,terribly,negative
7661,Delta,negative,filthy,negative
7663,Delta,positive,tired,negative
7666,Delta,neutral,super,positive
7668,Delta,negative,shocked,negative
7668,Delta,negative,misbehavior,negative
7668,Delta,negative,cheap,negative
7668,Delta,negative,disgusting,negative
7669,Delta,negative,stuck,negative
7670,Delta,negative,wow,positive
7670,Delta,negative,complaining,negative
7672,Delta,positive,yay,positive
7675,Delta,negative,rude,negative
7676,Delta,negative,brutal,negative
7678,Delta,positive,outstanding,positive
7679,Delta,positive,amazing,positive
7679,Delta,positive,delay,negative
7679,Delta,positive,pretty,positive
7679,Delta,positive,fault,negative
7679,Delta,positive,missed,negative
7680,Delta,negative,hesitant,negative
7681,Delta,negative,fun,positive
7683,Delta,negative,cushy,positive
7689,Delta,negative,missed,negative
7689,Delta,negative,inept,negative
7690,Delta,negative,horrible,negative
7691,Delta,neutral,free,positive
7692,Delta,negative,delayed,negative
7693,Delta,negative,patient,positive
7693,Delta,negative,frustrated,negative
7693,Delta,negative,bad,negative
7695,Delta,negative,stupid,negative
7695,Delta,negative,emergency,negative
7697,Delta,negative,insufficient,negative
7698,Delta,negative,insane,negative
7699,Delta,negative,honest,positive
7700,Delta,negative,suck,negative
7700,Delta,negative,negligence,negative
7702,Delta,negative,waste,negative
7702,Delta,negative,pathetic,negative
7703,Delta,negative,stuck,negative
7703,Delta,negative,deny,negative
7703,Delta,negative,worst,negative
7704,Delta,neutral,love,positive
7704,Delta,neutral,cool,positive
7707,Delta,positive,hot,positive
7707,Delta,positive,loyal,positive
7708,Delta,positive,praise,positive
7708,Delta,positive,helping,positive
7708,Delta,positive,impressed,positive
7709,Delta,negative,lack,negative
7710,Delta,negative,lost,negative
7710,Delta,negative,stolen,negative
7711,Delta,negative,friendly,positive
7714,Delta,negative,delay,negative
7716,Delta,positive,speedy,positive
7716,Delta,positive,recovery,positive
7718,Delta,neutral,confusion,negative
7720,Delta,positive,delay,negative
7721,Delta,positive,lead,positive
7725,Delta,negative,hard,negative
7725,Delta,negative,killing,negative
7726,Delta,positive,warm,positive
7727,Delta,positive,awesome,positive
7728,Delta,negative,useless,negative
7730,Delta,negative,disappointed,negative
7730,Delta,negative,missed,negative
7733,Delta,positive,helpful,positive
7734,Delta,negative,helpful,positive
7736,Delta,positive,cave,negative
7737,Delta,positive,fun,positive
7739,Delta,positive,mercy,positive
7744,Delta,negative,helping,positive
7747,Delta,negative,lost,negative
7747,Delta,negative,lose,negative
7748,Delta,positive,prompt,positive
7748,Delta,positive,freezing,negative
7749,Delta,positive,super,positive
7749,Delta,positive,helpful,positive
7750,Delta,positive,free,positive
7751,Delta,negative,pig,negative
7751,Delta,negative,pig,negative
7751,Delta,negative,disaster,negative
7751,Delta,negative,fail,negative
7752,Delta,negative,unreal,positive
7757,Delta,negative,delayed,negative
7757,Delta,negative,delayed,negative
7758,Delta,negative,restless,negative
7759,Delta,negative,lost,negative
7761,Delta,positive,exciting,positive
7763,Delta,negative,horrible,negative
7763,Delta,negative,tempting,positive
7764,Delta,negative,treacherous,negative
7766,Delta,negative,cool,positive
7766,Delta,negative,delayed,negative
7767,Delta,neutral,knock,negative
7768,Delta,neutral,winning,positive
7773,Delta,negative,delayed,negative
7774,Delta,negative,helpful,positive
7774,Delta,negative,terrible,negative
7776,Delta,negative,bad,negative
7776,Delta,negative,worse,negative
7779,Delta,negative,impossible,negative
7784,Delta,negative,lost,negative
7785,Delta,negative,refusing,negative
7786,Delta,negative,helped,positive
7787,Delta,negative,entertain,positive
7788,Delta,positive,responsive,positive
7792,Delta,positive,cool,positive
7792,Delta,positive,easier,positive
7792,Delta,positive,bad,negative
7794,Delta,positive,amazing,positive
7796,Delta,positive,kudos,positive
7796,Delta,positive,warmer,positive
7799,Delta,negative,criminal,negative
7800,Delta,negative,awkward,negative
7803,Delta,positive,awesome,positive
7804,Delta,neutral,compact,positive
7809,Delta,negative,ugh,negative
7810,Delta,negative,sucks,negative
7817,Delta,negative,pretty,positive
7817,Delta,negative,ridiculous,negative
7820,Delta,neutral,fell,negative
7824,Delta,neutral,honor,positive
7828,Delta,positive,complimentary,positive
7829,Delta,positive,grand,positive
7829,Delta,positive,frustrating,negative
7829,Delta,positive,love,positive
7830,Delta,positive,excited,positive
7831,Delta,positive,love,positive
7832,Delta,positive,kudos,positive
7832,Delta,positive,helping,positive
7833,Delta,negative,love,positive
7833,Delta,negative,hate,negative
7833,Delta,negative,joke,negative
7835,Delta,positive,appreciated,positive
7838,Delta,negative,sad,negative
7839,Delta,negative,lost,negative
7839,Delta,negative,badly,negative
7842,Delta,negative,unhappy,negative
7842,Delta,negative,rude,negative
7842,Delta,negative,uncaring,negative
7842,Delta,negative,frozen,negative
7844,Delta,negative,stress,negative
7844,Delta,negative,terrible,negative
7845,Delta,negative,missed,negative
7845,Delta,negative,death,negative
7845,Delta,negative,excuse,negative
7846,Delta,negative,fault,negative
7847,Delta,negative,broken,negative
7849,Delta,positive,nice,positive
7851,Delta,positive,accomplished,positive
7851,Delta,positive,hug,positive
7856,Delta,positive,beloved,positive
7856,Delta,positive,love,positive
7857,Delta,negative,heck,negative
7859,Delta,negative,happy,positive
7859,Delta,negative,patiently,positive
7860,Delta,negative,bumped,negative
7861,Delta,neutral,gain,positive
7864,Delta,positive,happiness,positive
7865,Delta,neutral,orphan,negative
7870,Delta,neutral,free,positive
7871,Delta,neutral,free,positive
7874,Delta,negative,fail,negative
7874,Delta,negative,refused,negative
7874,Delta,negative,delayed,negative
7874,Delta,negative,greedy,negative
7874,Delta,negative,foolish,negative
7878,Delta,positive,hot,positive
7878,Delta,positive,super,positive
7878,Delta,positive,smooth,positive
7881,Delta,positive,breaking,negative
7881,Delta,positive,clean,positive
7884,Delta,positive,complimentary,positive
7886,Delta,positive,perfect,positive
7887,Delta,positive,wow,positive
7887,Delta,positive,awesome,positive
7887,Delta,positive,passion,positive
7888,Delta,positive,wow,positive
7888,Delta,positive,amazing,positive
7888,Delta,positive,passion,positive
7890,Delta,neutral,shit,negative
7892,Delta,neutral,fresh,positive
7894,Delta,neutral,strong,positive
7897,Delta,neutral,gain,positive
7898,Delta,negative,ideal,positive
7899,Delta,negative,waste,negative
7900,Delta,negative,lost,negative
7902,Delta,neutral,love,positive
7902,Delta,neutral,free,positive
7903,Delta,neutral,awesome,positive
7903,Delta,neutral,amazing,positive
7904,Delta,negative,hung,negative
7905,Delta,negative,terrible,negative
7906,Delta,negative,delayed,negative
7906,Delta,negative,ridiculous,negative
7907,Delta,negative,suck,negative
7907,Delta,negative,rude,negative
7907,Delta,negative,bad,negative
7908,Delta,negative,delayed,negative
7909,Delta,negative,delayed,negative
7910,Delta,neutral,bad,negative
7911,Delta,negative,cry,negative
7913,Delta,negative,lost,negative
7913,Delta,negative,unnecessary,negative
7917,Delta,negative,fine,positive
7917,Delta,negative,issue,negative
7918,Delta,positive,love,positive
7918,Delta,positive,speedy,positive
7924,Delta,positive,delays,negative
7925,Delta,negative,worst,negative
7925,Delta,negative,losing,negative
7925,Delta,negative,delays,negative
7927,Delta,negative,awful,negative
7927,Delta,negative,delayed,negative
7927,Delta,negative,lost,negative
7929,Delta,negative,freaking,negative
7929,Delta,negative,nightmare,negative
7929,Delta,negative,delay,negative
7932,Delta,negative,speedy,positive
7932,Delta,negative,delay,negative
7932,Delta,negative,inconvenience,negative
7937,Delta,negative,delayed,negative
7939,Delta,negative,broken,negative
7942,Delta,negative,disturb,negative
7945,Delta,negative,love,positive
7945,Delta,negative,terrible,negative
7946,Delta,positive,lost,negative
7950,Delta,neutral,win,positive
7951,Delta,negative,miss,negative
7951,Delta,negative,delay,negative
7951,Delta,negative,worst,negative
7952,Delta,positive,favorite,positive
7955,Delta,neutral,loose,negative
7956,Delta,negative,delayed,negative
7956,Delta,negative,disappointed,negative
7958,Delta,positive,cool,positive
7959,Delta,positive,love,positive
7959,Delta,positive,ridiculously,negative
7959,Delta,positive,appreciated,positive
7960,Delta,negative,delayed,negative
7961,Delta,negative,dark,negative
7961,Delta,negative,lost,negative
7962,Delta,positive,favorite,positive
7962,Delta,positive,wonderful,positive
7964,Delta,negative,delay,negative
7964,Delta,negative,delay,negative
7967,Delta,negative,chaos,negative
7968,Delta,negative,impressed,positive
7968,Delta,negative,valuable,positive
7971,Delta,negative,exceptionally,positive
7972,Delta,negative,luck,positive
7973,Delta,negative,expensive,negative
7973,Delta,negative,lead,positive
7973,Delta,negative,cheap,negative
7974,Delta,negative,tired,negative
7974,Delta,negative,grumpy,negative
7987,Delta,negative,delayed,negative
7988,Delta,negative,delay,negative
7989,Delta,negative,lost,negative
7990,Delta,negative,delay,negative
8003,Delta,positive,loved,positive
8006,Delta,neutral,frown,negative
8006,Delta,neutral,smile,positive
8006,Delta,neutral,ready,positive
8008,Delta,positive,loving,positive
8008,Delta,positive,fun,positive
8009,Delta,negative,delays,negative
8009,Delta,negative,proactive,positive
8010,Delta,negative,worst,negative
8011,Delta,positive,fabulous,positive
8011,Delta,positive,pleased,positive
8014,Delta,neutral,cool,positive
8016,Delta,positive,worries,negative
8018,Delta,neutral,delays,negative
8021,Delta,negative,poor,negative
8021,Delta,negative,delay,negative
8021,Delta,negative,rude,negative
8021,Delta,negative,love,positive
8022,Delta,neutral,bliss,positive
8023,Delta,negative,delayed,negative
8025,Delta,neutral,love,positive
8025,Delta,neutral,redeem,positive
8025,Delta,neutral,limit,negative
8026,Delta,negative,worst,negative
8027,Delta,negative,delay,negative
8027,Delta,negative,false,negative
8027,Delta,negative,alarm,negative
8028,Delta,negative,lost,negative
8028,Delta,negative,inconvenience,negative
8029,Delta,positive,easy,positive
8029,Delta,positive,awesome,positive
8031,Delta,positive,misread,negative
8032,Delta,negative,delay,negative
8033,Delta,neutral,loyalty,positive
8035,Delta,neutral,delayed,negative
8036,Delta,neutral,cheesy,negative
8037,Delta,positive,cold,negative
8042,Delta,positive,smart,positive
8042,Delta,positive,angry,negative
8042,Delta,positive,free,positive
8043,Delta,positive,loving,positive
8045,Delta,positive,love,positive
8048,Delta,neutral,nice,positive
8049,Delta,positive,love,positive
8050,Delta,positive,favorite,positive
8051,Delta,neutral,won,positive
8053,Delta,positive,flawless,positive
8053,Delta,positive,proud,positive
8054,Delta,positive,hassle,negative
8058,Delta,positive,ready,positive
8059,Delta,negative,delays,negative
8064,Delta,negative,delayed,negative
8064,Delta,negative,delays,negative
8065,Delta,neutral,free,positive
8067,Delta,positive,delay,negative
8067,Delta,positive,thankful,positive
8068,Delta,negative,delayed,negative
8071,Delta,neutral,cool,positive
8071,Delta,neutral,shame,negative
8072,Delta,negative,stole,negative
8073,Delta,positive,amazing,positive
8074,Delta,negative,delayed,negative
8074,Delta,negative,luck,positive
8074,Delta,negative,frustrating,negative
8076,Delta,neutral,win,positive
8082,Delta,negative,delay,negative
8082,Delta,negative,sarcasm,negative
8083,Delta,positive,love,positive
8085,Delta,negative,failure,negative
8085,Delta,negative,fault,negative
8089,Delta,negative,miss,negative
8089,Delta,negative,delays,negative
8092,Delta,negative,delayed,negative
8093,Delta,positive,love,positive
8094,Delta,neutral,nervous,negative
8097,Delta,negative,stuck,negative
8102,Delta,neutral,love,positive
8102,Delta,neutral,hard,negative
8103,Delta,neutral,error,negative
8104,Delta,positive,success,positive
8107,Delta,positive,beautiful,positive
8108,Delta,positive,perfect,positive
8109,Delta,negative,unhappy,negative
8111,Delta,negative,slow,negative
8111,Delta,negative,blame,negative
8113,Delta,negative,error,negative
8115,Delta,negative,error,negative
8116,Delta,negative,inconvenience,negative
8116,Delta,negative,torture,negative
8116,Delta,negative,wrong,negative
8117,Delta,negative,issue,negative
8119,Delta,negative,disappointed,negative
8120,Delta,negative,frustrating,negative
8122,Delta,positive,love,positive
8126,Delta,negative,insult,negative
8126,Delta,negative,injury,negative
8128,Delta,negative,odd,negative
8128,Delta,negative,missed,negative
8131,Delta,negative,delay,negative
8131,Delta,negative,rectify,positive
8131,Delta,negative,frustrated,negative
8133,Delta,negative,chaos,negative
8136,Delta,neutral,miss,negative
8136,Delta,neutral,warm,positive
8138,Delta,negative,issue,negative
8139,Delta,negative,delays,negative
8139,Delta,negative,inconvenience,negative
8143,Delta,positive,hot,positive
8144,Delta,neutral,ardent,positive
8144,Delta,neutral,fans,positive
8149,Delta,neutral,warm,positive
8151,Delta,negative,frustrated,negative
8152,Delta,negative,refund,positive
8154,Delta,neutral,love,positive
8155,Delta,negative,slowest,negative
8155,Delta,negative,rude,negative
8159,Delta,positive,love,positive
8163,Delta,negative,waste,negative
8168,Delta,negative,helped,positive
8170,Delta,positive,ugh,negative
8173,Delta,negative,bad,negative
8175,Delta,negative,frigid,negative
8181,Delta,negative,incomprehensible,negative
8182,Delta,positive,brilliant,positive
8187,Delta,positive,issues,negative
8188,Delta,neutral,misunderstanding,negative
8189,Delta,negative,scandal,negative
8189,Delta,negative,free,positive
8189,Delta,negative,sweet,positive
8192,Delta,negative,inoperable,negative
8193,Delta,positive,painful,negative
8196,Delta,neutral,ready,positive
8197,Delta,positive,angel,positive
8197,Delta,positive,awesome,positive
8197,Delta,positive,kudos,positive
8201,Delta,negative,tired,negative
8204,Delta,positive,glad,positive
8207,Delta,positive,awesome,positive
8210,Delta,negative,free,positive
8210,Delta,negative,inconvenience,negative
8211,Delta,negative,lucky,positive
8212,Delta,positive,love,positive
8216,Delta,positive,enjoy,positive
8217,Delta,positive,cool,positive
8222,Delta,negative,issue,negative
8223,Delta,negative,broke,negative
8223,Delta,negative,stuck,negative
8224,Delta,negative,love,positive
8224,Delta,negative,delay,negative
8225,Delta,positive,frustrated,negative
8226,Delta,negative,hurts,negative
8229,Delta,negative,delayed,negative
8230,Delta,negative,absurd,negative
8232,Delta,negative,delayed,negative
8234,Delta,positive,awesome,positive
8235,Delta,negative,static,negative
8241,Delta,negative,delay,negative
8244,Delta,positive,excellent,positive
8245,Delta,positive,prompt,positive
8246,Delta,neutral,reasonable,positive
8249,Delta,negative,afford,positive
8250,Delta,negative,bugging,negative
8250,Delta,negative,safe,positive
8254,Delta,positive,love,positive
8254,Delta,positive,anxious,negative
8255,Delta,positive,love,positive
8255,Delta,positive,pricey,negative
8256,Delta,negative,crazy,negative
8259,Delta,negative,delayed,negative
8259,Delta,negative,issues,negative
8260,Delta,negative,issues,negative
8260,Delta,negative,delayed,negative
8261,Delta,negative,issues,negative
8263,Delta,negative,ridiculous,negative
8264,Delta,positive,hot,positive
8265,Delta,positive,awesome,positive
8270,Delta,negative,false,negative
8271,Delta,neutral,comfortable,positive
8272,Delta,positive,nice,positive
8272,Delta,positive,enjoy,positive
8272,Delta,positive,perfect,positive
8276,Delta,positive,love,positive
8277,Delta,positive,disappoints,negative
8278,Delta,neutral,qualify,positive
8280,Delta,negative,cool,positive
8280,Delta,negative,delay,negative
8280,Delta,negative,delay,negative
8284,Delta,negative,wrong,negative
8289,Delta,positive,loyal,positive
8291,Delta,neutral,excited,positive
8291,Delta,neutral,delayed,negative
8294,Delta,negative,ruins,negative
8296,Delta,neutral,awesome,positive
8297,Delta,neutral,broke,negative
8301,Delta,neutral,hurt,negative
8303,Delta,positive,crisis,negative
8307,Delta,negative,magical,positive
8307,Delta,negative,livid,negative
8309,Delta,positive,fault,negative
8309,Delta,positive,awesome,positive
8309,Delta,positive,hard,negative
8312,Delta,negative,warm,positive
8313,Delta,positive,decent,positive
8314,Delta,neutral,fraud,negative
8316,Delta,negative,fraud,negative
8317,Delta,negative,false,negative
8317,Delta,negative,fraud,negative
8317,Delta,negative,issue,negative
8319,Delta,positive,refunded,positive
8321,Delta,negative,fraud,negative
8322,Delta,negative,fraud,negative
8322,Delta,negative,issue,negative
8322,Delta,negative,issue,negative
8323,Delta,negative,fraud,negative
8324,Delta,positive,safe,positive
8324,Delta,positive,safe,positive
8325,Delta,negative,refunded,positive
8325,Delta,negative,fraud,negative
8326,Delta,neutral,issue,negative
8328,Delta,neutral,fraud,negative
8328,Delta,neutral,mistake,negative
8329,Delta,negative,screwed,negative
8329,Delta,negative,glad,positive
8330,Delta,negative,respect,positive
8330,Delta,negative,loyal,positive
8332,Delta,negative,disgusting,negative
8336,Delta,negative,perfectly,positive
8336,Delta,negative,fine,positive
8336,Delta,negative,stubborn,negative
8336,Delta,negative,unwilling,negative
8338,Delta,neutral,nice,positive
8340,Delta,negative,worst,negative
8341,Delta,positive,love,positive
8342,Delta,neutral,badly,negative
8343,Delta,negative,issues,negative
8345,Delta,negative,free,positive
8345,Delta,negative,hazard,negative
8346,Delta,negative,lame,negative
8348,Delta,negative,lack,negative
8352,Delta,positive,delayed,negative
8352,Delta,positive,safe,positive
8353,Delta,negative,wrong,negative
8353,Delta,negative,love,positive
8353,Delta,negative,free,positive
8353,Delta,negative,annoying,negative
8356,Delta,positive,love,positive
8357,Delta,positive,awesome,positive
8363,Delta,negative,fraud,negative
8364,Delta,negative,ripoff,negative
8365,Delta,negative,bored,negative
8366,Delta,negative,ripoff,negative
8367,Delta,negative,trouble,negative
8367,Delta,negative,losing,negative
8368,Delta,neutral,love,positive
8373,Delta,positive,promise,positive
8374,Delta,positive,fancy,positive
8374,Delta,positive,nice,positive
8376,Delta,negative,delayed,negative
8377,Delta,negative,loves,positive
8380,Delta,negative,issues,negative
8383,Delta,negative,upset,negative
8384,Delta,positive,lucky,positive
8384,Delta,positive,love,positive
8385,Delta,negative,wrong,negative
8386,Delta,negative,bad,negative
8386,Delta,negative,sham,negative
8387,Delta,negative,ruining,negative
8389,Delta,negative,support,positive
8391,Delta,negative,protection,positive
8391,Delta,negative,delays,negative
8392,Delta,negative,error,negative
8393,Delta,positive,awesome,positive
8396,Delta,negative,ripoff,negative
8397,Delta,positive,awesome,positive
8398,Delta,negative,worst,negative
8399,Delta,negative,infuriated,negative
8400,Delta,positive,excited,positive
8401,Delta,positive,fun,positive
8402,Delta,positive,sadly,negative
8402,Delta,positive,awesome,positive
8403,Delta,negative,hung,negative
8405,Delta,negative,free,positive
8406,Delta,negative,worse,negative
8407,Delta,positive,ready,positive
8408,Delta,negative,fraud,negative
8409,Delta,neutral,poor,negative
8409,Delta,neutral,improve,positive
8411,Delta,positive,nice,positive
8413,Delta,positive,loves,positive
8414,Delta,negative,favor,positive
8415,Delta,neutral,grand,positive
8415,Delta,neutral,miss,negative
8416,Delta,negative,false,negative
8416,Delta,negative,poor,negative
8417,Delta,negative,helpful,positive
8417,Delta,negative,dissatisfied,negative
8418,Delta,positive,amazing,positive
8421,Delta,positive,wonderful,positive
8422,Delta,neutral,issues,negative
8423,Delta,negative,sad,negative
8423,Delta,negative,loyal,positive
8427,Delta,neutral,concern,negative
8427,Delta,neutral,cold,negative
8429,Delta,neutral,gains,positive
8437,Delta,neutral,free,positive
8439,Delta,positive,enjoyed,positive
8440,Delta,negative,incredibly,positive
8440,Delta,negative,rude,negative
8440,Delta,negative,pretty,positive
8440,Delta,negative,disgusted,negative
8441,Delta,positive,limit,negative
8441,Delta,positive,excited,positive
8445,Delta,positive,sexy,positive
8448,Delta,negative,sucked,negative
8448,Delta,negative,unfriendly,negative
8449,Delta,positive,incredibly,positive
8449,Delta,positive,helpful,positive
8450,Delta,negative,delay,negative
8452,Delta,negative,rude,negative
8452,Delta,negative,disrespectful,negative
8452,Delta,negative,bullshit,negative
8455,Delta,neutral,favor,positive
8460,Delta,positive,won,positive
8461,Delta,negative,evasive,negative
8462,Delta,neutral,cold,negative
8465,Delta,negative,lied,negative
8466,Delta,positive,cool,positive
8467,Delta,positive,amazingly,positive
8467,Delta,positive,awesome,positive
8467,Delta,positive,helping,positive
8467,Delta,positive,correct,positive
8467,Delta,positive,mistake,negative
8467,Delta,positive,love,positive
8469,Delta,neutral,trouble,negative
8471,Delta,negative,significant,positive
8471,Delta,negative,delay,negative
8473,Delta,positive,love,positive
8473,Delta,positive,cute,positive
8477,Delta,negative,delayed,negative
8479,Delta,negative,delay,negative
8479,Delta,negative,perfect,positive
8479,Delta,negative,swift,positive
8484,Delta,positive,wow,positive
8484,Delta,positive,wow,positive
8484,Delta,positive,love,positive
8485,Delta,positive,prompt,positive
8488,Delta,neutral,ready,positive
8489,Delta,positive,luck,positive
8490,Delta,positive,nice,positive
8490,Delta,positive,genius,positive
8491,Delta,neutral,love,positive
8491,Delta,neutral,excuse,negative
8492,Delta,negative,downhill,negative
8493,Delta,neutral,allergies,negative
8496,Delta,neutral,warmth,positive
8497,Delta,negative,suck,negative
8499,Delta,positive,bump,negative
8503,Delta,negative,delayed,negative
8508,Delta,neutral,madness,negative
8509,Delta,negative,confusion,negative
8513,Delta,neutral,loses,negative
8514,Delta,negative,gold,positive
8515,Delta,negative,delayed,negative
8517,Delta,negative,crap,negative
8517,Delta,negative,terrible,negative
8520,Delta,neutral,love,positive
8522,Delta,negative,delayed,negative
8522,Delta,negative,shoddy,negative
8523,Delta,negative,super,positive
8524,Delta,positive,sincerely,positive
8524,Delta,positive,miss,negative
8525,Delta,negative,whoa,positive
8525,Delta,negative,wrestle,negative
8528,Delta,neutral,enjoy,positive
8534,Delta,negative,fun,positive
8535,Delta,negative,helpful,positive
8536,Delta,positive,pricey,negative
8536,Delta,positive,love,positive
8537,Delta,negative,lost,negative
8537,Delta,negative,damaged,negative
8537,Delta,negative,fail,negative
8539,Delta,neutral,sick,negative
8539,Delta,neutral,sad,negative
8540,Delta,positive,fantastic,positive
8544,Delta,negative,glad,positive
8544,Delta,negative,happy,positive
8544,Delta,negative,damaged,negative
8546,Delta,negative,worst,negative
8547,Delta,positive,warm,positive
8548,Delta,positive,awesome,positive
8548,Delta,positive,prompt,positive
8548,Delta,positive,helpful,positive
8549,Delta,negative,friendly,positive
8551,Delta,positive,gorgeous,positive
8551,Delta,positive,gorgeous,positive
8553,Delta,neutral,relief,positive
8557,Delta,negative,delay,negative
8558,Delta,negative,unsure,negative
8561,Delta,neutral,broken,negative
8570,Delta,positive,ready,positive
8572,Delta,negative,lost,negative
8572,Delta,negative,insult,negative
8572,Delta,negative,injury,negative
8573,Delta,positive,bad,negative
8575,Delta,positive,nice,positive
8575,Delta,positive,appreciated,positive
8576,Delta,negative,cheated,negative
8576,Delta,negative,worst,negative
8577,Delta,neutral,nice,positive
8577,Delta,neutral,fool,negative
8578,Delta,neutral,hurt,negative
8580,Delta,positive,awesome,positive
8582,Delta,positive,wonderful,positive
8582,Delta,positive,faith,positive
8582,Delta,positive,restored,positive
8586,Delta,negative,poor,negative
8589,Delta,negative,loyalty,positive
8590,Delta,negative,insensitive,negative
8590,Delta,negative,threatening,negative
8590,Delta,negative,inappropriate,negative
8590,Delta,negative,reckless,negative
8590,Delta,negative,dangerous,negative
8592,Delta,neutral,significant,positive
8592,Delta,neutral,decline,negative
8602,Delta,negative,delay,negative
8605,Delta,positive,angel,positive
8605,Delta,positive,cool,positive
8605,Delta,positive,fantastic,positive
8610,Delta,positive,emergency,negative
8610,Delta,positive,win,positive
8611,Delta,positive,friendly,positive
8611,Delta,positive,engaging,positive
8613,Delta,negative,love,positive
8613,Delta,negative,refused,negative
8614,Delta,positive,amazing,positive
8616,Delta,neutral,ardent,positive
8616,Delta,neutral,fans,positive
8617,Delta,positive,magic,positive
8617,Delta,positive,wrong,negative
8618,Delta,negative,lose,negative
8619,Delta,negative,sensitive,positive
8620,Delta,negative,gladly,positive
8621,Delta,negative,loves,positive
8621,Delta,negative,positive,positive
8621,Delta,negative,ignore,negative
8621,Delta,negative,shameful,negative
8626,Delta,negative,fun,positive
8630,Delta,positive,free,positive
8631,Delta,negative,fun,positive
8632,Delta,negative,disappointed,negative
8632,Delta,negative,cool,positive
8634,Delta,positive,pros,positive
8634,Delta,positive,friendly,positive
8637,Delta,positive,wonderful,positive
8638,Delta,negative,complaint,negative
8641,Delta,positive,difficult,negative
8642,Delta,neutral,fair,positive
8647,Delta,positive,impress,positive
8647,Delta,positive,issues,negative
8648,Delta,positive,loving,positive
8648,Delta,positive,free,positive
8655,Delta,negative,delayed,negative
8658,Delta,negative,guarantee,positive
8664,Delta,positive,killing,negative
8664,Delta,positive,smitten,positive
8666,Delta,positive,impressed,positive
8668,Delta,negative,love,positive
8669,Delta,positive,incredible,positive
8669,Delta,positive,magic,positive
8670,Delta,positive,slog,negative
8677,Delta,positive,excellent,positive
8679,Delta,positive,free,positive
8679,Delta,positive,happy,positive
8685,Delta,positive,gorgeous,positive
8685,Delta,positive,pleasant,positive
8689,Delta,negative,glad,positive
8692,Delta,negative,excuse,negative
8695,Delta,positive,pleasure,positive
8696,Delta,positive,lovely,positive
8697,Delta,neutral,dumps,negative
8704,Delta,neutral,warm,positive
8704,Delta,neutral,freezing,negative
8705,Delta,negative,worth,positive
8707,Delta,negative,reliable,positive
8711,Delta,negative,disappointed,negative
8711,Delta,negative,delayed,negative
8712,Delta,positive,fantastic,positive
8714,Delta,positive,awe,positive
8716,Delta,positive,prompt,positive
8716,Delta,positive,impressed,positive
8716,Delta,positive,appreciated,positive
8717,Delta,neutral,correct,positive
8718,Delta,positive,angry,negative
8718,Delta,positive,bitch,negative
8720,Delta,neutral,pretty,positive
8720,Delta,neutral,nice,positive
8721,Delta,positive,clever,positive
8721,Delta,positive,amazing,positive
8722,Delta,negative,happy,positive
8723,Delta,negative,ripped,negative
8725,Delta,negative,sucks,negative
8725,Delta,negative,stuck,negative
8729,Delta,neutral,spirited,positive
8732,Delta,positive,delays,negative
8733,Delta,negative,delay,negative
8736,Delta,positive,hang,negative
8736,Delta,positive,awesome,positive
8738,Delta,negative,glad,positive
8739,Delta,negative,stolen,negative
8739,Delta,negative,spade,negative
8740,Delta,negative,disappointed,negative
8740,Delta,negative,excited,positive
8741,Delta,positive,delicious,positive
8742,Delta,negative,delayed,negative
8742,Delta,negative,garbage,negative
8743,Delta,positive,awesome,positive
8747,Delta,positive,fantastic,positive
8751,Delta,negative,crazy,negative
8753,Delta,negative,uncompromising,negative
8757,Delta,negative,illegal,negative
8758,Delta,negative,hung,negative
8763,Delta,negative,fail,negative
8764,Delta,negative,horrible,negative
8767,Delta,positive,favorite,positive
8768,Delta,positive,fails,negative
8770,Delta,negative,issues,negative
8770,Delta,negative,crashing,negative
8772,Delta,negative,hated,negative
8773,Delta,positive,excellent,positive
8773,Delta,positive,issue,negative
8774,Delta,negative,vulnerable,negative
8775,Delta,negative,accurate,positive
8776,Delta,negative,missed,negative
8778,Delta,negative,quicker,positive
8778,Delta,negative,fail,negative
8778,Delta,negative,fail,negative
8779,Delta,negative,sarcasm,negative
8782,Delta,negative,bad,negative
8782,Delta,negative,fail,negative
8783,Delta,negative,fail,negative
8785,Delta,negative,risk,negative
8785,Delta,negative,fine,positive
8785,Delta,negative,corrupt,negative
8792,Delta,negative,luck,positive
8795,Delta,negative,spotty,negative
8795,Delta,negative,nice,positive
8798,Delta,negative,beautiful,positive
8798,Delta,negative,broken,negative
8799,Delta,neutral,correct,positive
8800,Delta,positive,lost,negative
8800,Delta,positive,hot,positive
8800,Delta,positive,top,positive
8802,Delta,neutral,enjoy,positive
8803,Delta,positive,glad,positive
8804,Delta,negative,lost,negative
8804,Delta,negative,enjoy,positive
8809,Delta,neutral,delayed,negative
8810,Delta,positive,love,positive
8813,Delta,negative,delay,negative
8813,Delta,negative,horrible,negative
8814,Delta,negative,insane,negative
8814,Delta,negative,craziness,negative
8814,Delta,negative,delayed,negative
8816,Delta,positive,lovely,positive
8817,Delta,positive,happy,positive
8817,Delta,positive,allergies,negative
8818,Delta,positive,happy,positive
8819,Delta,positive,wonderful,positive
8820,Delta,negative,delayed,negative
8821,Delta,negative,delayed,negative
8824,Delta,negative,wow,positive
8824,Delta,negative,unreal,positive
8824,Delta,negative,delayed,negative
8826,Delta,negative,success,positive
8829,Delta,negative,poor,negative
8832,Delta,positive,happy,positive
8832,Delta,positive,promises,positive
8836,Delta,negative,enraging,negative
8840,Delta,negative,delay,negative
8841,Delta,neutral,concern,negative
8842,Delta,negative,frustrating,negative
8843,Delta,negative,hung,negative
8844,Delta,neutral,significant,positive
8847,Delta,neutral,worry,negative
8852,Delta,neutral,love,positive
8852,Delta,neutral,hot,positive
8854,Delta,neutral,warm,positive
8855,Delta,positive,love,positive
8856,Delta,negative,effective,positive
8864,Delta,negative,delayed,negative
8867,Delta,neutral,honor,positive
8874,Delta,neutral,love,positive
8877,Delta,positive,smooth,positive
8878,Delta,neutral,risk,negative
8880,Delta,positive,love,positive
8882,Delta,negative,doubtful,negative
8882,Delta,negative,hopeful,positive
8883,Delta,positive,positive,positive
8884,Delta,negative,fall,negative
8887,Delta,negative,ruined,negative
8889,Delta,negative,loyal,positive
8890,Delta,neutral,beneficial,positive
8891,Delta,negative,delayed,negative
8892,Delta,positive,love,positive
8898,Delta,negative,hard,negative
8899,Delta,negative,famous,positive
8900,Delta,positive,awesome,positive
8901,Delta,negative,worst,negative
8901,Delta,negative,properly,positive
8903,Delta,positive,commitment,positive
8903,Delta,positive,inspiring,positive
8910,Delta,positive,awesome,positive
8912,Delta,positive,disappoint,negative
8914,Delta,negative,delay,negative
8915,Delta,neutral,delayed,negative
8917,Delta,negative,glitches,negative
8917,Delta,negative,nightmare,negative
8919,Delta,neutral,promise,positive
8920,Delta,neutral,delay,negative
8921,Delta,negative,reliable,positive
8923,Delta,positive,happy,positive
8923,Delta,positive,love,positive
8925,Delta,positive,tough,positive
8927,Delta,positive,free,positive
8928,Delta,negative,miss,negative
8931,Delta,negative,rude,negative
8931,Delta,negative,unhelpful,negative
8934,Delta,negative,delayed,negative
8934,Delta,negative,insane,negative
8935,Delta,neutral,luck,positive
8937,Delta,neutral,excited,positive
8937,Delta,neutral,frustrated,negative
8939,Delta,negative,delayed,negative
8939,Delta,negative,missed,negative
8940,Delta,positive,lucky,positive
8941,Delta,positive,pleasant,positive
8943,Delta,positive,fun,positive
8944,Delta,negative,bad,negative
8946,Delta,neutral,fine,positive
8947,Delta,negative,hell,negative
8947,Delta,negative,hung,negative
8949,Delta,positive,miss,negative
8950,Delta,neutral,bleed,negative
8950,Delta,neutral,randomly,negative
8954,Delta,negative,delayed,negative
8959,Delta,negative,delay,negative
8959,Delta,negative,irregularity,negative
8959,Delta,negative,delay,negative
8960,Delta,negative,delayed,negative
8960,Delta,negative,nicer,positive
8962,Delta,positive,worries,negative
8962,Delta,positive,delay,negative
8962,Delta,positive,nicely,positive
8963,Delta,positive,grateful,positive
8967,US Airways,negative,worried,negative
8970,US Airways,neutral,fortunately,positive
8970,US Airways,neutral,nice,positive
8971,US Airways,negative,hung,negative
8971,US Airways,negative,waste,negative
8971,US Airways,negative,award,positive
8972,US Airways,neutral,horrible,negative
8972,US Airways,neutral,poorly,negative
8972,US Airways,neutral,excuse,negative
8973,US Airways,negative,killing,negative
8974,US Airways,negative,love,positive
8974,US Airways,negative,impressed,positive
8976,US Airways,neutral,ripped,negative
8976,US Airways,neutral,rude,negative
8976,US Airways,neutral,inappropriate,negative
8976,US Airways,neutral,awful,negative
8977,US Airways,negative,issue,negative
8977,US Airways,negative,fail,negative
8978,US Airways,negative,fun,positive
8978,US Airways,negative,screwed,negative
8982,US Airways,negative,stuck,negative
8982,US Airways,negative,issues,negative
8982,US Airways,negative,fail,negative
8982,US Airways,negative,refund,positive
8983,US Airways,neutral,significant,positive
8984,US Airways,negative,unacceptable,negative
8985,US Airways,negative,impossibly,negative
8985,US Airways,negative,expensive,negative
8986,US Airways,positive,miss,negative
8986,US Airways,positive,easy,positive
8986,US Airways,positive,cheesy,negative
8987,US Airways,negative,award,positive
8990,US Airways,negative,jerk,negative
8990,US Airways,negative,rude,negative
8991,US Airways,negative,miss,negative
8995,US Airways,negative,inconvenience,negative
8996,US Airways,neutral,correct,positive
8999,US Airways,neutral,suicide,negative
8999,US Airways,neutral,leading,positive
8999,US Airways,neutral,death,negative
9001,US Airways,negative,sadly,negative
9003,US Airways,negative,stuck,negative
9007,US Airways,negative,miss,negative
9008,US Airways,negative,pleasant,positive
9008,US Airways,negative,perfect,positive
9010,US Airways,negative,bother,negative
9010,US Airways,negative,delays,negative
9010,US Airways,negative,upgraded,positive
9012,US Airways,neutral,bad,negative
9013,US Airways,negative,error,negative
9017,US Airways,negative,nice,positive
9017,US Airways,negative,delay,negative
9017,US Airways,negative,leaking,negative
9018,US Airways,negative,love,positive
9018,US Airways,negative,loyalty,positive
9019,US Airways,negative,nice,positive
9022,US Airways,negative,upset,negative
9022,US Airways,negative,frustrated,negative
9023,US Airways,negative,super,positive
9025,US Airways,positive,challenging,negative
9025,US Airways,positive,delay,negative
9027,US Airways,neutral,horrible,negative
9027,US Airways,neutral,fault,negative
9028,US Airways,negative,excited,positive
9028,US Airways,negative,sad,negative
9029,US Airways,negative,love,positive
9030,US Airways,negative,helpful,positive
9030,US Airways,negative,fail,negative
9032,US Airways,neutral,wasted,negative
9032,US Airways,neutral,awards,positive
9038,US Airways,negative,hard,negative
9038,US Airways,negative,horrible,negative
9040,US Airways,negative,emergency,negative
9042,US Airways,negative,sadly,negative
9042,US Airways,negative,strike,negative
9044,US Airways,negative,lost,negative
9049,US Airways,neutral,qualify,positive
9049,US Airways,neutral,free,positive
9050,US Airways,negative,hung,negative
9052,US Airways,negative,hung,negative
9053,US Airways,neutral,oversize,negative
9053,US Airways,neutral,overweight,negative
9054,US Airways,neutral,wrong,negative
9055,US Airways,negative,award,positive
9059,US Airways,negative,whining,negative
9061,US Airways,neutral,unable,negative
9068,US Airways,neutral,bad,negative
9069,US Airways,negative,worst,negative
9070,US Airways,negative,amazing,positive
9071,US Airways,negative,lost,negative
9072,US Airways,negative,delayed,negative
9072,US Airways,negative,lengthy,negative
9072,US Airways,negative,delay,negative
9073,US Airways,positive,glad,positive
9073,US Airways,positive,ignore,negative
9073,US Airways,positive,fucking,negative
9073,US Airways,positive,amazing,positive
9074,US Airways,negative,frustrating,negative
9074,US Airways,negative,mystery,negative
9074,US Airways,negative,shame,negative
9076,US Airways,positive,worries,negative
9076,US Airways,positive,correctly,positive
9078,US Airways,negative,suck,negative
9078,US Airways,negative,hopeful,positive
9080,US Airways,negative,hung,negative
9083,US Airways,negative,wreck,negative
9083,US Airways,negative,losing,negative
9085,US Airways,negative,delayed,negative
9086,US Airways,negative,awe,positive
9087,US Airways,negative,reasonable,positive
9089,US Airways,negative,fiasco,negative
9090,US Airways,negative,impaired,negative
9090,US Airways,negative,bad,negative
9093,US Airways,negative,delayed,negative
9093,US Airways,negative,screwed,negative
9093,US Airways,negative,frustrating,negative
9094,US Airways,negative,fortunately,positive
9095,US Airways,negative,consistently,positive
9095,US Airways,negative,poor,negative
9096,US Airways,negative,worst,negative
9099,US Airways,negative,delayed,negative
9099,US Airways,negative,conveniently,positive
9099,US Airways,negative,worst,negative
9101,US Airways,negative,free,positive
9101,US Airways,negative,mess,negative
9102,US Airways,negative,stuck,negative
9104,US Airways,neutral,cheaper,positive
9105,US Airways,negative,hang,negative
9110,US Airways,negative,unacceptable,negative
9111,US Airways,neutral,delay,negative
9112,US Airways,negative,issue,negative
9113,US Airways,negative,lost,negative
9114,US Airways,negative,lead,positive
9114,US Airways,negative,horrible,negative
9114,US Airways,negative,helping,positive
9115,US Airways,negative,delayed,negative
9115,US Airways,negative,worst,negative
9116,US Airways,positive,amazing,positive
9117,US Airways,negative,delays,negative
9118,US Airways,negative,delayed,negative
9118,US Airways,negative,impossible,negative
9120,US Airways,negative,pretty,positive
9121,US Airways,negative,horrible,negative
9121,US Airways,negative,flaw,negative
9121,US Airways,negative,wasted,negative
9121,US Airways,negative,crazy,negative
9123,US Airways,negative,wasted,negative
9123,US Airways,negative,insanity,negative
9124,US Airways,negative,wrong,negative
9125,US Airways,negative,broken,negative
9127,US Airways,negative,rude,negative
9127,US Airways,negative,cute,positive
9128,US Airways,negative,unacceptable,negative
9129,US Airways,negative,disrespect,negative
9135,US Airways,negative,disappointed,negative
9137,US Airways,negative,incompetent,negative
9138,US Airways,negative,pathetic,negative
9140,US Airways,negative,ruining,negative
9141,US Airways,negative,fun,positive
9141,US Airways,negative,stuck,negative
9141,US Airways,negative,bad,negative
9142,US Airways,negative,flexibility,positive
9142,US Airways,negative,nice,positive
9142,US Airways,negative,love,positive
9142,US Airways,negative,flexible,positive
9143,US Airways,positive,excited,positive
9144,US Airways,negative,loyal,positive
9146,US Airways,positive,friendly,positive
9146,US Airways,positive,efficient,positive
9146,US Airways,positive,awesome,positive
9149,US Airways,negative,excuses,negative
9150,US Airways,positive,empathy,positive
9151,US Airways,negative,utterly,negative
9151,US Airways,negative,unreliable,negative
9151,US Airways,negative,delayed,negative
9152,US Airways,negative,valuable,positive
9152,US Airways,negative,lost,negative
9153,US Airways,negative,lied,negative
9153,US Airways,negative,bad,negative
9153,US Airways,negative,stuck,negative
9155,US Airways,negative,disappointment,negative
9156,US Airways,negative,lost,negative
9158,US Airways,negative,failed,negative
9160,US Airways,positive,fine,positive
9160,US Airways,positive,love,positive
9163,US Airways,negative,fair,positive
9163,US Airways,negative,nasty,negative
9163,US Airways,negative,illness,negative
9163,US Airways,negative,death,negative
9164,US Airways,negative,lost,negative
9164,US Airways,negative,unable,negative
9165,US Airways,negative,badly,negative
9166,US Airways,negative,glad,positive
9170,US Airways,neutral,complaint,negative
9172,US Airways,negative,denied,negative
9176,US Airways,negative,forfeit,negative
9178,US Airways,negative,screwed,negative
9182,US Airways,negative,louder,negative
9183,US Airways,negative,delayed,negative
9186,US Airways,negative,issues,negative
9186,US Airways,negative,inadequate,negative
9187,US Airways,negative,yay,positive
9189,US Airways,negative,bad,negative
9190,US Airways,positive,grace,positive
9191,US Airways,negative,shortcomings,negative
9192,US Airways,negative,worst,negative
9193,US Airways,negative,hung,negative
9193,US Airways,negative,disappointed,negative
9195,US Airways,negative,terrible,negative
9196,US Airways,negative,disgusted,negative
9196,US Airways,negative,poor,negative
9197,US Airways,negative,weary,negative
9197,US Airways,negative,stuck,negative
9197,US Airways,negative,issues,negative
9199,US Airways,negative,frustrations,negative
9199,US Airways,negative,lost,negative
9200,US Airways,negative,disappointed,negative
9200,US Airways,negative,bad,negative
9200,US Airways,negative,bad,negative
9201,US Airways,negative,fun,positive
9203,US Airways,neutral,refund,positive
9203,US Airways,neutral,refund,positive
9204,US Airways,negative,fault,negative
9204,US Airways,negative,fault,negative
9205,US Airways,negative,desert,negative
9207,US Airways,negative,helped,positive
9208,US Airways,negative,worst,negative
9208,US Airways,negative,respect,positive
9209,US Airways,negative,worst,negative
9210,US Airways,negative,issue,negative
9210,US Airways,negative,helped,positive
9210,US Airways,negative,error,negative
9211,US Airways,negative,refund,positive
9212,US Airways,negative,hate,negative
9213,US Airways,negative,refund,positive
9213,US Airways,negative,refund,positive
9216,US Airways,negative,refund,positive
9216,US Airways,negative,love,positive
9216,US Airways,negative,sucks,negative
9219,US Airways,negative,awful,negative
9219,US Airways,negative,unacceptable,negative
9223,US Airways,positive,worries,negative
9225,US Airways,negative,weak,negative
9227,US Airways,negative,faster,positive
9229,US Airways,negative,mediocre,negative
9230,US Airways,negative,unacceptable,negative
9231,US Airways,negative,refund,positive
9231,US Airways,negative,refund,positive
9232,US Airways,negative,ridiculous,negative
9232,US Airways,negative,delays,negative
9234,US Airways,negative,crashes,negative
9235,US Airways,negative,bad,negative
9235,US Airways,negative,excuse,negative
9236,US Airways,negative,delayed,negative
9236,US Airways,negative,broken,negative
9239,US Airways,negative,delay,negative
9239,US Airways,negative,missed,negative
9239,US Airways,negative,wow,positive
9240,US Airways,negative,unusable,negative
9241,US Airways,positive,pigs,negative
9242,US Airways,negative,luck,positive
9243,US Airways,negative,delayed,negative
9244,US Airways,negative,nasty,negative
9244,US Airways,negative,shocked,negative
9246,US Airways,negative,bumped,negative
9247,US Airways,negative,delayed,negative
9247,US Airways,negative,lose,negative
9249,US Airways,negative,missed,negative
9249,US Airways,negative,concerned,negative
9250,US Airways,negative,difficult,negative
9251,US Airways,negative,lost,negative
9251,US Airways,negative,trouble,negative
9251,US Airways,negative,lost,negative
9254,US Airways,negative,suck,negative
9254,US Airways,negative,happy,positive
9259,US Airways,neutral,proper,positive
9259,US Airways,neutral,timely,positive
9260,US Airways,negative,patient,positive
9261,US Airways,negative,delayed,negative
9261,US Airways,negative,terrible,negative
9262,US Airways,negative,issues,negative
9263,US Airways,negative,nice,positive
9264,US Airways,negative,embarrassing,negative
9265,US Airways,negative,disappointed,negative
9266,US Airways,negative,helping,positive
9266,US Airways,negative,impossible,negative
9267,US Airways,negative,issue,negative
9269,US Airways,negative,issue,negative
9269,US Airways,negative,bad,negative
9270,US Airways,positive,issues,negative
9271,US Airways,negative,insane,negative
9271,US Airways,negative,trust,positive
9271,US Airways,negative,lost,negative
9272,US Airways,negative,benefits,positive
9275,US Airways,negative,rude,negative
9276,US Airways,neutral,free,positive
9276,US Airways,neutral,confused,negative
9278,US Airways,negative,delayed,negative
9281,US Airways,neutral,significant,positive
9281,US Airways,neutral,happy,positive
9283,US Airways,negative,benefits,positive
9283,US Airways,negative,embarrassing,negative
9285,US Airways,negative,disappointing,negative
9286,US Airways,negative,unacceptable,negative
9290,US Airways,negative,worth,positive
9290,US Airways,negative,hassle,negative
9290,US Airways,negative,delays,negative
9292,US Airways,negative,bumped,negative
9292,US Airways,negative,delayed,negative
9292,US Airways,negative,fail,negative
9294,US Airways,negative,delayed,negative
9295,US Airways,negative,horrible,negative
9297,US Airways,neutral,upgraded,positive
9298,US Airways,negative,wrong,negative
9299,US Airways,negative,embarrassing,negative
9299,US Airways,negative,complimentary,positive
9300,US Airways,negative,disappointed,negative
9300,US Airways,negative,lost,negative
9301,US Airways,neutral,downgrade,negative
9301,US Airways,neutral,losing,negative
9303,US Airways,negative,free,positive
9303,US Airways,negative,hang,negative
9304,US Airways,negative,bumped,negative
9305,US Airways,negative,sucks,negative
9307,US Airways,negative,impossible,negative
9312,US Airways,neutral,miss,negative
9313,US Airways,negative,joke,negative
9313,US Airways,negative,worse,negative
9314,US Airways,negative,fucking,negative
9314,US Airways,negative,hung,negative
9316,US Airways,negative,lie,negative
9318,US Airways,negative,hangs,negative
9319,US Airways,negative,lack,negative
9319,US Airways,negative,lost,negative
9320,US Airways,negative,issues,negative
9321,US Airways,negative,love,positive
9322,US Airways,negative,patience,positive
9324,US Airways,negative,hung,negative
9326,US Airways,positive,issue,negative
9331,US Airways,negative,unpleasant,negative
9331,US Airways,negative,insane,negative
9333,US Airways,negative,awesome,positive
9335,US Airways,negative,helping,positive
9335,US Airways,negative,horrible,negative
9336,US Airways,negative,delayed,negative
9336,US Airways,negative,miss,negative
9337,US Airways,positive,kudos,positive
9338,US Airways,negative,awful,negative
9339,US Airways,negative,flexible,positive
9340,US Airways,negative,pain,negative
9341,US Airways,positive,delays,negative
9342,US Airways,negative,ridiculous,negative
9343,US Airways,negative,worthless,negative
9343,US Airways,negative,dissatisfied,negative
9344,US Airways,negative,honest,positive
9345,US Airways,neutral,downgrade,negative
9349,US Airways,negative,exhaustion,negative
9350,US Airways,negative,shock,negative
9351,US Airways,negative,unsafe,negative
9351,US Airways,negative,angry,negative
9353,US Airways,neutral,benefit,positive
9353,US Airways,neutral,doubt,negative
9353,US Airways,neutral,misunderstood,negative
9356,US Airways,negative,unreasonable,negative
9356,US Airways,negative,excuse,negative
9357,US Airways,negative,humiliating,negative
9359,US Airways,negative,upset,negative
9360,US Airways,negative,perfect,positive
9362,US Airways,neutral,hang,negative
9362,US Airways,neutral,soft,positive
9364,US Airways,negative,disrespectful,negative
9365,US Airways,negative,disrespect,negative
9365,US Airways,negative,issue,negative
9367,US Airways,negative,rage,negative
9367,US Airways,negative,hate,negative
9372,US Airways,negative,lousy,negative
9373,US Airways,negative,idiots,negative
9374,US Airways,negative,lied,negative
9377,US Airways,negative,bad,negative
9379,US Airways,positive,delayed,negative
9382,US Airways,negative,delay,negative
9382,US Airways,negative,easy,positive
9382,US Airways,negative,fail,negative
9383,US Airways,negative,shameful,negative
9386,US Airways,negative,failure,negative
9386,US Airways,negative,inaccurate,negative
9387,US Airways,negative,funny,negative
9387,US Airways,negative,worst,negative
9388,US Airways,negative,bs,negative
9390,US Airways,negative,unfortunate,negative
9390,US Airways,negative,discrimination,negative
9391,US Airways,negative,slowest,negative
9392,US Airways,negative,blame,negative
9394,US Airways,negative,delays,negative
9395,US Airways,positive,helping,positive
9396,US Airways,positive,relief,positive
9402,US Airways,negative,lost,negative
9404,US Airways,negative,deteriorating,negative
9404,US Airways,negative,unhelpful,negative
9404,US Airways,negative,assurances,positive
9406,US Airways,negative,weary,negative
9406,US Airways,negative,jealous,negative
9408,US Airways,negative,wrong,negative
9408,US Airways,negative,issues,negative
9410,US Airways,negative,delayed,negative
9410,US Airways,negative,hung,negative
9411,US Airways,negative,applaud,positive
9417,US Airways,negative,lost,negative
9418,US Airways,negative,concern,negative
9419,US Airways,negative,issues,negative
9419,US Airways,negative,strange,negative
9420,US Airways,negative,worst,negative
9421,US Airways,negative,rude,negative
9422,US Airways,negative,issues,negative
9422,US Airways,negative,strange,negative
9423,US Airways,negative,delayed,negative
9423,US Airways,negative,missed,negative
9423,US Airways,negative,stuck,negative
9424,US Airways,neutral,issues,negative
9424,US Airways,neutral,fine,positive
9425,US Airways,negative,compassion,positive
9426,US Airways,negative,upgraded,positive
9429,US Airways,negative,miss,negative
9429,US Airways,negative,delay,negative
9430,US Airways,negative,complaint,negative
9434,US Airways,negative,elite,positive
9435,US Airways,negative,lost,negative
9436,US Airways,negative,delayed,negative
9438,US Airways,negative,hung,negative
9440,US Airways,negative,squeaks,negative
9441,US Airways,negative,happily,positive
9441,US Airways,negative,irritated,negative
9442,US Airways,negative,issue,negative
9444,US Airways,negative,yay,positive
9444,US Airways,negative,bump,negative
9445,US Airways,negative,delayed,negative
9446,US Airways,negative,worst,negative
9446,US Airways,negative,issues,negative
9446,US Airways,negative,stuck,negative
9447,US Airways,negative,disappointing,negative
9447,US Airways,negative,joke,negative
9448,US Airways,negative,rude,negative
9452,US Airways,negative,fun,positive
9452,US Airways,negative,top,positive
9453,US Airways,negative,delayed,negative
9453,US Airways,negative,miss,negative
9454,US Airways,positive,wow,positive
9454,US Airways,positive,unbelievable,negative
9456,US Airways,negative,worry,negative
9457,US Airways,negative,nice,positive
9458,US Airways,negative,horrible,negative
9458,US Airways,negative,wrong,negative
9458,US Airways,negative,lack,negative
9459,US Airways,neutral,award,positive
9460,US Airways,negative,horrible,negative
9461,US Airways,negative,frustrated,negative
9461,US Airways,negative,lost,negative
9462,US Airways,positive,super,positive
9462,US Airways,positive,helpful,positive
9463,US Airways,negative,properly,positive
9465,US Airways,negative,delayed,negative
9468,US Airways,negative,award,positive
9470,US Airways,negative,refund,positive
9470,US Airways,negative,hang,negative
9473,US Airways,positive,kudos,positive
9474,US Airways,negative,wow,positive
9475,US Airways,negative,hang,negative
9476,US Airways,negative,issue,negative
9477,US Airways,negative,insane,negative
9479,US Airways,negative,worst,negative
9479,US Airways,negative,rude,negative
9479,US Airways,negative,delays,negative
9479,US Airways,negative,lack,negative
9479,US Airways,negative,wasting,negative
9483,US Airways,negative,delayed,negative
9483,US Airways,negative,missed,negative
9484,US Airways,negative,twist,negative
9484,US Airways,negative,plot,negative
9484,US Airways,negative,stressful,negative
9486,US Airways,neutral,issues,negative
9492,US Airways,negative,frustrating,negative
9493,US Airways,negative,unable,negative
9496,US Airways,negative,free,positive
9497,US Airways,negative,excuses,negative
9499,US Airways,negative,dead,negative
9499,US Airways,negative,failed,negative
9499,US Airways,negative,lost,negative
9500,US Airways,negative,respect,positive
9507,US Airways,negative,worst,negative
9510,US Airways,negative,premier,positive
9510,US Airways,negative,missed,negative
9511,US Airways,negative,hard,negative
9513,US Airways,positive,delight,positive
9513,US Airways,positive,pleasant,positive
9514,US Airways,negative,struggling,negative
9519,US Airways,negative,bad,negative
9520,US Airways,negative,denied,negative
9521,US Airways,negative,awful,negative
9525,US Airways,positive,easy,positive
9526,US Airways,negative,worst,negative
9526,US Airways,negative,horrible,negative
9527,US Airways,negative,miss,negative
9528,US Airways,negative,love,positive
9528,US Airways,negative,lost,negative
9528,US Airways,negative,appreciated,positive
9529,US Airways,negative,lost,negative
9531,US Airways,negative,nice,positive
9533,US Airways,negative,horrible,negative
9533,US Airways,negative,hung,negative
9537,US Airways,negative,doubt,negative
9538,US Airways,negative,dead,negative
9538,US Airways,negative,delayed,negative
9538,US Airways,negative,lost,negative
9538,US Airways,negative,delayed,negative
9542,US Airways,negative,happy,positive
9543,US Airways,negative,strike,negative
9543,US Airways,negative,suck,negative
9544,US Airways,negative,respect,positive
9547,US Airways,negative,delay,negative
9547,US Airways,negative,bad,negative
9547,US Airways,negative,worse,negative
9547,US Airways,negative,foolish,negative
9547,US Airways,negative,crap,negative
9548,US Airways,negative,approve,positive
9552,US Airways,negative,bumped,negative
9553,US Airways,negative,delayed,negative
9553,US Airways,negative,crash,negative
9557,US Airways,negative,redeem,positive
9557,US Airways,negative,hard,negative
9562,US Airways,positive,thankful,positive
9562,US Airways,positive,sick,negative
9562,US Airways,positive,lost,negative
9563,US Airways,negative,delayed,negative
9563,US Airways,negative,delayed,negative
9563,US Airways,negative,fast,positive
9564,US Airways,negative,frustrated,negative
9565,US Airways,negative,shame,negative
9566,US Airways,neutral,issues,negative
9567,US Airways,negative,unacceptable,negative
9569,US Airways,negative,nightmare,negative
9570,US Airways,negative,poorly,negative
9571,US Airways,negative,burned,negative
9571,US Airways,negative,issue,negative
9572,US Airways,negative,nasty,negative
9572,US Airways,negative,contagious,negative
9572,US Airways,negative,virus,negative
9574,US Airways,negative,failed,negative
9575,US Airways,negative,unacceptable,negative
9577,US Airways,negative,appalled,negative
9577,US Airways,negative,messed,negative
9577,US Airways,negative,sick,negative
9581,US Airways,negative,delayed,negative
9582,US Airways,negative,bashing,negative
9585,US Airways,negative,unproductive,negative
9585,US Airways,negative,mess,negative
9588,US Airways,positive,kudos,positive
9590,US Airways,negative,denied,negative
9591,US Airways,negative,mistake,negative
9591,US Airways,negative,awful,negative
9592,US Airways,negative,crashing,negative
9593,US Airways,negative,rude,negative
9593,US Airways,negative,helpful,positive
9594,US Airways,negative,nightmare,negative
9594,US Airways,negative,delayed,negative
9594,US Airways,negative,delays,negative
9595,US Airways,positive,bonus,positive
9595,US Airways,positive,excellent,positive
9596,US Airways,negative,excuses,negative
9598,US Airways,negative,stuck,negative
9598,US Airways,negative,stole,negative
9601,US Airways,negative,pamper,positive
9603,US Airways,negative,suck,negative
9603,US Airways,negative,savings,positive
9605,US Airways,negative,refund,positive
9608,US Airways,negative,lazy,negative
9609,US Airways,neutral,refund,positive
9610,US Airways,negative,ridiculous,negative
9613,US Airways,negative,horrible,negative
9616,US Airways,negative,elite,positive
9618,US Airways,negative,top,positive
9618,US Airways,negative,wrong,negative
9620,US Airways,negative,understandable,positive
9620,US Airways,negative,worse,negative
9620,US Airways,negative,helping,positive
9622,US Airways,negative,goodwill,positive
9623,US Airways,negative,wow,positive
9623,US Airways,negative,awful,negative
9626,US Airways,positive,amazing,positive
9627,US Airways,negative,delayed,negative
9627,US Airways,negative,miss,negative
9630,US Airways,positive,happy,positive
9630,US Airways,positive,wonderful,positive
9631,US Airways,negative,mess,negative
9632,US Airways,negative,joke,negative
9634,US Airways,negative,worth,positive
9636,US Airways,negative,miserable,negative
9636,US Airways,negative,loss,negative
9636,US Airways,negative,delays,negative
9636,US Airways,negative,inevitable,negative
9638,US Airways,negative,love,positive
9639,US Airways,negative,recommend,positive
9640,US Airways,negative,peeled,negative
9641,US Airways,negative,delayed,negative
9644,US Airways,negative,trivialize,negative
9644,US Airways,negative,joke,negative
9644,US Airways,negative,slow,negative
9644,US Airways,negative,slow,negative
9646,US Airways,negative,hell,negative
9648,US Airways,negative,nice,positive
9648,US Airways,negative,properly,positive
9650,US Airways,negative,joke,negative
9653,US Airways,negative,boycott,negative
9655,US Airways,negative,mundane,negative
9655,US Airways,negative,refuse,negative
9656,US Airways,negative,worst,negative
9656,US Airways,negative,terrible,negative
9658,US Airways,neutral,progress,positive
9658,US Airways,neutral,luck,positive
9659,US Airways,positive,fine,positive
9659,US Airways,positive,likes,positive
9660,US Airways,negative,worst,negative
9661,US Airways,negative,lazy,negative
9661,US Airways,negative,inconsiderate,negative
9662,US Airways,negative,pride,positive
9662,US Airways,negative,concerns,negative
9663,US Airways,negative,horrible,negative
9664,US Airways,negative,missed,negative
9665,US Airways,negative,hung,negative
9667,US Airways,negative,lost,negative
9667,US Airways,negative,promise,positive
9667,US Airways,negative,excellent,positive
9668,US Airways,negative,failed,negative
9669,US Airways,negative,terrible,negative
9672,US Airways,negative,incorrect,negative
9672,US Airways,negative,correctly,positive
9674,US Airways,negative,horrendous,negative
9674,US Airways,negative,lack,negative
9675,US Airways,negative,ugh,negative
9677,US Airways,negative,worst,negative
9678,US Airways,negative,denied,negative
9678,US Airways,negative,delayed,negative
9678,US Airways,negative,lost,negative
9681,US Airways,negative,ridiculous,negative
9682,US Airways,negative,worst,negative
9685,US Airways,negative,worst,negative
9688,US Airways,negative,worst,negative
9688,US Airways,negative,failed,negative
9692,US Airways,neutral,recover,positive
9693,US Airways,negative,enjoyed,positive
9693,US Airways,negative,horrible,negative
9695,US Airways,negative,terrible,negative
9695,US Airways,negative,delays,negative
9695,US Airways,negative,delayed,negative
9695,US Airways,negative,delayed,negative
9696,US Airways,negative,rude,negative
9696,US Airways,negative,unreliable,negative
9696,US Airways,negative,horrible,negative
9696,US Airways,negative,rude,negative
9696,US Airways,negative,unreliable,negative
9696,US Airways,negative,horrible,negative
9698,US Airways,negative,delayed,negative
9699,US Airways,negative,tired,negative
9699,US Airways,negative,stellar,positive
9700,US Airways,negative,debacle,negative
9701,US Airways,negative,weak,negative
9702,US Airways,negative,issue,negative
9702,US Airways,negative,improve,positive
9702,US Airways,negative,lose,negative
9705,US Airways,negative,worst,negative
9707,US Airways,negative,delayed,negative
9708,US Airways,negative,proving,positive
9708,US Airways,negative,difficult,negative
9708,US Airways,negative,friendly,positive
9709,US Airways,negative,dissapointed,negative
9709,US Airways,negative,delayed,negative
9709,US Airways,negative,miss,negative
9710,US Airways,negative,screwed,negative
9711,US Airways,negative,nightmare,negative
9711,US Airways,negative,stuck,negative
9713,US Airways,negative,errors,negative
9713,US Airways,negative,broken,negative
9713,US Airways,negative,fail,negative
9715,US Airways,positive,loyal,positive
9717,US Airways,negative,delays,negative
9718,US Airways,negative,lost,negative
9719,US Airways,negative,helpful,positive
9721,US Airways,negative,ruining,negative
9721,US Airways,negative,worry,negative
9724,US Airways,negative,idiots,negative
9725,US Airways,negative,missed,negative
9725,US Airways,negative,rude,negative
9726,US Airways,negative,delayed,negative
9727,US Airways,negative,nice,positive
9729,US Airways,negative,lost,negative
9729,US Airways,negative,lost,negative
9730,US Airways,neutral,split,negative
9737,US Airways,negative,correctly,positive
9739,US Airways,negative,hell,negative
9739,US Airways,negative,inept,negative
9739,US Airways,negative,uncaring,negative
9740,US Airways,negative,worst,negative
9740,US Airways,negative,annoyed,negative
9740,US Airways,negative,incompetence,negative
9743,US Airways,negative,reward,positive
9745,US Airways,negative,delay,negative
9746,US Airways,negative,terrible,negative
9746,US Airways,negative,messed,negative
9748,US Airways,negative,awful,negative
9748,US Airways,negative,promises,positive
9749,US Airways,negative,issues,negative
9750,US Airways,negative,missed,negative
9750,US Airways,negative,issue,negative
9751,US Airways,negative,stupidity,negative
9751,US Airways,negative,mess,negative
9752,US Airways,negative,complaints,negative
9752,US Airways,negative,worst,negative
9753,US Airways,negative,delayed,negative
9754,US Airways,negative,mess,negative
9755,US Airways,negative,issues,negative
9755,US Airways,negative,miss,negative
9755,US Airways,negative,upset,negative
9756,US Airways,positive,wonderful,positive
9756,US Airways,positive,suck,negative
9758,US Airways,negative,hostage,negative
9759,US Airways,positive,issues,negative
9759,US Airways,positive,exceptional,positive
9763,US Airways,negative,worst,negative
9764,US Airways,positive,inclement,negative
9765,US Airways,negative,rude,negative
9765,US Airways,negative,nice,positive
9768,US Airways,negative,delayed,negative
9775,US Airways,negative,top,positive
9775,US Airways,negative,missed,negative
9775,US Airways,negative,abysmal,negative
9776,US Airways,positive,easy,positive
9777,US Airways,negative,drunk,negative
9778,US Airways,negative,abysmal,negative
9778,US Airways,negative,missed,negative
9778,US Airways,negative,abysmal,negative
9779,US Airways,negative,worst,negative
9782,US Airways,negative,nice,positive
9784,US Airways,negative,issues,negative
9786,US Airways,negative,wrong,negative
9789,US Airways,negative,issue,negative
9790,US Airways,negative,fail,negative
9792,US Airways,negative,rant,negative
9792,US Airways,negative,top,positive
9792,US Airways,negative,delayed,negative
9792,US Airways,negative,bad,negative
9793,US Airways,negative,delays,negative
9795,US Airways,negative,delay,negative
9795,US Airways,negative,issues,negative
9795,US Airways,negative,ridiculous,negative
9795,US Airways,negative,delayed,negative
9796,US Airways,positive,wonderful,positive
9799,US Airways,negative,incompetent,negative
9800,US Airways,negative,plague,negative
9800,US Airways,negative,glad,positive
9800,US Airways,negative,dumb,negative
9801,US Airways,negative,tired,negative
9802,US Airways,positive,easy,positive
9802,US Airways,positive,hassle,negative
9802,US Airways,positive,free,positive
9802,US Airways,positive,friendly,positive
9802,US Airways,positive,easy,positive
9803,US Airways,negative,smarter,positive
9803,US Airways,negative,crashing,negative
9804,US Airways,negative,lies,negative
9805,US Airways,negative,wrong,negative
9805,US Airways,negative,inability,negative
9805,US Airways,negative,bs,negative
9806,US Airways,negative,worst,negative
9809,US Airways,neutral,confused,negative
9810,US Airways,negative,suck,negative
9811,US Airways,negative,delay,negative
9811,US Airways,negative,fail,negative
9815,US Airways,negative,delays,negative
9815,US Airways,negative,delay,negative
9816,US Airways,negative,stuck,negative
9816,US Airways,negative,sucks,negative
9817,US Airways,negative,ridiculous,negative
9818,US Airways,negative,hung,negative
9819,US Airways,negative,delay,negative
9819,US Airways,negative,fiasco,negative
9819,US Airways,negative,insult,negative
9819,US Airways,negative,worse,negative
9819,US Airways,negative,bad,negative
9821,US Airways,negative,broken,negative
9824,US Airways,negative,support,positive
9824,US Airways,negative,hostage,negative
9825,US Airways,negative,stuck,negative
9826,US Airways,negative,sucks,negative
9826,US Airways,negative,delayed,negative
9826,US Airways,negative,delayed,negative
9833,US Airways,negative,suck,negative
9835,US Airways,negative,hostage,negative
9835,US Airways,negative,crash,negative
9835,US Airways,negative,friendly,positive
9837,US Airways,negative,failure,negative
9838,US Airways,negative,hate,negative
9840,US Airways,negative,delay,negative
9840,US Airways,negative,crash,negative
9840,US Airways,negative,rumors,negative
9841,US Airways,negative,stuck,negative
9841,US Airways,negative,broken,negative
9845,US Airways,negative,delay,negative
9846,US Airways,negative,worst,negative
9849,US Airways,negative,delayed,negative
9850,US Airways,negative,lost,negative
9850,US Airways,negative,sucks,negative
9851,US Airways,negative,unhappy,negative
9852,US Airways,negative,broke,negative
9852,US Airways,negative,stole,negative
9852,US Airways,negative,trash,negative
9853,US Airways,negative,crappy,negative
9853,US Airways,negative,improves,positive
9854,US Airways,negative,poorly,negative
9856,US Airways,negative,lost,negative
9858,US Airways,negative,awful,negative
9859,US Airways,negative,bad,negative
9860,US Airways,negative,crappy,negative
9860,US Airways,negative,delays,negative
9860,US Airways,negative,rude,negative
9860,US Airways,negative,happy,positive
9860,US Airways,negative,ruined,negative
9862,US Airways,positive,amazing,positive
9865,US Airways,negative,delay,negative
9868,US Airways,negative,stuck,negative
9868,US Airways,negative,crashed,negative
9869,US Airways,negative,hell,negative
9870,US Airways,negative,promised,positive
9871,US Airways,negative,lost,negative
9872,US Airways,negative,delayed,negative
9874,US Airways,negative,worst,negative
9878,US Airways,negative,rude,negative
9878,US Airways,negative,hostile,negative
9878,US Airways,negative,worse,negative
9879,US Airways,negative,hell,negative
9879,US Airways,negative,issues,negative
9883,US Airways,negative,issue,negative
9884,US Airways,negative,issues,negative
9884,US Airways,negative,frustrated,negative
9885,US Airways,negative,fail,negative
9885,US Airways,negative,refund,positive
9885,US Airways,negative,classy,positive
9887,US Airways,negative,rude,negative
9887,US Airways,negative,horrible,negative
9889,US Airways,negative,delayed,negative
9892,US Airways,negative,rude,negative
9896,US Airways,negative,suffering,negative
9896,US Airways,negative,cancer,negative
9896,US Airways,negative,compassion,positive
9896,US Airways,negative,disgusted,negative
9898,US Airways,negative,horrible,negative
9900,US Airways,negative,dying,negative
9901,US Airways,negative,worse,negative
9901,US Airways,negative,rude,negative
9901,US Airways,negative,unhelpful,negative
9903,US Airways,negative,offensively,negative
9904,US Airways,neutral,glad,positive
9904,US Airways,neutral,super,positive
9904,US Airways,neutral,unfortunate,negative
9905,US Airways,negative,delay,negative
9905,US Airways,negative,realistic,positive
9906,US Airways,neutral,luck,positive
9906,US Airways,neutral,cool,positive
9909,US Airways,negative,dirty,negative
9910,US Airways,negative,crashed,negative
9917,US Airways,negative,enjoyed,positive
9920,US Airways,negative,aggressive,negative
9921,US Airways,neutral,delayed,negative
9924,US Airways,negative,worst,negative
9924,US Airways,negative,delayed,negative
9926,US Airways,positive,issues,negative
9926,US Airways,positive,delays,negative
9928,US Airways,negative,lost,negative
9929,US Airways,negative,poor,negative
9930,US Airways,negative,worst,negative
9930,US Airways,negative,loved,positive
9931,US Airways,negative,patience,positive
9931,US Airways,negative,honor,positive
9932,US Airways,neutral,bereavement,negative
9933,US Airways,negative,classy,positive
9934,US Airways,negative,lose,negative
9935,US Airways,negative,annoying,negative
9936,US Airways,negative,delay,negative
9937,US Airways,negative,issue,negative
9939,US Airways,negative,hard,negative
9940,US Airways,negative,unacceptable,negative
9941,US Airways,negative,correctly,positive
9941,US Airways,negative,sarcastic,negative
9941,US Airways,negative,delaying,negative
9942,US Airways,negative,miss,negative
9945,US Airways,negative,wasted,negative
9946,US Airways,negative,unacceptable,negative
9947,US Airways,neutral,mad,negative
9947,US Airways,neutral,love,positive
9948,US Airways,negative,delay,negative
9949,US Airways,negative,terrible,negative
9949,US Airways,negative,delayed,negative
9949,US Airways,negative,horrid,negative
9950,US Airways,negative,irritated,negative
9953,US Airways,negative,delayed,negative
9954,US Airways,negative,stress,negative
9954,US Airways,negative,errors,negative
9958,US Airways,negative,bad,negative
9960,US Airways,negative,bad,negative
9960,US Airways,negative,appealing,positive
9962,US Airways,negative,pretty,positive
9962,US Airways,negative,ridiculous,negative
9965,US Airways,negative,promise,positive
9966,US Airways,negative,delayed,negative
9967,US Airways,negative,issues,negative
9967,US Airways,negative,awful,negative
9969,US Airways,negative,fail,negative
9971,US Airways,negative,failures,negative
9972,US Airways,negative,concerned,negative
9974,US Airways,negative,refund,positive
9974,US Airways,negative,dispute,negative
9975,US Airways,negative,hung,negative
9975,US Airways,negative,bs,negative
9976,US Airways,negative,lost,negative
9977,US Airways,negative,crap,negative
9979,US Airways,negative,awful,negative
9980,US Airways,negative,wrong,negative
9980,US Airways,negative,frustrating,negative
9981,US Airways,negative,hung,negative
9984,US Airways,negative,gold,positive
9985,US Airways,negative,fuck,negative
9986,US Airways,negative,issues,negative
9986,US Airways,negative,tough,positive
9986,US Airways,negative,fail,negative
9987,US Airways,neutral,guarantee,positive
9989,US Airways,negative,failed,negative
9989,US Airways,negative,blame,negative
9993,US Airways,negative,issue,negative
9994,US Airways,negative,nicely,positive
9995,US Airways,negative,refund,positive
9996,US Airways,negative,issues,negative
9996,US Airways,negative,unbelievable,negative
9999,US Airways,negative,issue,negative
10004,US Airways,negative,delay,negative
10006,US Airways,negative,falling,negative
10007,US Airways,negative,worst,negative
10008,US Airways,negative,miss,negative
10008,US Airways,negative,delayed,negative
10008,US Airways,negative,frustrated,negative
10009,US Airways,negative,awful,negative
10010,US Airways,negative,sick,negative
10011,US Airways,negative,delay,negative
10011,US Airways,negative,stuck,negative
10012,US Airways,negative,rude,negative
10012,US Airways,negative,sick,negative
10012,US Airways,negative,missed,negative
10013,US Airways,negative,stupid,negative
10013,US Airways,negative,issue,negative
10013,US Airways,negative,support,positive
10015,US Airways,negative,hang,negative
10016,US Airways,positive,painless,positive
10016,US Airways,positive,effortless,positive
10016,US Airways,positive,fantastic,positive
10018,US Airways,negative,delay,negative
10018,US Airways,negative,wrong,negative
10018,US Airways,negative,pathetic,negative
10019,US Airways,negative,love,positive
10019,US Airways,negative,stuck,negative
10019,US Airways,negative,stuck,negative
10022,US Airways,negative,unacceptable,negative
10022,US Airways,negative,hard,negative
10024,US Airways,negative,delayed,negative
10024,US Airways,negative,shit,negative
10025,US Airways,negative,approve,positive
10025,US Airways,negative,fear,negative
10025,US Airways,negative,losing,negative
10027,US Airways,negative,deplorable,negative
10027,US Airways,negative,rude,negative
10027,US Airways,negative,delays,negative
10030,US Airways,negative,horrible,negative
10032,US Airways,negative,stuck,negative
10032,US Airways,negative,ridiculous,negative
10033,US Airways,negative,promise,positive
10035,US Airways,negative,horrible,negative
10039,US Airways,negative,accomplish,positive
10040,US Airways,negative,frustration,negative
10042,US Airways,neutral,benefit,positive
10043,US Airways,negative,cheap,negative
10045,US Airways,negative,inconvenience,negative
10045,US Airways,negative,freaking,negative
10045,US Airways,negative,fail,negative
10046,US Airways,negative,delayed,negative
10046,US Airways,negative,miss,negative
10047,US Airways,negative,blatant,negative
10047,US Airways,negative,lie,negative
10048,US Airways,negative,worst,negative
10051,US Airways,negative,pretty,positive
10051,US Airways,negative,upset,negative
10053,US Airways,negative,responsive,positive
10054,US Airways,negative,careless,negative
10056,US Airways,negative,bother,negative
10056,US Airways,negative,worst,negative
10057,US Airways,negative,poor,negative
10057,US Airways,negative,delay,negative
10058,US Airways,negative,worst,negative
10059,US Airways,negative,inability,negative
10061,US Airways,negative,impressed,positive
10061,US Airways,negative,unhelpful,negative
10061,US Airways,negative,incredibly,positive
10061,US Airways,negative,rude,negative
10065,US Airways,negative,worst,negative
10066,US Airways,negative,delay,negative
10066,US Airways,negative,delayed,negative
10068,US Airways,negative,brutal,negative
10071,US Airways,negative,delay,negative
10072,US Airways,negative,delay,negative
10078,US Airways,negative,delayed,negative
10078,US Airways,negative,hung,negative
10079,US Airways,negative,hot,positive
10079,US Airways,negative,mess,negative
10080,US Airways,negative,bad,negative
10081,US Airways,positive,friendly,positive
10081,US Airways,positive,helped,positive
10085,US Airways,negative,abysmal,negative
10086,US Airways,negative,worth,positive
10087,US Airways,negative,delay,negative
10087,US Airways,negative,delayed,negative
10087,US Airways,negative,frustrating,negative
10089,US Airways,negative,sucks,negative
10091,US Airways,negative,appreciated,positive
10092,US Airways,negative,hung,negative
10092,US Airways,negative,correct,positive
10092,US Airways,negative,error,negative
10092,US Airways,negative,unhappy,negative
10095,US Airways,negative,suck,negative
10099,US Airways,negative,delayed,negative
10099,US Airways,negative,unable,negative
10100,US Airways,positive,pleasant,positive
10100,US Airways,positive,helpful,positive
10100,US Airways,positive,kudos,positive
10102,US Airways,negative,worse,negative
10102,US Airways,negative,lost,negative
10103,US Airways,negative,confused,negative
10105,US Airways,neutral,sadly,negative
10106,US Airways,negative,sucks,negative
10107,US Airways,negative,tense,negative
10107,US Airways,negative,miserable,negative
10108,US Airways,negative,delayed,negative
10108,US Airways,negative,miss,negative
10110,US Airways,negative,hung,negative
10110,US Airways,negative,died,negative
10111,US Airways,negative,impressive,positive
10111,US Airways,negative,lack,negative
10111,US Airways,negative,concern,negative
10111,US Airways,negative,havoc,negative
10113,US Airways,negative,excellent,positive
10113,US Airways,negative,shame,negative
10114,US Airways,negative,hung,negative
10114,US Airways,negative,worst,negative
10117,US Airways,negative,worst,negative
10121,US Airways,negative,poor,negative
10124,US Airways,negative,delayed,negative
10125,US Airways,negative,aggravating,negative
10125,US Airways,negative,loose,negative
10126,US Airways,negative,incompetence,negative
10126,US Airways,negative,overwhelming,negative
10127,US Airways,negative,unusual,negative
10127,US Airways,negative,screwed,negative
10128,US Airways,negative,horrible,negative
10129,US Airways,negative,issue,negative
10130,US Airways,positive,incredibly,positive
10130,US Airways,positive,helpful,positive
10131,US Airways,negative,hate,negative
10131,US Airways,negative,delays,negative
10131,US Airways,negative,hostage,negative
10132,US Airways,positive,excellent,positive
10132,US Airways,positive,complaint,negative
10134,US Airways,negative,unhelpful,negative
10136,US Airways,negative,complaint,negative
10137,US Airways,negative,useless,negative
10137,US Airways,negative,idiots,negative
10139,US Airways,negative,issue,negative
10139,US Airways,negative,frustrated,negative
10140,US Airways,negative,helpful,positive
10140,US Airways,negative,impossible,negative
10140,US Airways,negative,desperately,negative
10142,US Airways,positive,helpful,positive
10143,US Airways,negative,idiotic,negative
10144,US Airways,neutral,fresh,positive
10144,US Airways,neutral,nice,positive
10145,US Airways,negative,atrocious,negative
10147,US Airways,neutral,appreciated,positive
10148,US Airways,negative,stuck,negative
10150,US Airways,negative,bad,negative
10152,US Airways,negative,dying,negative
10152,US Airways,negative,loyalty,positive
10154,US Airways,negative,suck,negative
10156,US Airways,negative,joke,negative
10160,US Airways,negative,disappointed,negative
10162,US Airways,positive,helpful,positive
10162,US Airways,positive,patient,positive
10162,US Airways,positive,stuck,negative
10163,US Airways,negative,poorly,negative
10163,US Airways,negative,shameful,negative
10165,US Airways,negative,lies,negative
10166,US Airways,negative,delay,negative
10167,US Airways,negative,disgrace,negative
10169,US Airways,negative,glad,positive
10169,US Airways,negative,delays,negative
10169,US Airways,negative,frustrating,negative
10170,US Airways,negative,horrid,negative
10170,US Airways,negative,fail,negative
10171,US Airways,negative,safe,positive
10177,US Airways,negative,missed,negative
10179,US Airways,negative,hate,negative
10180,US Airways,negative,unacceptable,negative
10182,US Airways,negative,issues,negative
10182,US Airways,negative,missed,negative
10183,US Airways,negative,grief,negative
10184,US Airways,negative,bloody,negative
10185,US Airways,negative,bad,negative
10185,US Airways,negative,missed,negative
10187,US Airways,neutral,award,positive
10188,US Airways,negative,upset,negative
10189,US Airways,negative,chaos,negative
10189,US Airways,negative,abounds,positive
10189,US Airways,negative,humour,positive
10189,US Airways,negative,free,positive
10194,US Airways,negative,bump,negative
10196,US Airways,negative,delayed,negative
10196,US Airways,negative,disappointed,negative
10199,US Airways,negative,delayed,negative
10201,US Airways,negative,refund,positive
10202,US Airways,negative,lost,negative
10203,US Airways,neutral,penalty,negative
10204,US Airways,negative,trick,negative
10207,US Airways,negative,easy,positive
10207,US Airways,negative,delayed,negative
10209,US Airways,negative,errors,negative
10209,US Airways,negative,lapse,negative
10212,US Airways,negative,crisis,negative
10212,US Airways,negative,failed,negative
10212,US Airways,negative,miserably,negative
10219,US Airways,negative,sad,negative
10219,US Airways,negative,loyalty,positive
10220,US Airways,negative,damn,negative
10221,US Airways,negative,hung,negative
10221,US Airways,negative,ridiculous,negative
10222,US Airways,positive,helped,positive
10222,US Airways,positive,emergency,negative
10227,US Airways,negative,lost,negative
10228,US Airways,negative,delaying,negative
10230,US Airways,negative,ridiculous,negative
10231,US Airways,negative,garbage,negative
10231,US Airways,negative,incompetent,negative
10232,US Airways,negative,patience,positive
10233,US Airways,negative,happy,positive
10233,US Airways,negative,crazy,negative
10234,US Airways,negative,wow,positive
10234,US Airways,negative,delayed,negative
10235,US Airways,negative,fell,negative
10236,US Airways,negative,unacceptable,negative
10238,US Airways,negative,weird,negative
10238,US Airways,negative,lies,negative
10239,US Airways,negative,worst,negative
10239,US Airways,negative,delayed,negative
10240,US Airways,negative,rough,negative
10241,US Airways,negative,disaster,negative
10241,US Airways,negative,missed,negative
10242,US Airways,negative,ridiculous,negative
10243,US Airways,negative,nice,positive
10244,US Airways,negative,unacceptable,negative
10245,US Airways,negative,unacceptable,negative
10247,US Airways,negative,stuck,negative
10247,US Airways,negative,fails,negative
10248,US Airways,negative,delayed,negative
10248,US Airways,negative,refused,negative
10248,US Airways,negative,disappointed,negative
10249,US Airways,negative,lost,negative
10250,US Airways,negative,worst,negative
10250,US Airways,negative,broken,negative
10251,US Airways,negative,worst,negative
10254,US Airways,negative,afford,positive
10255,US Airways,negative,bumped,negative
10255,US Airways,negative,unacceptable,negative
10256,US Airways,negative,unacceptable,negative
10259,US Airways,negative,hung,negative
10264,US Airways,negative,miss,negative
10266,US Airways,negative,worst,negative
10269,US Airways,negative,suck,negative
10270,US Airways,negative,horrible,negative
10271,US Airways,negative,crazy,negative
10272,US Airways,negative,tough,positive
10272,US Airways,negative,delayed,negative
10272,US Airways,negative,ready,positive
10277,US Airways,negative,delay,negative
10277,US Airways,negative,top,positive
10277,US Airways,negative,losing,negative
10281,US Airways,negative,ridiculous,negative
10281,US Airways,negative,wasted,negative
10286,US Airways,negative,terrible,negative
10286,US Airways,negative,taxing,negative
10288,US Airways,negative,concerns,negative
10290,US Airways,negative,stuck,negative
10291,US Airways,negative,kudos,positive
10292,US Airways,neutral,refund,positive
10292,US Airways,neutral,penalty,negative
10293,US Airways,negative,hooray,positive
10293,US Airways,negative,loved,positive
10294,US Airways,negative,worst,negative
10297,US Airways,negative,delayed,negative
10303,US Airways,negative,patience,positive
10304,US Airways,negative,tough,positive
10309,US Airways,negative,disappointed,negative
10314,US Airways,negative,free,positive
10316,US Airways,negative,freezing,negative
10318,US Airways,negative,delayed,negative
10319,US Airways,negative,safe,positive
10321,US Airways,negative,afford,positive
10324,US Airways,negative,reward,positive
10325,US Airways,negative,poor,negative
10325,US Airways,negative,mercy,positive
10327,US Airways,negative,terrible,negative
10329,US Airways,negative,utterly,negative
10329,US Airways,negative,frustrated,negative
10330,US Airways,positive,helpful,positive
10330,US Airways,positive,favorite,positive
10332,US Airways,negative,poor,negative
10335,US Airways,negative,dumped,negative
10336,US Airways,negative,stuck,negative
10336,US Airways,negative,needlessly,negative
10338,US Airways,negative,cheap,negative
10338,US Airways,negative,fail,negative
10341,US Airways,negative,failed,negative
10343,US Airways,negative,fine,positive
10345,US Airways,negative,dumped,negative
10345,US Airways,negative,terrible,negative
10346,US Airways,negative,awful,negative
10346,US Airways,negative,unnoticed,negative
10347,US Airways,negative,sick,negative
10348,US Airways,negative,garbage,negative
10348,US Airways,negative,reward,positive
10348,US Airways,negative,unacceptable,negative
10349,US Airways,negative,hostage,negative
10350,US Airways,negative,delays,negative
10350,US Airways,negative,faulty,negative
10352,US Airways,neutral,award,positive
10353,US Airways,negative,unacceptable,negative
10358,US Airways,negative,top,positive
10358,US Airways,negative,wasting,negative
10359,US Airways,negative,disappointed,negative
10360,US Airways,negative,broken,negative
10361,US Airways,negative,fault,negative
10361,US Airways,negative,delayed,negative
10362,US Airways,negative,inconvenience,negative
10362,US Airways,negative,lie,negative
10362,US Airways,negative,fault,negative
10363,US Airways,negative,stuck,negative
10363,US Airways,negative,accurate,positive
10365,US Airways,negative,delay,negative
10365,US Airways,negative,hasty,negative
10365,US Airways,negative,unwise,negative
10365,US Airways,negative,fail,negative
10366,US Airways,negative,worst,negative
10366,US Airways,negative,garbage,negative
10367,US Airways,negative,delaying,negative
10370,US Airways,negative,stuck,negative
10371,US Airways,negative,miserable,negative
10372,US Airways,negative,denied,negative
10374,US Airways,negative,happy,positive
10376,US Airways,negative,sucks,negative
10376,US Airways,negative,conflicting,negative
10377,US Airways,negative,crazy,negative
10378,US Airways,negative,lost,negative
10379,US Airways,negative,excuse,negative
10379,US Airways,negative,poor,negative
10379,US Airways,negative,lack,negative
10380,US Airways,negative,stuck,negative
10381,US Airways,negative,unacceptable,negative
10382,US Airways,neutral,sexy,positive
10385,US Airways,negative,stress,negative
10385,US Airways,negative,awful,negative
10385,US Airways,negative,delayed,negative
10385,US Airways,negative,compassion,positive
10386,US Airways,negative,delays,negative
10387,US Airways,negative,top,positive
10388,US Airways,negative,delay,negative
10389,US Airways,negative,bad,negative
10390,US Airways,negative,unacceptable,negative
10391,US Airways,positive,awesome,positive
10392,US Airways,negative,truthful,positive
10393,US Airways,negative,happy,positive
10394,US Airways,negative,delayed,negative
10395,US Airways,negative,worst,negative
10395,US Airways,negative,delay,negative
10396,US Airways,positive,top,positive
10400,US Airways,negative,redeem,positive
10400,US Airways,negative,fair,positive
10400,US Airways,negative,emergency,negative
10400,US Airways,negative,unacceptable,negative
10401,US Airways,negative,wrong,negative
10402,US Airways,negative,clever,positive
10403,US Airways,negative,angry,negative
10407,US Airways,negative,delay,negative
10409,US Airways,negative,stuck,negative
10409,US Airways,negative,issue,negative
10411,US Airways,negative,delay,negative
10412,US Airways,negative,miss,negative
10413,US Airways,negative,stuck,negative
10414,US Airways,negative,trash,negative
10415,US Airways,negative,pleased,positive
10415,US Airways,negative,guarantee,positive
10415,US Airways,negative,correct,positive
10416,US Airways,neutral,clog,negative
10416,US Airways,neutral,crowded,negative
10417,US Airways,neutral,terrible,negative
10421,US Airways,negative,bravo,positive
10421,US Airways,negative,delayed,negative
10421,US Airways,negative,missed,negative
10426,US Airways,negative,bumped,negative
10427,US Airways,negative,respectful,positive
10427,US Airways,negative,complaints,negative
10427,US Airways,negative,issue,negative
10427,US Airways,negative,cleared,positive
10432,US Airways,negative,mess,negative
10434,US Airways,negative,bullshit,negative
10435,US Airways,negative,delayed,negative
10435,US Airways,negative,miss,negative
10435,US Airways,negative,delay,negative
10436,US Airways,negative,fair,positive
10436,US Airways,negative,emergency,negative
10436,US Airways,negative,disappointed,negative
10437,US Airways,negative,wow,positive
10438,US Airways,negative,stuck,negative
10438,US Airways,negative,free,positive
10438,US Airways,negative,sucks,negative
10438,US Airways,negative,cry,negative
10440,US Airways,negative,sucks,negative
10440,US Airways,negative,missed,negative
10441,US Airways,negative,worst,negative
10445,US Airways,negative,wrong,negative
10447,US Airways,positive,courteous,positive
10448,US Airways,negative,hell,negative
10448,US Airways,negative,terrible,negative
10450,US Airways,positive,providence,positive
10450,US Airways,positive,correct,positive
10451,US Airways,positive,rockstar,positive
10451,US Airways,positive,tough,positive
10452,US Airways,negative,nervous,negative
10452,US Airways,negative,friendly,positive
10454,US Airways,positive,loyal,positive
10455,US Airways,neutral,issue,negative
10455,US Airways,neutral,refund,positive
10456,US Airways,positive,pleasant,positive
10456,US Airways,positive,fantastic,positive
10456,US Airways,positive,amazing,positive
10457,US Airways,negative,refund,positive
10458,US Airways,negative,worst,negative
10460,US Airways,negative,warm,positive
10460,US Airways,negative,tired,negative
10461,US Airways,negative,hell,negative
10461,US Airways,negative,smart,positive
10463,US Airways,negative,horrible,negative
10464,US Airways,negative,absurd,negative
10466,US Airways,negative,disappointed,negative
10466,US Airways,negative,toll,negative
10466,US Airways,negative,free,positive
10466,US Airways,negative,terrible,negative
10467,US Airways,negative,awful,negative
10471,US Airways,negative,killing,negative
10472,US Airways,negative,gold,positive
10472,US Airways,negative,love,positive
10472,US Airways,negative,consistent,positive
10473,US Airways,positive,happy,positive
10474,US Airways,negative,delayed,negative
10475,US Airways,negative,fun,positive
10476,US Airways,neutral,correct,positive
10478,US Airways,positive,bad,negative
10482,US Airways,negative,refund,positive
10482,US Airways,negative,offensive,negative
10488,US Airways,positive,delayed,negative
10488,US Airways,positive,delayed,negative
10489,US Airways,positive,awesome,positive
10489,US Airways,positive,reward,positive
10489,US Airways,positive,smiling,positive
10489,US Airways,positive,bad,negative
10497,US Airways,negative,glad,positive
10503,US Airways,negative,ridiculous,negative
10503,US Airways,negative,delayed,negative
10503,US Airways,negative,miss,negative
10506,US Airways,negative,hung,negative
10508,US Airways,negative,idiots,negative
10509,US Airways,positive,outstanding,positive
10510,US Airways,negative,suck,negative
10511,US Airways,negative,delays,negative
10511,US Airways,negative,trouble,negative
10511,US Airways,negative,lack,negative
10512,US Airways,positive,love,positive
10513,US Airways,negative,expire,negative
10513,US Airways,negative,lose,negative
10514,US Airways,negative,award,positive
10515,US Airways,negative,damn,negative
10515,US Airways,negative,refund,positive
10516,US Airways,negative,beg,negative
10516,US Airways,negative,wrong,negative
10518,US Airways,negative,fail,negative
10519,US Airways,negative,falling,negative
10519,US Airways,negative,love,positive
10520,US Airways,negative,hell,negative
10521,US Airways,negative,shocked,negative
10522,US Airways,negative,patient,positive
10523,US Airways,negative,unbelievable,negative
10527,US Airways,negative,bad,negative
10527,US Airways,negative,loss,negative
10530,US Airways,negative,easy,positive
10531,US Airways,negative,award,positive
10531,US Airways,negative,gold,positive
10533,US Airways,positive,awesome,positive
10534,US Airways,positive,awesome,positive
10534,US Airways,positive,smile,positive
10534,US Airways,positive,difficult,negative
10535,US Airways,negative,lost,negative
10536,US Airways,negative,safe,positive
10537,US Airways,negative,lost,negative
10540,US Airways,negative,missed,negative
10542,US Airways,negative,refund,positive
10542,US Airways,negative,pathetic,negative
10544,US Airways,negative,disgusting,negative
10544,US Airways,negative,ashamed,negative
10544,US Airways,negative,disgusting,negative
10545,US Airways,negative,undermines,negative
10545,US Airways,negative,intelligence,positive
10545,US Airways,negative,complaints,negative
10546,US Airways,negative,poor,negative
10546,US Airways,negative,complaints,negative
10546,US Airways,negative,complaint,negative
10547,US Airways,negative,easier,positive
10547,US Airways,negative,refund,positive
10549,US Airways,negative,inexcusable,negative
10550,US Airways,negative,sensitive,positive
10550,US Airways,negative,lose,negative
10553,US Airways,negative,issue,negative
10554,US Airways,negative,rude,negative
10554,US Airways,negative,unhelpful,negative
10554,US Airways,negative,discourteous,negative
10554,US Airways,negative,appalled,negative
10554,US Airways,negative,unacceptable,negative
10555,US Airways,negative,ridiculous,negative
10555,US Airways,negative,missed,negative
10555,US Airways,negative,shameful,negative
10556,US Airways,negative,failing,negative
10557,US Airways,negative,issues,negative
10557,US Airways,negative,delayed,negative
10557,US Airways,negative,stuck,negative
10558,US Airways,negative,rude,negative
10558,US Airways,negative,rude,negative
10558,US Airways,negative,rude,negative
10558,US Airways,negative,awful,negative
10559,US Airways,neutral,advantage,positive
10561,US Airways,negative,awe,positive
10564,US Airways,negative,likes,positive
10564,US Airways,negative,nice,positive
10564,US Airways,negative,frustrations,negative
10565,US Airways,negative,dedicated,positive
10568,US Airways,positive,delayed,negative
10568,US Airways,positive,glad,positive
10571,US Airways,negative,gold,positive
10573,US Airways,negative,sadly,negative
10573,US Airways,negative,cheap,negative
10574,US Airways,negative,hung,negative
10574,US Airways,negative,sweet,positive
10574,US Airways,negative,refund,positive
10577,US Airways,negative,rude,negative
10578,US Airways,negative,worst,negative
10582,US Airways,negative,helpful,positive
10583,US Airways,negative,lost,negative
10585,US Airways,negative,ridiculous,negative
10586,US Airways,negative,bug,negative
10588,US Airways,negative,issue,negative
10588,US Airways,negative,leak,negative
10591,US Airways,negative,stuck,negative
10594,US Airways,negative,issue,negative
10594,US Airways,negative,frustrating,negative
10595,US Airways,negative,hang,negative
10596,US Airways,neutral,bumped,negative
10598,US Airways,negative,rude,negative
10598,US Airways,negative,nicer,positive
10599,US Airways,negative,disappointed,negative
10602,US Airways,negative,missed,negative
10603,US Airways,negative,awful,negative
10604,US Airways,positive,delay,negative
10606,US Airways,negative,fucking,negative
10606,US Airways,negative,hate,negative
10609,US Airways,negative,incredibly,positive
10609,US Airways,negative,unacceptable,negative
10610,US Airways,neutral,glad,positive
10613,US Airways,negative,helping,positive
10614,US Airways,negative,wrong,negative
10614,US Airways,negative,rude,negative
10615,US Airways,negative,correct,positive
10619,US Airways,negative,harsh,negative
10619,US Airways,negative,remorse,negative
10619,US Airways,negative,weak,negative
10621,US Airways,negative,joke,negative
10621,US Airways,negative,fail,negative
10622,US Airways,negative,incapable,negative
10622,US Airways,negative,fail,negative
10623,US Airways,negative,bumping,negative
10623,US Airways,negative,fail,negative
10625,US Airways,negative,frustrating,negative
10626,US Airways,negative,ruined,negative
10627,US Airways,negative,cool,positive
10629,US Airways,negative,excited,positive
10629,US Airways,negative,unable,negative
10630,US Airways,negative,odd,negative
10631,US Airways,negative,pretty,positive
10631,US Airways,negative,hilarious,positive
10631,US Airways,negative,awful,negative
10634,US Airways,negative,emergency,negative
10638,US Airways,negative,delayed,negative
10639,US Airways,negative,damaged,negative
10642,US Airways,negative,delays,negative
10645,US Airways,negative,lost,negative
10645,US Airways,negative,free,positive
10647,US Airways,negative,lose,negative
10647,US Airways,negative,pathetic,negative
10649,US Airways,negative,despicable,negative
10649,US Airways,negative,lost,negative
10650,US Airways,positive,fell,negative
10652,US Airways,negative,honoring,positive
10653,US Airways,neutral,delayed,negative
10655,US Airways,negative,heck,negative
10657,US Airways,negative,improved,positive
10657,US Airways,negative,issues,negative
10658,US Airways,negative,bad,negative
10660,US Airways,negative,glad,positive
10660,US Airways,negative,secure,positive
10663,US Airways,negative,misery,negative
10663,US Airways,negative,damage,negative
10663,US Airways,negative,breach,negative
10664,US Airways,negative,disbelief,negative
10665,US Airways,positive,worry,negative
10666,US Airways,negative,fast,positive
10668,US Airways,negative,delayed,negative
10668,US Airways,negative,miss,negative
10669,US Airways,neutral,worries,negative
10670,US Airways,negative,lousy,negative
10671,US Airways,negative,cold,negative
10672,US Airways,negative,refuses,negative
10672,US Airways,negative,disappointed,negative
10675,US Airways,negative,horrible,negative
10678,US Airways,negative,fuck,negative
10679,US Airways,negative,dumping,negative
10679,US Airways,negative,ridiculous,negative
10680,US Airways,negative,dirty,negative
10680,US Airways,negative,damn,negative
10680,US Airways,negative,refund,positive
10681,US Airways,negative,worst,negative
10681,US Airways,negative,fuck,negative
10682,US Airways,negative,lose,negative
10683,US Airways,negative,ashamed,negative
10684,US Airways,negative,frustrating,negative
10684,US Airways,negative,suspect,negative
10684,US Airways,negative,inclement,negative
10685,US Airways,negative,worst,negative
10685,US Airways,negative,crazy,negative
10685,US Airways,negative,horrible,negative
10686,US Airways,positive,kudos,positive
10686,US Airways,positive,lost,negative
10686,US Airways,positive,delightful,positive
10691,US Airways,negative,annoying,negative
10691,US Airways,negative,worse,negative
10692,US Airways,positive,exceptional,positive
10693,US Airways,negative,worst,negative
10694,US Airways,negative,refund,positive
10695,US Airways,negative,delay,negative
10695,US Airways,negative,broke,negative
10699,US Airways,negative,atrocious,negative
10699,US Airways,negative,delay,negative
10701,US Airways,positive,excellent,positive
10702,US Airways,negative,pretty,positive
10702,US Airways,negative,awesome,positive
10703,US Airways,negative,disappointment,negative
10703,US Airways,negative,death,negative
10704,US Airways,neutral,concern,negative
10706,US Airways,negative,worst,negative
10706,US Airways,negative,worse,negative
10706,US Airways,negative,decent,positive
10712,US Airways,negative,crazy,negative
10712,US Airways,negative,poorly,negative
10712,US Airways,negative,happy,positive
10715,US Airways,negative,promise,positive
10719,US Airways,negative,stuck,negative
10719,US Airways,negative,horrid,negative
10721,US Airways,negative,worst,negative
10723,US Airways,negative,incompetent,negative
10724,US Airways,negative,broken,negative
10724,US Airways,negative,delay,negative
10724,US Airways,negative,mad,negative
10727,US Airways,negative,sucks,negative
10729,US Airways,negative,issue,negative
10731,US Airways,negative,worst,negative
10732,US Airways,negative,hate,negative
10732,US Airways,negative,complain,negative
10732,US Airways,negative,brutal,negative
10733,US Airways,negative,failure,negative
10735,US Airways,negative,rude,negative
10738,US Airways,negative,worst,negative
10738,US Airways,negative,smelly,negative
10739,US Airways,negative,easy,positive
10741,US Airways,negative,delayed,negative
10742,US Airways,negative,easier,positive
10743,US Airways,negative,delayed,negative
10744,US Airways,negative,stuck,negative
10744,US Airways,negative,unacceptable,negative
10744,US Airways,negative,unhappy,negative
10745,US Airways,negative,worst,negative
10746,US Airways,negative,issues,negative
10746,US Airways,negative,inefficient,negative
10746,US Airways,negative,compassion,positive
10746,US Airways,negative,sad,negative
10746,US Airways,negative,sad,negative
10747,US Airways,negative,suck,negative
10747,US Airways,negative,ruined,negative
10753,US Airways,negative,bad,negative
10753,US Airways,negative,tired,negative
10755,US Airways,negative,faster,positive
10755,US Airways,negative,delayed,negative
10760,US Airways,negative,nightmarish,negative
10760,US Airways,negative,elite,positive
10760,US Airways,negative,appalled,negative
10761,US Airways,negative,elite,positive
10765,US Airways,neutral,redeem,positive
10765,US Airways,neutral,free,positive
10766,US Airways,neutral,freeze,negative
10768,US Airways,negative,insulting,negative
10768,US Airways,negative,goodwill,positive
10770,US Airways,negative,missed,negative
10771,US Airways,negative,worst,negative
10771,US Airways,negative,concern,negative
10775,US Airways,negative,mess,negative
10782,US Airways,negative,ridiculous,negative
10782,US Airways,negative,brutal,negative
10784,US Airways,negative,delayed,negative
10784,US Airways,negative,confused,negative
10786,US Airways,negative,loyal,positive
10786,US Airways,negative,delay,negative
10787,US Airways,negative,lies,negative
10787,US Airways,negative,delayed,negative
10788,US Airways,positive,enjoying,positive
10788,US Airways,positive,tough,positive
10788,US Airways,positive,comfortable,positive
10790,US Airways,neutral,fastest,positive
10791,US Airways,neutral,free,positive
10793,US Airways,neutral,problematic,negative
10797,US Airways,positive,fantastic,positive
10797,US Airways,positive,helpful,positive
10797,US Airways,positive,smiling,positive
10801,US Airways,negative,painful,negative
10802,US Airways,negative,wrong,negative
10802,US Airways,negative,fail,negative
10804,US Airways,negative,miss,negative
10805,US Airways,negative,fastest,positive
10806,US Airways,positive,awesome,positive
10807,US Airways,negative,delayed,negative
10810,US Airways,negative,missed,negative
10810,US Airways,negative,pointless,negative
10810,US Airways,negative,screwed,negative
10811,US Airways,negative,error,negative
10812,US Airways,negative,frozen,negative
10813,US Airways,negative,delayed,negative
10813,US Airways,negative,luck,positive
10814,US Airways,positive,congratulation,positive
10814,US Airways,positive,friendly,positive
10816,US Airways,negative,delayed,negative
10816,US Airways,negative,stuck,negative
10820,US Airways,negative,inconvenience,negative
10823,US Airways,negative,worst,negative
10823,US Airways,negative,worth,positive
10825,US Airways,negative,sincerely,positive
10825,US Airways,negative,hard,negative
10825,US Airways,negative,patience,positive
10825,US Airways,negative,false,negative
10827,US Airways,negative,issues,negative
10827,US Airways,negative,lost,negative
10829,US Airways,negative,appreciates,positive
10829,US Airways,negative,sass,negative
10829,US Airways,negative,irritated,negative
10831,US Airways,negative,error,negative
10833,US Airways,positive,awesome,positive
10835,US Airways,negative,hang,negative
10840,US Airways,negative,lost,negative
10840,US Airways,negative,frustrating,negative
10840,US Airways,negative,poor,negative
10841,US Airways,negative,complaint,negative
10842,US Airways,negative,error,negative
10844,US Airways,negative,rude,negative
10844,US Airways,negative,poor,negative
10846,US Airways,negative,messed,negative
10846,US Airways,negative,failing,negative
10847,US Airways,negative,happy,positive
10847,US Airways,negative,poor,negative
10848,US Airways,neutral,nice,positive
10851,US Airways,negative,glad,positive
10854,US Airways,negative,easy,positive
10855,US Airways,positive,awesome,positive
10856,US Airways,negative,correct,positive
10858,US Airways,negative,hassle,negative
10861,US Airways,positive,amazing,positive
10862,US Airways,negative,rude,negative
10862,US Airways,negative,disrespect,negative
10863,US Airways,positive,appreciated,positive
10863,US Airways,positive,super,positive
10865,US Airways,negative,bother,negative
10865,US Airways,negative,wasting,negative
10868,US Airways,negative,grace,positive
10868,US Airways,negative,cheaper,positive
10869,US Airways,negative,horrible,negative
10869,US Airways,negative,lost,negative
10873,US Airways,negative,delayed,negative
10874,US Airways,negative,helping,positive
10876,US Airways,negative,stuck,negative
10877,US Airways,negative,funny,negative
10881,US Airways,negative,free,positive
10881,US Airways,negative,delay,negative
10884,US Airways,negative,joke,negative
10884,US Airways,negative,losing,negative
10886,US Airways,negative,wrong,negative
10888,US Airways,negative,mess,negative
10891,US Airways,negative,respect,positive
10891,US Airways,negative,stress,negative
10893,US Airways,negative,difficult,negative
10894,US Airways,negative,displeased,negative
10895,US Airways,negative,funny,negative
10896,US Airways,positive,bloody,negative
10898,US Airways,negative,complaints,negative
10901,US Airways,negative,rude,negative
10901,US Airways,negative,curt,negative
10901,US Airways,negative,sad,negative
10902,US Airways,negative,nightmare,negative
10902,US Airways,negative,worthless,negative
10903,US Airways,negative,delayed,negative
10904,US Airways,negative,happy,positive
10906,US Airways,neutral,fast,positive
10907,US Airways,negative,crowded,negative
10909,US Airways,negative,upset,negative
10909,US Airways,negative,lost,negative
10909,US Airways,negative,losing,negative
10911,US Airways,negative,horrible,negative
10914,US Airways,negative,refund,positive
10916,US Airways,positive,helping,positive
10917,US Airways,positive,top,positive
10917,US Airways,positive,outstanding,positive
10917,US Airways,positive,support,positive
10918,US Airways,negative,burning,negative
10918,US Airways,negative,illegal,negative
10919,US Airways,negative,fucking,negative
10920,US Airways,negative,lame,negative
10920,US Airways,negative,terrible,negative
10921,US Airways,negative,damn,negative
10921,US Airways,negative,delay,negative
10922,US Airways,negative,nice,positive
10923,US Airways,negative,worst,negative
10923,US Airways,negative,useless,negative
10924,US Airways,negative,wasted,negative
10924,US Airways,negative,bad,negative
10924,US Airways,negative,bad,negative
10925,US Airways,negative,useless,negative
10926,US Airways,negative,complaint,negative
10927,US Airways,negative,miss,negative
10927,US Airways,negative,miserable,negative
10928,US Airways,negative,delay,negative
10929,US Airways,negative,delayed,negative
10929,US Airways,negative,bad,negative
10929,US Airways,negative,bad,negative
10931,US Airways,negative,refund,positive
10932,US Airways,positive,prompt,positive
10933,US Airways,negative,nice,positive
10933,US Airways,negative,dismissive,negative
10935,US Airways,negative,hang,negative
10935,US Airways,negative,unacceptable,negative
10936,US Airways,negative,failed,negative
10937,US Airways,negative,waste,negative
10937,US Airways,negative,ridiculous,negative
10940,US Airways,neutral,joke,negative
10941,US Airways,negative,nice,positive
10941,US Airways,negative,dismissive,negative
10943,US Airways,positive,improved,positive
10943,US Airways,positive,super,positive
10945,US Airways,negative,unacceptable,negative
10947,US Airways,negative,refund,positive
10947,US Airways,negative,unbelievable,negative
10951,US Airways,negative,lazy,negative
10955,US Airways,negative,delayed,negative
10956,US Airways,negative,helping,positive
10958,US Airways,negative,worst,negative
10958,US Airways,negative,delay,negative
10958,US Airways,negative,miss,negative
10958,US Airways,negative,issue,negative
10959,US Airways,negative,worst,negative
10960,US Airways,negative,disappointing,negative
10960,US Airways,negative,unnecessary,negative
10960,US Airways,negative,delays,negative
10963,US Airways,negative,miss,negative
10963,US Airways,negative,delayed,negative
10968,US Airways,positive,miss,negative
10969,US Airways,negative,worse,negative
10970,US Airways,negative,expired,negative
10970,US Airways,negative,unacceptable,negative
10970,US Airways,negative,delaying,negative
10971,US Airways,negative,worst,negative
10971,US Airways,negative,faithful,positive
10972,US Airways,negative,correct,positive
10972,US Airways,negative,failed,negative
10973,US Airways,negative,issues,negative
10973,US Airways,negative,lack,negative
10973,US Airways,negative,worse,negative
10975,US Airways,negative,horrible,negative
10975,US Airways,negative,terrible,negative
10979,US Airways,negative,unacceptable,negative
10979,US Airways,negative,wasted,negative
10980,US Airways,negative,bad,negative
10980,US Airways,negative,sad,negative
10981,US Airways,negative,terrible,negative
10983,US Airways,negative,unacceptable,negative
10984,US Airways,negative,ridiculous,negative
10985,US Airways,positive,excited,positive
10985,US Airways,positive,break,negative
10987,US Airways,negative,hassle,negative
10987,US Airways,negative,dishonest,negative
10987,US Airways,negative,misleading,negative
10990,US Airways,negative,incorrect,negative
10992,US Airways,neutral,free,positive
10994,US Airways,negative,pleasant,positive
10995,US Airways,negative,embarrassment,negative
10996,US Airways,negative,worst,negative
10997,US Airways,negative,freezing,negative
10999,US Airways,negative,doubt,negative
10999,US Airways,negative,nice,positive
11001,US Airways,negative,freezing,negative
11002,US Airways,negative,complimentary,positive
11005,US Airways,negative,hostage,negative
11006,US Airways,negative,delays,negative
11007,US Airways,negative,expensive,negative
11008,US Airways,negative,delay,negative
11008,US Airways,negative,awful,negative
11010,US Airways,negative,disorganized,negative
11010,US Airways,negative,delays,negative
11011,US Airways,negative,delayed,negative
11012,US Airways,negative,delay,negative
11012,US Airways,negative,missed,negative
11014,US Airways,negative,difficult,negative
11014,US Airways,negative,disappointed,negative
11016,US Airways,negative,wow,positive
11016,US Airways,negative,ripoff,negative
11017,US Airways,negative,delayed,negative
11017,US Airways,negative,complaints,negative
11019,US Airways,negative,gladly,positive
11019,US Airways,negative,loyal,positive
11019,US Airways,negative,inconvenience,negative
11020,US Airways,negative,ruining,negative
11020,US Airways,negative,ashamed,negative
11022,US Airways,negative,expensive,negative
11023,US Airways,negative,afford,positive
11023,US Airways,negative,afford,positive
11024,US Airways,neutral,fault,negative
11025,US Airways,negative,ruined,negative
11025,US Airways,negative,miss,negative
11028,US Airways,positive,reasonable,positive
11029,US Airways,positive,won,positive
11033,US Airways,negative,refund,positive
11035,US Airways,negative,concerns,negative
11035,US Airways,negative,frustrated,negative
11036,US Airways,negative,hot,positive
11036,US Airways,negative,crazy,negative
11037,US Airways,negative,delay,negative
11037,US Airways,negative,miss,negative
11038,US Airways,negative,worst,negative
11040,US Airways,negative,disappoints,negative
11040,US Airways,negative,missed,negative
11040,US Airways,negative,promised,positive
11040,US Airways,negative,refund,positive
11040,US Airways,negative,lie,negative
11041,US Airways,negative,ridiculous,negative
11042,US Airways,negative,unable,negative
11042,US Airways,negative,frustrating,negative
11043,US Airways,negative,progress,positive
11044,US Airways,negative,bad,negative
11046,US Airways,negative,miss,negative
11047,US Airways,negative,refund,positive
11049,US Airways,negative,scared,negative
11049,US Airways,negative,lose,negative
11049,US Airways,negative,refunded,positive
11050,US Airways,negative,progress,positive
11052,US Airways,negative,delayed,negative
11052,US Airways,negative,tedious,negative
11053,US Airways,negative,horrible,negative
11053,US Airways,negative,delayed,negative
11053,US Airways,negative,delay,negative
11053,US Airways,negative,horrible,negative
11054,US Airways,positive,wonderful,positive
11055,US Airways,neutral,penalty,negative
11057,US Airways,negative,hang,negative
11057,US Airways,negative,tough,positive
11058,US Airways,negative,fails,negative
11058,US Airways,negative,disappoint,negative
11060,US Airways,negative,rude,negative
11060,US Airways,negative,delayed,negative
11061,US Airways,negative,nice,positive
11062,US Airways,positive,lead,positive
11063,US Airways,positive,miss,negative
11064,US Airways,neutral,cheap,negative
11064,US Airways,neutral,mad,negative
11064,US Airways,neutral,trusted,positive
11064,US Airways,neutral,scam,negative
11065,US Airways,negative,lack,negative
11066,US Airways,negative,pure,positive
11066,US Airways,negative,anarchy,negative
11067,US Airways,negative,expensive,negative
11071,US Airways,negative,overwhelmed,negative
11071,US Airways,negative,issues,negative
11072,US Airways,negative,shame,negative
11073,US Airways,neutral,refund,positive
11076,US Airways,neutral,uncomfortable,negative
11078,US Airways,positive,safely,positive
11080,US Airways,negative,delayed,negative
11082,US Airways,negative,ruining,negative
11083,US Airways,negative,delayed,negative
11084,US Airways,negative,hung,negative
11084,US Airways,negative,awful,negative
11085,US Airways,negative,free,positive
11086,US Airways,negative,lost,negative
11088,US Airways,negative,embarrassing,negative
11089,US Airways,positive,love,positive
11090,US Airways,positive,nice,positive
11090,US Airways,positive,flaw,negative
11092,US Airways,negative,secure,positive
11093,US Airways,negative,delay,negative
11094,US Airways,negative,polite,positive
11095,US Airways,negative,overpriced,negative
11096,US Airways,negative,undue,negative
11096,US Airways,negative,penalty,negative
11096,US Airways,negative,flexibility,positive
11099,US Airways,negative,bs,negative
11100,US Airways,negative,delayed,negative
11100,US Airways,negative,unknown,negative
11102,US Airways,negative,losing,negative
11102,US Airways,negative,disappointed,negative
11104,US Airways,negative,poor,negative
11104,US Airways,negative,excuse,negative
11105,US Airways,negative,patient,positive
11105,US Airways,negative,annoyed,negative
11107,US Airways,negative,miss,negative
11113,US Airways,negative,stuck,negative
11113,US Airways,negative,bumped,negative
11113,US Airways,negative,inferior,negative
11115,US Airways,negative,irony,negative
11119,US Airways,positive,weird,negative
11121,US Airways,negative,anxious,negative
11121,US Airways,negative,warning,negative
11123,US Airways,negative,worst,negative
11123,US Airways,negative,refund,positive
11124,US Airways,negative,bad,negative
11124,US Airways,negative,bad,negative
11125,US Airways,negative,irritated,negative
11125,US Airways,negative,messed,negative
11125,US Airways,negative,warning,negative
11126,US Airways,neutral,benefit,positive
11126,US Airways,neutral,premier,positive
11126,US Airways,neutral,limited,negative
11126,US Airways,neutral,qualify,positive
11127,US Airways,negative,losing,negative
11127,US Airways,negative,broken,negative
11129,US Airways,negative,disappointment,negative
11131,US Airways,negative,impossible,negative
11132,US Airways,negative,lively,positive
11134,US Airways,neutral,sad,negative
11137,US Airways,negative,honored,positive
11138,US Airways,neutral,funny,negative
11138,US Airways,neutral,nice,positive
11140,US Airways,negative,shit,negative
11140,US Airways,negative,unhappy,negative
11148,US Airways,negative,stupid,negative
11148,US Airways,negative,heck,negative
11151,US Airways,negative,terrible,negative
11153,US Airways,negative,amazing,positive
11153,US Airways,negative,delayed,negative
11153,US Airways,negative,frozen,negative
11155,US Airways,negative,stuck,negative
11155,US Airways,negative,disgusting,negative
11156,US Airways,negative,sincerely,positive
11156,US Airways,negative,regret,negative
11159,US Airways,negative,broken,negative
11159,US Airways,negative,inferior,negative
11160,US Airways,neutral,complain,negative
11162,US Airways,negative,issue,negative
11163,US Airways,negative,rude,negative
11165,US Airways,positive,success,positive
11165,US Airways,positive,recovery,positive
11166,US Airways,neutral,superior,positive
11168,US Airways,neutral,accurate,positive
11169,US Airways,negative,error,negative
11169,US Airways,negative,awful,negative
11171,US Airways,negative,badly,negative
11172,US Airways,positive,fabulous,positive
11173,US Airways,negative,hung,negative
11179,US Airways,negative,issue,negative
11181,US Airways,negative,awesome,positive
11181,US Airways,negative,smells,negative
11183,US Airways,negative,issue,negative
11183,US Airways,negative,delayed,negative
11184,US Airways,negative,wrong,negative
11184,US Airways,negative,correct,positive
11184,US Airways,negative,tired,negative
11184,US Airways,negative,frustrated,negative
11185,US Airways,neutral,hero,positive
11187,US Airways,positive,revive,positive
11187,US Airways,positive,err,negative
11189,US Airways,negative,honored,positive
11191,US Airways,negative,delay,negative
11191,US Airways,negative,poor,negative
11192,US Airways,negative,stuck,negative
11192,US Airways,negative,worse,negative
11193,US Airways,negative,sucks,negative
11194,US Airways,negative,frustrated,negative
11196,US Airways,negative,bad,negative
11196,US Airways,negative,frozen,negative
11198,US Airways,neutral,cold,negative
11199,US Airways,negative,hard,negative
11199,US Airways,negative,stubbornly,negative
11202,US Airways,negative,delayed,negative
11205,US Airways,positive,courteous,positive
11205,US Airways,positive,helpful,positive
11205,US Airways,positive,unreal,positive
11207,US Airways,negative,ripoff,negative
11209,US Airways,negative,error,negative
11212,US Airways,positive,worry,negative
11213,US Airways,negative,clean,positive
11213,US Airways,negative,issue,negative
11214,US Airways,negative,unacceptable,negative
11215,US Airways,negative,support,positive
11216,US Airways,positive,kudos,positive
11216,US Airways,positive,support,positive
11219,US Airways,negative,stuck,negative
11219,US Airways,negative,miss,negative
11220,US Airways,negative,glad,positive
11222,US Airways,negative,delayed,negative
11223,US Airways,negative,worst,negative
11223,US Airways,negative,fucking,negative
11225,US Airways,neutral,worried,negative
11225,US Airways,neutral,wrong,negative
11226,US Airways,negative,hung,negative
11226,US Airways,negative,issues,negative
11230,US Airways,neutral,silly,negative
11233,US Airways,negative,delayed,negative
11233,US Airways,negative,miss,negative
11234,US Airways,negative,miss,negative
11235,US Airways,neutral,upset,negative
11235,US Airways,neutral,promise,positive
11236,US Airways,negative,hate,negative
11241,US Airways,negative,refuse,negative
11241,US Airways,negative,downgrade,negative
11241,US Airways,negative,ripoff,negative
11243,US Airways,negative,silly,negative
11243,US Airways,negative,award,positive
11243,US Airways,negative,fail,negative
11244,US Airways,neutral,correct,positive
11245,US Airways,negative,confidence,positive
11247,US Airways,negative,wrong,negative
11248,US Airways,negative,advantage,positive
11248,US Airways,negative,frustrating,negative
11249,US Airways,neutral,benefits,positive
11249,US Airways,neutral,advantage,positive
11250,US Airways,neutral,advantage,positive
11251,US Airways,negative,worst,negative
11252,US Airways,negative,patience,positive
11253,US Airways,negative,delays,negative
11254,US Airways,negative,incredibly,positive
11254,US Airways,negative,frustrating,negative
11259,US Airways,negative,doubt,negative
11259,US Airways,negative,consistently,positive
11259,US Airways,negative,improve,positive
11261,US Airways,negative,loved,positive
11263,US Airways,negative,expired,negative
11263,US Airways,negative,expired,negative
11264,US Airways,positive,hilarious,positive
11266,US Airways,negative,worst,negative
11266,US Airways,negative,rude,negative
11266,US Airways,negative,unacceptable,negative
11266,US Airways,negative,fail,negative
11267,US Airways,neutral,support,positive
11267,US Airways,neutral,nice,positive
11268,US Airways,neutral,missed,negative
11269,US Airways,negative,patience,positive
11270,US Airways,negative,delays,negative
11274,US Airways,negative,absurd,negative
11277,US Airways,negative,lost,negative
11277,US Airways,negative,yay,positive
11278,US Airways,neutral,advantage,positive
11279,US Airways,negative,frustrating,negative
11281,US Airways,negative,bad,negative
11284,US Airways,negative,delayed,negative
11285,US Airways,negative,mess,negative
11286,US Airways,negative,refund,positive
11288,US Airways,negative,fails,negative
11289,US Airways,positive,delay,negative
11290,US Airways,negative,limit,negative
11291,US Airways,negative,patience,positive
11294,US Airways,positive,safely,positive
11295,US Airways,negative,dumb,negative
11297,US Airways,negative,delays,negative
11301,US Airways,negative,unable,negative
11304,US Airways,negative,unacceptable,negative
11309,US Airways,positive,nice,positive
11310,US Airways,negative,lost,negative
11310,US Airways,negative,terrible,negative
11310,US Airways,negative,stuck,negative
11313,US Airways,negative,tough,positive
11313,US Airways,negative,break,negative
11313,US Airways,negative,unacceptable,negative
11314,US Airways,positive,solid,positive
11315,US Airways,positive,super,positive
11315,US Airways,positive,strong,positive
11315,US Airways,positive,super,positive
11316,US Airways,negative,correct,positive
11317,US Airways,negative,broken,negative
11317,US Airways,negative,support,positive
11318,US Airways,negative,mistake,negative
11319,US Airways,neutral,afford,positive
11320,US Airways,negative,horrible,negative
11320,US Airways,negative,issues,negative
11321,US Airways,negative,delayed,negative
11321,US Airways,negative,top,positive
11324,US Airways,negative,delay,negative
11326,US Airways,negative,happy,positive
11328,US Airways,negative,friendly,positive
11332,US Airways,negative,delay,negative
11333,US Airways,negative,worth,positive
11333,US Airways,negative,damn,negative
11333,US Airways,negative,stuck,negative
11333,US Airways,negative,horrible,negative
11334,US Airways,negative,shit,negative
11334,US Airways,negative,ruining,negative
11341,US Airways,negative,frustrated,negative
11342,US Airways,negative,smoothly,positive
11343,US Airways,negative,improve,positive
11343,US Airways,negative,fail,negative
11345,US Airways,negative,wrong,negative
11346,US Airways,negative,delayed,negative
11346,US Airways,negative,miss,negative
11348,US Airways,negative,missed,negative
11348,US Airways,negative,considerate,positive
11349,US Airways,negative,disappointed,negative
11350,US Airways,negative,lost,negative
11350,US Airways,negative,faithful,positive
11352,US Airways,positive,respect,positive
11352,US Airways,positive,praise,positive
11353,US Airways,negative,delayed,negative
11354,US Airways,negative,pity,negative
11354,US Airways,negative,misguided,negative
11355,US Airways,negative,bad,negative
11355,US Airways,negative,disappointed,negative
11356,US Airways,negative,worthless,negative
11356,US Airways,negative,idiots,negative
11356,US Airways,negative,sucks,negative
11357,US Airways,negative,ready,positive
11358,US Airways,negative,delay,negative
11358,US Airways,negative,miss,negative
11358,US Airways,negative,pathetic,negative
11359,US Airways,negative,understandable,positive
11359,US Airways,negative,issue,negative
11363,US Airways,negative,sucks,negative
11364,US Airways,negative,miss,negative
11366,US Airways,negative,rude,negative
11366,US Airways,negative,ignorant,negative
11366,US Airways,negative,fallen,negative
11367,US Airways,negative,nasty,negative
11367,US Airways,negative,dirty,negative
11367,US Airways,negative,rude,negative
11367,US Airways,negative,disgusting,negative
11367,US Airways,negative,vile,negative
11369,US Airways,positive,delay,negative
11371,US Airways,negative,delayed,negative
11371,US Airways,negative,lack,negative
11375,US Airways,negative,luck,positive
11378,US Airways,negative,lie,negative
11378,US Airways,negative,insulting,negative
11378,US Airways,negative,sucks,negative
11379,US Airways,positive,madness,negative
11379,US Airways,positive,hard,negative
11380,US Airways,positive,fine,positive
11381,US Airways,negative,stuck,negative
11382,US Airways,negative,flattering,positive
11384,US Airways,negative,worst,negative
11385,US Airways,positive,lovely,positive
11385,US Airways,positive,helping,positive
11389,US Airways,negative,damaged,negative
11389,US Airways,negative,happy,positive
11392,US Airways,negative,lost,negative
11393,US Airways,negative,easy,positive
11395,US Airways,negative,frustrated,negative
11398,US Airways,negative,sucks,negative
11401,US Airways,negative,inconvenience,negative
11403,US Airways,negative,lost,negative
11404,US Airways,negative,doubt,negative
11404,US Airways,negative,rude,negative
11405,US Airways,negative,free,positive
11406,US Airways,negative,useless,negative
11407,US Airways,negative,mad,negative
11407,US Airways,negative,useless,negative
11408,US Airways,negative,delay,negative
11410,US Airways,negative,luck,positive
11410,US Airways,negative,upsetting,negative
11412,US Airways,negative,difficulty,negative
11412,US Airways,negative,loyal,positive
11412,US Airways,negative,unhelpful,negative
11413,US Airways,negative,missed,negative
11414,US Airways,negative,hostage,negative
11417,US Airways,positive,rumors,negative
11420,US Airways,negative,kill,negative
11420,US Airways,negative,bad,negative
11421,US Airways,negative,kill,negative
11422,US Airways,negative,kill,negative
11422,US Airways,negative,expire,negative
11423,US Airways,negative,kill,negative
11424,US Airways,negative,happy,positive
11426,US Airways,negative,comforting,positive
11429,US Airways,negative,sucks,negative
11430,US Airways,positive,appreciated,positive
11431,US Airways,negative,hate,negative
11431,US Airways,negative,delays,negative
11432,US Airways,negative,fail,negative
11435,US Airways,negative,honoring,positive
11436,US Airways,negative,award,positive
11438,US Airways,negative,pleased,positive
11440,US Airways,negative,complaint,negative
11440,US Airways,negative,sucks,negative
11442,US Airways,negative,appreciated,positive
11444,US Airways,negative,helpful,positive
11445,US Airways,negative,sincere,positive
11445,US Airways,negative,disappointing,negative
11445,US Airways,negative,loyal,positive
11447,US Airways,negative,free,positive
11447,US Airways,negative,trouble,negative
11448,US Airways,negative,incompetent,negative
11451,US Airways,negative,patient,positive
11455,US Airways,negative,rejected,negative
11456,US Airways,negative,nice,positive
11457,US Airways,negative,broken,negative
11459,US Airways,positive,gold,positive
11460,US Airways,negative,issue,negative
11461,US Airways,negative,wrong,negative
11462,US Airways,positive,wonderful,positive
11464,US Airways,positive,hot,positive
11467,US Airways,negative,missed,negative
11470,US Airways,negative,damaged,negative
11471,US Airways,negative,crazy,negative
11474,US Airways,negative,hung,negative
11475,US Airways,negative,burning,negative
11475,US Airways,negative,error,negative
11476,US Airways,negative,worst,negative
11477,US Airways,negative,overloaded,negative
11478,US Airways,negative,crisis,negative
11480,US Airways,negative,sad,negative
11485,US Airways,neutral,advantage,positive
11487,US Airways,negative,award,positive
11488,US Airways,negative,delayed,negative
11488,US Airways,negative,love,positive
11492,US Airways,negative,delayed,negative
11492,US Airways,negative,inconvenience,negative
11493,US Airways,negative,delay,negative
11493,US Airways,negative,issues,negative
11493,US Airways,negative,wasting,negative
11494,US Airways,negative,complain,negative
11496,US Airways,negative,crappy,negative
11499,US Airways,positive,amazing,positive
11500,US Airways,negative,hung,negative
11501,US Airways,negative,useless,negative
11502,US Airways,negative,failure,negative
11504,US Airways,negative,insanity,negative
11504,US Airways,negative,inevitable,negative
11505,US Airways,negative,stuck,negative
11512,US Airways,negative,ridiculous,negative
11513,US Airways,negative,error,negative
11515,US Airways,negative,falling,negative
11516,US Airways,negative,patient,positive
11516,US Airways,negative,issue,negative
11517,US Airways,negative,lack,negative
11518,US Airways,negative,missed,negative
11520,US Airways,negative,afford,positive
11524,US Airways,negative,useless,negative
11525,US Airways,negative,worst,negative
11525,US Airways,negative,rude,negative
11525,US Airways,negative,delayed,negative
11527,US Airways,negative,frustrated,negative
11529,US Airways,negative,delayed,negative
11534,US Airways,positive,miss,negative
11536,US Airways,negative,unacceptable,negative
11539,US Airways,negative,lost,negative
11539,US Airways,negative,broke,negative
11539,US Airways,negative,stole,negative
11540,US Airways,neutral,upgraded,positive
11542,US Airways,negative,cussed,negative
11543,US Airways,negative,stuck,negative
11544,US Airways,negative,useless,negative
11544,US Airways,negative,rude,negative
11545,US Airways,positive,hard,negative
11545,US Airways,positive,smoothly,positive
11545,US Airways,positive,positive,positive
11547,US Airways,positive,frustrated,negative
11549,US Airways,negative,peeved,negative
11550,US Airways,negative,issues,negative
11550,US Airways,negative,concern,negative
11551,US Airways,negative,delay,negative
11553,US Airways,negative,delayed,negative
11553,US Airways,negative,anxious,negative
11555,US Airways,negative,disaster,negative
11557,US Airways,negative,helped,positive
11560,US Airways,negative,lack,negative
11560,US Airways,negative,mess,negative
11561,US Airways,negative,fucking,negative
11561,US Airways,negative,badly,negative
11564,US Airways,neutral,protect,positive
11566,US Airways,negative,delays,negative
11568,US Airways,negative,hard,negative
11569,US Airways,negative,delayed,negative
11570,US Airways,negative,cold,negative
11570,US Airways,negative,sick,negative
11571,US Airways,negative,worst,negative
11571,US Airways,negative,unable,negative
11571,US Airways,negative,unavailable,negative
11572,US Airways,negative,delay,negative
11573,US Airways,negative,delay,negative
11573,US Airways,negative,absurd,negative
11573,US Airways,negative,free,positive
11574,US Airways,negative,fuck,negative
11575,US Airways,negative,free,positive
11576,US Airways,negative,disappointment,negative
11576,US Airways,negative,maddening,negative
11578,US Airways,negative,unhelpful,negative
11578,US Airways,negative,unexplained,negative
11579,US Airways,negative,lovely,positive
11580,US Airways,negative,disaster,negative
11580,US Airways,negative,rude,negative
11582,US Airways,negative,missed,negative
11582,US Airways,negative,delay,negative
11582,US Airways,negative,fail,negative
11583,US Airways,negative,concern,negative
11584,US Airways,negative,blame,negative
11584,US Airways,negative,deny,negative
11584,US Airways,negative,false,negative
11584,US Airways,negative,issue,negative
11585,US Airways,negative,overwhelming,negative
11588,US Airways,negative,unreliable,negative
11589,US Airways,negative,grace,positive
11589,US Airways,negative,amazing,positive
11590,US Airways,negative,leads,positive
11590,US Airways,negative,shocking,negative
11591,US Airways,negative,lack,negative
11592,US Airways,negative,unfortunate,negative
11593,US Airways,negative,expensive,negative
11593,US Airways,negative,promises,positive
11595,US Airways,negative,drunk,negative
11597,US Airways,negative,delay,negative
11597,US Airways,negative,delay,negative
11600,US Airways,negative,sick,negative
11602,US Airways,positive,incredibly,positive
11602,US Airways,positive,helpful,positive
11602,US Airways,positive,crazy,negative
11602,US Airways,positive,angry,negative
11603,US Airways,negative,drunk,negative
11604,US Airways,positive,awesome,positive
11606,US Airways,positive,lovely,positive
11607,US Airways,negative,shameful,negative
11611,US Airways,positive,happy,positive
11612,US Airways,positive,hectic,negative
11613,US Airways,negative,protest,negative
11613,US Airways,negative,delayed,negative
11614,US Airways,negative,hell,negative
11614,US Airways,negative,furious,negative
11616,US Airways,negative,impressed,positive
11616,US Airways,negative,upgraded,positive
11617,US Airways,positive,glad,positive
11617,US Airways,positive,safely,positive
11617,US Airways,positive,sad,negative
11618,US Airways,negative,delayed,negative
11619,US Airways,negative,sucks,negative
11619,US Airways,negative,fail,negative
11624,US Airways,negative,helpful,positive
11627,US Airways,negative,delayed,negative
11627,US Airways,negative,angry,negative
11627,US Airways,negative,rude,negative
11627,US Airways,negative,helpful,positive
11628,US Airways,negative,dissatisfied,negative
11629,US Airways,positive,recovery,positive
11630,US Airways,negative,commitment,positive
11630,US Airways,negative,excellence,positive
11630,US Airways,negative,wrong,negative
11631,US Airways,negative,fall,negative
11632,US Airways,negative,amazed,positive
11632,US Airways,negative,lack,negative
11634,US Airways,negative,beware,negative
11634,US Airways,negative,terrible,negative
11634,US Airways,negative,badly,negative
11635,US Airways,negative,refuse,negative
11636,US Airways,negative,bad,negative
11636,US Airways,negative,bad,negative
11637,US Airways,negative,stuck,negative
11638,US Airways,negative,delayed,negative
11638,US Airways,negative,worst,negative
11640,US Airways,negative,lies,negative
11641,US Airways,negative,promising,positive
11641,US Airways,negative,promises,positive
11642,US Airways,negative,miss,negative
11645,US Airways,positive,lost,negative
11646,US Airways,negative,worst,negative
11646,US Airways,negative,garbage,negative
11649,US Airways,negative,delayed,negative
11651,US Airways,negative,ridiculous,negative
11654,US Airways,negative,delayed,negative
11655,US Airways,negative,joke,negative
11656,US Airways,negative,screwed,negative
11658,US Airways,negative,freaking,negative
11659,US Airways,negative,refund,positive
11661,US Airways,negative,unacceptable,negative
11663,US Airways,negative,worst,negative
11664,US Airways,positive,glad,positive
11667,US Airways,positive,fun,positive
11671,US Airways,negative,unable,negative
11671,US Airways,negative,fine,positive
11672,US Airways,negative,reasonable,positive
11673,US Airways,negative,useless,negative
11679,US Airways,negative,shit,negative
11681,US Airways,negative,bs,negative
11681,US Airways,negative,crap,negative
11682,US Airways,negative,wasting,negative
11683,US Airways,negative,delayed,negative
11684,US Airways,negative,ordeal,negative
11684,US Airways,negative,appreciates,positive
11685,US Airways,negative,annoyed,negative
11686,US Airways,positive,mess,negative
11686,US Airways,positive,missed,negative
11686,US Airways,positive,impressed,positive
11687,US Airways,negative,issues,negative
11688,US Airways,negative,disappointed,negative
11689,US Airways,negative,difficult,negative
11690,US Airways,negative,refund,positive
11690,US Airways,negative,unacceptable,negative
11691,US Airways,negative,helping,positive
11692,US Airways,positive,frustrating,negative
11698,US Airways,negative,delayed,negative
11699,US Airways,negative,brutal,negative
11701,US Airways,negative,lack,negative
11701,US Airways,negative,hate,negative
11702,US Airways,negative,broken,negative
11704,US Airways,negative,rude,negative
11704,US Airways,negative,arrogant,negative
11707,US Airways,positive,amazing,positive
11708,US Airways,negative,helpless,negative
11708,US Airways,negative,delayed,negative
11708,US Airways,negative,missed,negative
11710,US Airways,negative,shameful,negative
11711,US Airways,negative,pathetic,negative
11713,US Airways,negative,wow,positive
11713,US Airways,negative,joke,negative
11713,US Airways,negative,horrendous,negative
11713,US Airways,negative,ashamed,negative
11714,US Airways,negative,ripoff,negative
11716,US Airways,negative,ripoff,negative
11717,US Airways,negative,delays,negative
11717,US Airways,negative,terrible,negative
11719,US Airways,neutral,delayed,negative
11720,US Airways,negative,unacceptable,negative
11721,US Airways,positive,amazing,positive
11723,US Airways,negative,cramped,negative
11726,US Airways,negative,free,positive
11727,US Airways,negative,sucked,negative
11727,US Airways,negative,crappy,negative
11728,US Airways,positive,stuck,negative
11729,US Airways,negative,sadly,negative
11730,US Airways,negative,hate,negative
11731,US Airways,negative,delayed,negative
11731,US Airways,negative,love,positive
11731,US Airways,negative,luck,positive
11731,US Airways,negative,mad,negative
11732,US Airways,negative,delayed,negative
11733,US Airways,negative,hates,negative
11734,US Airways,negative,refused,negative
11738,US Airways,negative,cool,positive
11738,US Airways,negative,delays,negative
11738,US Airways,negative,lying,negative
11738,US Airways,negative,deceiving,negative
11738,US Airways,negative,reprehensible,negative
11739,US Airways,negative,joke,negative
11739,US Airways,negative,delays,negative
11741,US Airways,positive,nice,positive
11741,US Airways,positive,intimate,positive
11742,US Airways,negative,embarrassing,negative
11742,US Airways,negative,bad,negative
11742,US Airways,negative,fault,negative
11742,US Airways,negative,worse,negative
11746,US Airways,negative,horrible,negative
11749,US Airways,negative,ready,positive
11753,US Airways,negative,mad,negative
11755,US Airways,negative,waste,negative
11756,US Airways,negative,happy,positive
11756,US Airways,negative,mistake,negative
11757,US Airways,neutral,love,positive
11760,US Airways,negative,stinks,negative
11760,US Airways,negative,hung,negative
11761,US Airways,neutral,miss,negative
11763,US Airways,negative,delayed,negative
11764,US Airways,negative,miss,negative
11764,US Airways,negative,happy,positive
11765,US Airways,negative,delayed,negative
11765,US Airways,negative,miss,negative
11767,US Airways,negative,rip,negative
11769,US Airways,negative,wrong,negative
11770,US Airways,negative,helpful,positive
11774,US Airways,negative,poor,negative
11774,US Airways,negative,irresponsible,negative
11774,US Airways,negative,lack,negative
11775,US Airways,negative,friendly,positive
11775,US Airways,negative,accessible,positive
11778,US Airways,positive,stressful,negative
11779,US Airways,negative,harsh,negative
11782,US Airways,negative,delay,negative
11785,US Airways,positive,amazing,positive
11786,US Airways,negative,horrendous,negative
11786,US Airways,negative,shit,negative
11788,US Airways,negative,delay,negative
11793,US Airways,negative,refund,positive
11796,US Airways,positive,finest,positive
11797,US Airways,negative,limit,negative
11797,US Airways,negative,complaints,negative
11797,US Airways,negative,complaints,negative
11799,US Airways,negative,hogs,negative
11800,US Airways,positive,fabulous,positive
11801,US Airways,negative,conflicting,negative
11803,US Airways,negative,missed,negative
11805,US Airways,negative,joke,negative
11806,US Airways,positive,exceptional,positive
11807,US Airways,negative,nice,positive
11809,US Airways,negative,seriousness,negative
11809,US Airways,negative,fault,negative
11810,US Airways,negative,unable,negative
11811,US Airways,neutral,stuck,negative
11812,US Airways,negative,issues,negative
11812,US Airways,negative,nice,positive
11812,US Airways,negative,wrong,negative
11813,US Airways,negative,happy,positive
11814,US Airways,negative,impediment,negative
11817,US Airways,neutral,elite,positive
11819,US Airways,positive,top,positive
11821,US Airways,neutral,issue,negative
11822,US Airways,negative,pain,negative
11823,US Airways,negative,ripoff,negative
11824,US Airways,neutral,penalty,negative
11825,US Airways,negative,terrible,negative
11826,US Airways,negative,unbelievable,negative
11827,US Airways,negative,ripped,negative
11830,US Airways,negative,complaints,negative
11831,US Airways,negative,miss,negative
11835,US Airways,negative,excuse,negative
11835,US Airways,negative,poor,negative
11835,US Airways,negative,fall,negative
11837,US Airways,negative,bump,negative
11837,US Airways,negative,joke,negative
11839,US Airways,negative,disgrace,negative
11840,US Airways,positive,optimistic,positive
11842,US Airways,negative,luck,positive
11843,US Airways,negative,failures,negative
11844,US Airways,negative,warm,positive
11844,US Airways,negative,lost,negative
11844,US Airways,negative,rectify,positive
11847,US Airways,negative,lost,negative
11850,US Airways,negative,horrible,negative
11853,US Airways,negative,disaster,negative
11857,US Airways,positive,praise,positive
11857,US Airways,positive,helpful,positive
11859,US Airways,negative,delayed,negative
11862,US Airways,negative,gem,positive
11863,US Airways,positive,cleared,positive
11867,US Airways,neutral,furious,negative
11868,US Airways,negative,awesome,positive
11869,US Airways,negative,unacceptable,negative
11870,US Airways,negative,slow,negative
11872,US Airways,negative,ruining,negative
11872,US Airways,negative,incompetent,negative
11872,US Airways,negative,missed,negative
11873,US Airways,negative,awful,negative
11873,US Airways,negative,dissatisfied,negative
11873,US Airways,negative,mad,negative
11874,US Airways,negative,delays,negative
11874,US Airways,negative,miss,negative
11875,US Airways,negative,gold,positive
11877,US Airways,negative,hang,negative
11880,American,negative,bad,negative
11880,American,negative,senseless,negative
11883,American,negative,worth,positive
11884,American,negative,inconvenience,negative
11884,American,negative,unreal,positive
11885,American,negative,denied,negative
11885,American,negative,expired,negative
11888,American,negative,rude,negative
11888,American,negative,unwilling,negative
11888,American,negative,rotten,negative
11888,American,negative,top,positive
11888,American,negative,shit,negative
11891,American,negative,issues,negative
11891,American,negative,bonus,positive
11893,American,negative,refund,positive
11894,American,negative,frustrating,negative
11894,American,negative,refund,positive
11897,American,negative,luck,positive
11897,American,negative,sucks,negative
11898,American,negative,fresh,positive
11901,American,negative,miss,negative
11903,American,neutral,disappointed,negative
11903,American,neutral,crowded,negative
11903,American,neutral,impressed,positive
11905,American,negative,frustrating,negative
11908,American,negative,delay,negative
11908,American,negative,missed,negative
11909,American,negative,ridiculous,negative
11912,American,neutral,top,positive
11912,American,neutral,beauty,positive
11914,American,positive,trust,positive
11915,American,negative,issue,negative
11922,American,negative,trouble,negative
11923,American,negative,uncomfortable,negative
11924,American,neutral,award,positive
11925,American,positive,rollercoaster,negative
11926,American,negative,missed,negative
11926,American,negative,messing,negative
11927,American,negative,upgraded,positive
11928,American,negative,desperately,negative
11929,American,positive,glad,positive
11930,American,negative,worry,negative
11934,American,negative,bother,negative
11935,American,neutral,suicide,negative
11935,American,neutral,leading,positive
11935,American,neutral,death,negative
11936,American,negative,snags,negative
11938,American,negative,delayed,negative
11938,American,negative,worse,negative
11940,American,positive,award,positive
11940,American,positive,award,positive
11944,American,neutral,bereavement,negative
11946,American,negative,convenient,positive
11947,American,negative,trust,positive
11947,American,negative,lost,negative
11948,American,negative,delayed,negative
11948,American,negative,delayed,negative
11948,American,negative,disgraceful,negative
11949,American,negative,lose,negative
11949,American,negative,trust,positive
11949,American,negative,bad,negative
11950,American,negative,miss,negative
11952,American,negative,killing,negative
11953,American,positive,cool,positive
11953,American,positive,nice,positive
11955,American,neutral,love,positive
11959,American,negative,dumb,negative
11959,American,negative,compassion,positive
11961,American,negative,worst,negative
11961,American,negative,delayed,negative
11962,American,positive,win,positive
11962,American,positive,missed,negative
11962,American,positive,nice,positive
11962,American,positive,quiet,positive
11964,American,negative,lost,negative
11964,American,negative,missed,negative
11965,American,negative,worry,negative
11965,American,negative,steal,negative
11966,American,negative,painfully,negative
11966,American,negative,inexperienced,negative
11967,American,negative,pretty,positive
11967,American,negative,lame,negative
11969,American,negative,award,positive
11971,American,negative,bad,negative
11971,American,negative,angry,negative
11978,American,positive,awesome,positive
11980,American,negative,upset,negative
11981,American,negative,delayed,negative
11981,American,negative,fell,negative
11982,American,negative,rude,negative
11982,American,negative,unhappy,negative
11983,American,negative,wow,positive
11985,American,negative,poor,negative
11985,American,negative,annoying,negative
11988,American,neutral,precious,positive
11988,American,neutral,gems,positive
11989,American,neutral,confusion,negative
11990,American,neutral,award,positive
11990,American,neutral,saver,positive
11991,American,neutral,upgraded,positive
11992,American,neutral,cold,negative
11992,American,neutral,humor,positive
11993,American,positive,fine,positive
11993,American,positive,arbitrary,negative
11995,American,negative,delayed,negative
11995,American,negative,issue,negative
11997,American,positive,love,positive
11998,American,positive,awesome,positive
11999,American,positive,easy,positive
12001,American,negative,fail,negative
12003,American,positive,issue,negative
12003,American,positive,awesome,positive
12007,American,negative,frustrated,negative
12008,American,negative,grievance,negative
12009,American,negative,misunderstood,negative
12011,American,negative,missed,negative
12013,American,positive,enjoy,positive
12013,American,positive,warm,positive
12015,American,negative,fail,negative
12017,American,positive,happy,positive
12018,American,negative,assult,negative
12018,American,negative,sad,negative
12019,American,negative,woo,positive
12021,American,negative,issue,negative
12021,American,negative,lack,negative
12024,American,negative,decency,positive
12026,American,negative,delayed,negative
12028,American,negative,sad,negative
12029,American,negative,utterly,negative
12029,American,negative,embarrassing,negative
12030,American,negative,frustrating,negative
12031,American,negative,obscene,negative
12033,American,negative,gold,positive
12033,American,negative,insulted,negative
12037,American,positive,bad,negative
12037,American,positive,encouragement,positive
12039,Delta,negative,elite,positive
12041,American,negative,bad,negative
12041,American,negative,senseless,negative
12044,American,negative,worth,positive
12045,American,negative,inconvenience,negative
12045,American,negative,unreal,positive
12046,American,negative,denied,negative
12046,American,negative,expired,negative
12049,American,negative,rude,negative
12049,American,negative,unwilling,negative
12049,American,negative,rotten,negative
12049,American,negative,top,positive
12049,American,negative,shit,negative
12052,American,negative,issues,negative
12052,American,negative,bonus,positive
12054,American,negative,refund,positive
12055,American,negative,frustrating,negative
12055,American,negative,refund,positive
12058,American,negative,luck,positive
12058,American,negative,sucks,negative
12059,American,negative,fresh,positive
12062,American,negative,miss,negative
12064,American,neutral,disappointed,negative
12064,American,neutral,crowded,negative
12064,American,neutral,impressed,positive
12066,American,negative,frustrating,negative
12069,American,negative,delay,negative
12069,American,negative,missed,negative
12070,American,negative,ridiculous,negative
12073,American,neutral,top,positive
12073,American,neutral,beauty,positive
12075,American,positive,trust,positive
12076,American,negative,issue,negative
12083,American,negative,trouble,negative
12084,American,negative,uncomfortable,negative
12085,American,neutral,award,positive
12086,American,positive,rollercoaster,negative
12087,American,negative,missed,negative
12087,American,negative,messing,negative
12088,American,negative,upgraded,positive
12089,American,neutral,desperately,negative
12090,American,positive,glad,positive
12091,American,negative,worry,negative
12095,American,negative,bother,negative
12096,American,neutral,suicide,negative
12096,American,neutral,leading,positive
12096,American,neutral,death,negative
12097,American,negative,snags,negative
12099,American,negative,delayed,negative
12099,American,negative,worse,negative
12101,American,neutral,award,positive
12101,American,neutral,award,positive
12105,American,neutral,bereavement,negative
12107,American,negative,convenient,positive
12108,American,negative,trust,positive
12108,American,negative,lost,negative
12109,American,negative,delayed,negative
12109,American,negative,delayed,negative
12109,American,negative,disgraceful,negative
12110,American,negative,lose,negative
12110,American,negative,trust,positive
12110,American,negative,bad,negative
12111,American,negative,miss,negative
12113,American,negative,killing,negative
12114,American,positive,cool,positive
12114,American,positive,nice,positive
12116,American,negative,love,positive
12120,American,negative,dumb,negative
12120,American,negative,compassion,positive
12122,American,negative,worst,negative
12122,American,negative,delayed,negative
12123,American,negative,win,positive
12123,American,negative,missed,negative
12123,American,negative,nice,positive
12123,American,negative,quiet,positive
12125,American,negative,lost,negative
12125,American,negative,missed,negative
12126,American,negative,worry,negative
12126,American,negative,steal,negative
12127,American,negative,painfully,negative
12127,American,negative,inexperienced,negative
12128,American,negative,pretty,positive
12128,American,negative,lame,negative
12130,American,negative,award,positive
12132,American,negative,bad,negative
12132,American,negative,angry,negative
12139,American,positive,awesome,positive
12141,American,negative,upset,negative
12142,American,negative,delayed,negative
12142,American,negative,fell,negative
12143,American,negative,rude,negative
12143,American,negative,unhappy,negative
12144,American,negative,wow,positive
12146,American,negative,poor,negative
12146,American,negative,annoying,negative
12149,American,negative,precious,positive
12149,American,negative,gems,positive
12150,American,neutral,confusion,negative
12151,American,neutral,award,positive
12151,American,neutral,saver,positive
12152,American,neutral,upgraded,positive
12153,American,neutral,cold,negative
12153,American,neutral,humor,positive
12154,American,negative,fine,positive
12154,American,negative,arbitrary,negative
12156,American,negative,delayed,negative
12156,American,negative,issue,negative
12158,American,positive,love,positive
12159,American,positive,awesome,positive
12160,American,positive,easy,positive
12162,American,negative,fail,negative
12164,American,positive,issue,negative
12164,American,positive,awesome,positive
12168,American,negative,frustrated,negative
12169,American,negative,grievance,negative
12170,American,negative,misunderstood,negative
12172,American,negative,missed,negative
12174,American,positive,enjoy,positive
12174,American,positive,warm,positive
12176,American,negative,fail,negative
12178,American,negative,happy,positive
12179,American,negative,assult,negative
12179,American,negative,sad,negative
12180,American,negative,woo,positive
12182,American,negative,issue,negative
12182,American,negative,lack,negative
12185,American,negative,decency,positive
12186,American,negative,logical,positive
12187,American,positive,nice,positive
12188,American,negative,issue,negative
12188,American,negative,assult,negative
12189,American,negative,fuck,negative
12190,American,negative,hard,negative
12190,American,negative,lost,negative
12192,American,positive,love,positive
12194,American,negative,awful,negative
12196,American,negative,honest,positive
12200,American,positive,warm,positive
12203,American,positive,hard,negative
12204,American,neutral,free,positive
12204,American,neutral,fabulous,positive
12205,American,negative,freezes,negative
12207,American,neutral,cold,negative
12211,American,neutral,free,positive
12212,American,negative,issues,negative
12213,American,negative,assult,negative
12213,American,negative,lack,negative
12213,American,negative,concern,negative
12215,American,negative,ridiculous,negative
12219,American,negative,gold,positive
12219,American,negative,gold,positive
12221,American,positive,loyal,positive
12222,American,positive,happy,positive
12222,American,positive,love,positive
12223,American,neutral,glad,positive
12225,American,neutral,warmer,positive
12230,American,neutral,chilly,negative
12232,American,negative,fail,negative
12232,American,negative,cool,positive
12233,American,negative,enjoy,positive
12234,American,negative,delayed,negative
12236,American,positive,happy,positive
12236,American,positive,headaches,negative
12237,American,neutral,award,positive
12239,American,negative,broken,negative
12240,American,negative,love,positive
12240,American,negative,disappointed,negative
12242,American,neutral,delays,negative
12243,American,negative,safely,positive
12244,American,negative,fair,positive
12245,American,negative,delayed,negative
12246,American,positive,issue,negative
12247,American,negative,confused,negative
12248,American,negative,falls,negative
12249,American,negative,glitch,negative
12250,American,negative,refund,positive
12253,American,negative,lost,negative
12253,American,negative,free,positive
12254,American,negative,inconvenience,negative
12254,American,negative,disaster,negative
12254,American,negative,refuse,negative
12257,American,negative,falls,negative
12260,American,positive,kudos,positive
12260,American,positive,issues,negative
12260,American,positive,shortcomings,negative
12263,American,negative,trouble,negative
12264,American,negative,luck,positive
12264,American,negative,happy,positive
12264,American,negative,ugh,negative
12265,American,negative,upset,negative
12265,American,negative,freezing,negative
12266,American,negative,delay,negative
12266,American,negative,incompetence,negative
12266,American,negative,poor,negative
12269,American,negative,ruined,negative
12269,American,negative,delay,negative
12270,American,negative,lost,negative
12270,American,negative,refuses,negative
12270,American,negative,useless,negative
12270,American,negative,fail,negative
12273,American,negative,undone,negative
12273,American,negative,free,positive
12274,American,negative,limit,negative
12274,American,negative,lack,negative
12275,American,positive,appreciated,positive
12276,American,neutral,worried,negative
12279,American,negative,frustration,negative
12281,American,negative,lack,negative
12282,American,negative,issue,negative
12283,American,neutral,bad,negative
12284,American,neutral,free,positive
12288,American,negative,lost,negative
12290,American,negative,shock,negative
12291,American,neutral,slow,negative
12294,American,positive,incredible,positive
12294,American,positive,amazed,positive
12294,American,positive,enhance,positive
12297,American,negative,issue,negative
12297,American,negative,waste,negative
12298,American,negative,lack,negative
12301,American,negative,promising,positive
12304,American,positive,hang,negative
12304,American,positive,bad,negative
12308,American,negative,freezing,negative
12311,American,negative,fat,negative
12311,American,negative,stuck,negative
12314,American,positive,amazing,positive
12314,American,positive,smiles,positive
12316,American,positive,fault,negative
12323,American,negative,disgusting,negative
12323,American,negative,dirty,negative
12325,American,negative,drain,negative
12325,American,negative,freezing,negative
12326,American,negative,delay,negative
12326,American,negative,issues,negative
12328,American,positive,recommendation,positive
12329,American,negative,free,positive
12329,American,negative,stellar,positive
12332,American,negative,terrible,negative
12336,American,negative,overzealous,negative
12337,American,negative,break,negative
12337,American,negative,fine,positive
12339,American,neutral,delay,negative
12341,American,negative,hate,negative
12342,American,negative,helping,positive
12346,American,negative,killing,negative
12349,American,negative,helpful,positive
12351,American,neutral,cheaper,positive
12353,American,negative,ready,positive
12353,American,negative,elite,positive
12354,American,neutral,stinks,negative
12355,American,negative,comfortably,positive
12357,American,negative,frozen,negative
12359,American,negative,frustrated,negative
12360,American,neutral,emergency,negative
12361,American,positive,responsive,positive
12361,American,positive,impressive,positive
12364,American,negative,wack,negative
12366,American,negative,annoying,negative
12367,American,negative,falls,negative
12367,American,negative,worst,negative
12369,American,positive,appreciated,positive
12370,American,neutral,happy,positive
12373,American,positive,accomplished,positive
12374,American,negative,vile,negative
12374,American,negative,vile,negative
12376,American,negative,worst,negative
12377,American,negative,love,positive
12378,American,negative,bother,negative
12379,American,negative,worst,negative
12380,American,negative,lost,negative
12381,American,positive,safely,positive
12381,American,positive,worrisome,negative
12382,American,negative,flagging,negative
12382,American,negative,issue,negative
12383,American,negative,cry,negative
12384,American,negative,disappointing,negative
12384,American,negative,lack,negative
12384,American,negative,kindness,positive
12386,American,negative,refusing,negative
12387,American,positive,fantastic,positive
12388,American,positive,excellent,positive
12388,American,positive,love,positive
12388,American,positive,hug,positive
12394,American,neutral,bonus,positive
12395,American,negative,sufficiently,positive
12395,American,negative,reproach,negative
12395,American,negative,reform,positive
12398,American,negative,bitchy,negative
12398,American,negative,appreciated,positive
12399,American,negative,fear,negative
12400,American,negative,missed,negative
12401,American,negative,inconsiderate,negative
12402,American,neutral,frozen,negative
12406,American,negative,delayed,negative
12406,American,negative,missed,negative
12406,American,negative,delay,negative
12406,American,negative,delayed,negative
12408,American,negative,terrible,negative
12411,American,negative,wrong,negative
12412,American,negative,trouble,negative
12413,American,negative,helpful,positive
12415,American,negative,love,positive
12416,American,negative,crazy,negative
12419,American,neutral,amazing,positive
12420,American,neutral,delays,negative
12420,American,neutral,delay,negative
12421,American,negative,limit,negative
12422,American,negative,horrible,negative
12422,American,negative,rude,negative
12423,American,negative,clunky,negative
12426,American,negative,helpful,positive
12428,American,neutral,broke,negative
12428,American,neutral,failed,negative
12431,American,negative,shame,negative
12432,American,neutral,perfect,positive
12432,American,neutral,delays,negative
12433,American,negative,sad,negative
12434,American,neutral,correct,positive
12435,American,negative,lies,negative
12436,American,negative,death,negative
12437,American,negative,fortunately,positive
12439,American,negative,worst,negative
12441,American,negative,promised,positive
12442,American,negative,worse,negative
12445,American,positive,excellent,positive
12452,American,negative,wow,positive
12452,American,negative,lost,negative
12453,American,negative,senseless,negative
12455,American,negative,rude,negative
12455,American,negative,failure,negative
12455,American,negative,condescending,negative
12457,American,negative,useless,negative
12458,American,negative,hard,negative
12458,American,negative,lousy,negative
12458,American,negative,faulty,negative
12458,American,negative,damaged,negative
12460,American,negative,emergency,negative
12461,American,negative,faulty,negative
12461,American,negative,damage,negative
12461,American,negative,shrug,negative
12461,American,negative,damage,negative
12463,American,neutral,patience,positive
12464,American,neutral,super,positive
12466,American,negative,fiasco,negative
12467,American,negative,refuses,negative
12467,American,negative,complaints,negative
12468,American,negative,broken,negative
12468,American,negative,support,positive
12470,American,negative,frustrating,negative
12473,American,negative,shit,negative
12474,American,negative,kindness,positive
12475,American,negative,wow,positive
12477,American,neutral,failed,negative
12479,American,negative,unhappy,negative
12480,American,negative,issue,negative
12483,American,negative,error,negative
12487,American,neutral,fair,positive
12488,American,negative,appalling,negative
12489,American,negative,ridiculous,negative
12489,American,negative,helping,positive
12496,American,negative,accurate,positive
12499,American,negative,lost,negative
12502,American,positive,vanity,negative
12503,American,negative,frustrating,negative
12504,American,positive,lovely,positive
12506,American,negative,fucking,negative
12507,American,negative,delayed,negative
12508,American,negative,terrible,negative
12508,American,negative,helpful,positive
12508,American,negative,rude,negative
12509,American,negative,rude,negative
12510,American,negative,complained,negative
12511,American,negative,refund,positive
12511,American,negative,sincere,positive
12512,American,negative,complaints,negative
12512,American,negative,prefer,positive
12512,American,negative,warning,negative
12512,American,negative,wasting,negative
12512,American,negative,inhumane,negative
12513,American,negative,worst,negative
12513,American,negative,lose,negative
12514,American,negative,terror,negative
12514,American,negative,delayed,negative
12515,American,negative,worst,negative
12515,American,negative,delayed,negative
12515,American,negative,missed,negative
12515,American,negative,rude,negative
12517,American,negative,terrible,negative
12518,American,negative,issue,negative
12519,American,neutral,weird,negative
12523,American,neutral,safe,positive
12524,American,negative,losing,negative
12525,American,negative,pity,negative
12525,American,negative,unusual,negative
12529,American,negative,lack,negative
12532,American,negative,nightmare,negative
12532,American,negative,bumped,negative
12532,American,negative,terrible,negative
12533,American,negative,horrible,negative
12535,American,negative,hung,negative
12537,American,negative,fear,negative
12537,American,negative,lost,negative
12538,American,negative,terrible,negative
12539,American,negative,broken,negative
12541,American,negative,reward,positive
12543,American,neutral,lost,negative
12547,American,positive,delay,negative
12549,American,negative,rectify,positive
12551,American,negative,poor,negative
12552,American,negative,worst,negative
12552,American,negative,nightmare,negative
12553,American,negative,issue,negative
12555,American,positive,lost,negative
12556,American,negative,fear,negative
12557,American,negative,bad,negative
12557,American,negative,missed,negative
12558,American,negative,issue,negative
12558,American,negative,faster,positive
12559,American,negative,lack,negative
12559,American,negative,respect,positive
12559,American,negative,hung,negative
12561,American,negative,upset,negative
12562,American,negative,cool,positive
12567,American,positive,love,positive
12569,American,positive,bad,negative
12570,American,negative,deplorable,negative
12570,American,negative,disgusted,negative
12570,American,negative,ignorant,negative
12570,American,negative,lost,negative
12571,American,negative,stuck,negative
12571,American,negative,issue,negative
12572,American,negative,damaged,negative
12572,American,negative,complaint,negative
12576,American,negative,miserable,negative
12576,American,negative,unhelpful,negative
12581,American,positive,complaints,negative
12581,American,positive,whoa,positive
12581,American,positive,brave,positive
12583,American,negative,bs,negative
12583,American,negative,noise,negative
12584,American,negative,sad,negative
12584,American,negative,afford,positive
12586,American,negative,horrible,negative
12587,American,neutral,delays,negative
12588,American,negative,worst,negative
12588,American,negative,bad,negative
12588,American,negative,enjoy,positive
12588,American,negative,wrath,negative
12589,American,negative,complicated,negative
12591,American,neutral,trust,positive
12591,American,neutral,love,positive
12591,American,neutral,beautiful,positive
12593,American,positive,love,positive
12593,American,positive,stunning,positive
12594,American,positive,love,positive
12594,American,positive,cheap,negative
12594,American,positive,amazing,positive
12595,American,negative,broke,negative
12595,American,negative,sick,negative
12595,American,negative,drag,negative
12600,American,negative,glad,positive
12600,American,negative,rant,negative
12601,American,negative,impossible,negative
12604,American,positive,happy,positive
12605,American,neutral,cleared,positive
12608,American,negative,outstanding,positive
12609,American,negative,delayed,negative
12614,American,negative,love,positive
12615,American,negative,lost,negative
12616,American,positive,fastest,positive
12616,American,positive,fastest,positive
12618,American,negative,clueless,negative
12618,American,negative,missed,negative
12619,American,negative,nice,positive
12621,American,negative,frustrated,negative
12623,American,negative,break,negative
12623,American,negative,bad,negative
12627,American,negative,fucking,negative
12627,American,negative,suck,negative
12631,American,negative,fail,negative
12633,American,positive,phenomenal,positive
12634,American,negative,redemption,positive
12637,American,positive,waste,negative
12638,American,negative,worst,negative
12638,American,negative,fail,negative
12639,American,negative,joke,negative
12642,American,negative,delayed,negative
12642,American,negative,improve,positive
12644,American,positive,glad,positive
12644,American,positive,crash,negative
12646,American,negative,nasty,negative
12649,American,negative,delays,negative
12651,American,negative,insult,negative
12651,American,negative,injury,negative
12652,American,negative,disappointed,negative
12652,American,negative,lack,negative
12652,American,negative,lost,negative
12657,American,neutral,delays,negative
12658,American,negative,delay,negative
12662,American,negative,rude,negative
12663,American,negative,break,negative
12666,American,negative,unable,negative
12671,American,negative,loved,positive
12671,American,negative,bad,negative
12673,American,negative,delayed,negative
12673,American,negative,unacceptable,negative
12674,American,negative,commitment,positive
12674,American,negative,broken,negative
12675,American,negative,inappropriate,negative
12676,American,negative,joke,negative
12676,American,negative,joke,negative
12677,American,negative,lying,negative
12678,American,negative,embarrassing,negative
12679,American,negative,ridiculous,negative
12679,American,negative,miss,negative
12680,American,negative,helpful,positive
12680,American,negative,frustrating,negative
12680,American,negative,disappointing,negative
12682,American,negative,joke,negative
12683,American,negative,pathetic,negative
12687,American,negative,delayed,negative
12687,American,negative,errors,negative
12687,American,negative,frozen,negative
12688,American,negative,disappointed,negative
12690,American,negative,lost,negative
12690,American,negative,nicer,positive
12690,American,negative,terrible,negative
12691,American,negative,deaf,negative
12692,American,negative,disappointed,negative
12695,American,negative,delays,negative
12695,American,negative,trapped,negative
12696,American,negative,wow,positive
12697,American,negative,appalled,negative
12697,American,negative,lack,negative
12697,American,negative,concern,negative
12698,American,negative,advantage,positive
12699,American,negative,worst,negative
12699,American,negative,issues,negative
12701,American,negative,absurd,negative
12702,American,negative,bad,negative
12703,American,negative,expire,negative
12704,American,positive,successful,positive
12705,American,positive,appreciated,positive
12706,American,negative,awful,negative
12707,American,negative,loss,negative
12708,American,negative,hung,negative
12708,American,negative,ridicules,negative
12709,American,negative,rude,negative
12711,American,positive,delayed,negative
12711,American,positive,delays,negative
12711,American,positive,bad,negative
12712,American,negative,issue,negative
12714,American,negative,poor,negative
12715,American,negative,love,positive
12717,American,negative,missed,negative
12717,American,negative,lost,negative
12718,American,negative,angry,negative
12719,American,negative,ridiculous,negative
12721,American,negative,refuses,negative
12722,American,negative,hung,negative
12725,American,positive,enjoy,positive
12725,American,positive,adore,positive
12726,American,negative,nice,positive
12727,American,positive,love,positive
12728,American,neutral,lie,negative
12729,American,negative,refuse,negative
12730,American,negative,refunded,positive
12732,American,negative,complaints,negative
12732,American,negative,sucks,negative
12733,American,negative,cruel,negative
12733,American,negative,stupid,negative
12733,American,negative,damn,negative
12733,American,negative,lost,negative
12735,American,negative,excuses,negative
12735,American,negative,tough,positive
12735,American,negative,loyal,positive
12737,American,negative,delayed,negative
12737,American,negative,missed,negative
12738,American,negative,bad,negative
12740,American,negative,lose,negative
12741,American,negative,quicker,positive
12742,American,neutral,trusted,positive
12744,American,positive,pros,positive
12744,American,positive,displeasure,negative
12746,American,negative,delayed,negative
12746,American,negative,missed,negative
12747,American,negative,delayed,negative
12748,American,negative,bad,negative
12749,American,negative,disregard,negative
12752,American,negative,consistently,positive
12752,American,negative,loyal,positive
12752,American,negative,disappointed,negative
12755,American,negative,rude,negative
12755,American,negative,unpleasant,negative
12756,American,negative,free,positive
12758,American,negative,delay,negative
12759,American,negative,issue,negative
12759,American,negative,happy,positive
12760,American,negative,ready,positive
12761,American,positive,inconvenience,negative
12764,American,negative,fault,negative
12765,American,negative,delay,negative
12765,American,negative,delay,negative
12767,American,neutral,delayed,negative
12769,American,negative,bad,negative
12774,American,negative,delayed,negative
12775,American,neutral,incorrectly,negative
12776,American,negative,embarrassing,negative
12782,American,neutral,disappointed,negative
12783,American,neutral,upgraded,positive
12785,American,positive,excited,positive
12786,American,negative,mistake,negative
12788,American,negative,delays,negative
12790,American,negative,complaints,negative
12791,American,negative,joke,negative
12792,American,negative,wrong,negative
12793,American,positive,safe,positive
12794,American,negative,easy,positive
12795,American,negative,issue,negative
12796,American,negative,lost,negative
12798,American,negative,lost,negative
12798,American,negative,lied,negative
12798,American,negative,refund,positive
12799,American,negative,improve,positive
12799,American,negative,delayed,negative
12799,American,negative,faster,positive
12803,American,neutral,guidance,positive
12803,American,neutral,issue,negative
12807,American,negative,stuck,negative
12807,American,negative,miss,negative
12808,American,negative,unreliable,negative
12809,American,positive,proud,positive
12810,American,negative,delay,negative
12811,American,negative,miss,negative
12811,American,negative,error,negative
12813,American,negative,mistake,negative
12813,American,negative,hung,negative
12816,American,negative,bad,negative
12817,American,negative,nightmare,negative
12821,American,negative,refund,positive
12821,American,negative,loyal,positive
12823,American,negative,ridiculous,negative
12824,American,negative,broken,negative
12827,American,negative,impressed,positive
12829,American,negative,hangs,negative
12831,American,negative,failed,negative
12831,American,negative,miserably,negative
12833,American,negative,correct,positive
12835,American,negative,unacceptable,negative
12836,American,negative,error,negative
12836,American,negative,miss,negative
12837,American,negative,miss,negative
12837,American,negative,worth,positive
12838,American,negative,happy,positive
12838,American,negative,delays,negative
12840,American,negative,bad,negative
12840,American,negative,stuck,negative
12840,American,negative,trouble,negative
12841,American,negative,delay,negative
12842,American,negative,free,positive
12844,American,negative,havoc,negative
12846,American,negative,stuck,negative
12847,American,neutral,jealous,negative
12847,American,neutral,warm,positive
12848,American,negative,advantage,positive
12849,American,negative,hell,negative
12850,American,neutral,cold,negative
12852,American,negative,unacceptable,negative
12852,American,negative,hung,negative
12853,American,negative,disgrace,negative
12853,American,negative,delays,negative
12856,American,negative,bad,negative
12856,American,negative,love,positive
12856,American,negative,faithful,positive
12858,American,negative,issue,negative
12859,American,negative,severe,negative
12859,American,negative,excuse,negative
12861,American,negative,afford,positive
12862,American,negative,severe,negative
12862,American,negative,fair,positive
12864,American,negative,worst,negative
12864,American,negative,mercy,positive
12867,American,neutral,disappointed,negative
12867,American,neutral,loyalty,positive
12868,American,neutral,free,positive
12870,American,negative,capability,positive
12872,American,neutral,boom,positive
12873,American,negative,unwilling,negative
12873,American,negative,poor,negative
12873,American,negative,support,positive
12874,American,positive,nice,positive
12874,American,positive,improvement,positive
12875,American,positive,worries,negative
12877,American,negative,dead,negative
12877,American,negative,thankful,positive
12877,American,negative,evil,negative
12878,American,negative,damaged,negative
12878,American,negative,damaged,negative
12878,American,negative,expensive,negative
12879,American,negative,wrong,negative
12884,American,negative,fairly,positive
12885,American,negative,worst,negative
12885,American,negative,complaint,negative
12885,American,negative,damaged,negative
12886,American,negative,refund,positive
12888,American,negative,broke,negative
12889,American,negative,unhelpful,negative
12889,American,negative,wasting,negative
12890,American,negative,free,positive
12891,American,negative,broken,negative
12895,American,negative,refund,positive
12895,American,negative,miss,negative
12897,American,negative,delays,negative
12899,American,negative,bad,negative
12899,American,negative,crazy,negative
12899,American,negative,frustrated,negative
12901,American,negative,unable,negative
12902,American,negative,bad,negative
12902,American,negative,understandable,positive
12903,American,negative,promised,positive
12904,American,negative,impossible,negative
12906,American,negative,stuck,negative
12906,American,negative,frustrating,negative
12907,American,negative,frustration,negative
12908,American,negative,missed,negative
12909,American,negative,complaint,negative
12910,American,negative,bad,negative
12910,American,negative,lack,negative
12910,American,negative,inexcusable,negative
12911,American,negative,bs,negative
12913,American,positive,commend,positive
12915,American,negative,honor,positive
12917,American,negative,bs,negative
12919,American,negative,bothered,negative
12920,American,negative,refund,positive
12922,American,negative,miss,negative
12922,American,negative,delay,negative
12926,American,negative,complaint,negative
12929,American,negative,lie,negative
12929,American,negative,lost,negative
12929,American,negative,trust,positive
12931,American,negative,worst,negative
12932,American,negative,disgusting,negative
12934,American,neutral,upgraded,positive
12935,American,negative,significant,positive
12935,American,negative,missed,negative
12936,American,neutral,award,positive
12937,American,positive,exceptional,positive
12937,American,positive,happily,positive
12938,American,negative,miss,negative
12938,American,negative,suck,negative
12941,American,negative,worried,negative
12942,American,negative,delay,negative
12942,American,negative,delay,negative
12942,American,negative,shit,negative
12943,American,negative,error,negative
12943,American,negative,wrong,negative
12946,American,negative,delayed,negative
12946,American,negative,bs,negative
12949,American,negative,excuses,negative
12949,American,negative,crappy,negative
12951,American,negative,nice,positive
12952,American,negative,error,negative
12954,American,negative,losing,negative
12956,American,negative,advantage,positive
12956,American,negative,horrible,negative
12956,American,negative,hung,negative
12956,American,negative,rude,negative
12957,American,negative,issues,negative
12959,American,negative,stuck,negative
12963,American,negative,hangs,negative
12963,American,negative,stuck,negative
12965,American,negative,awful,negative
12965,American,negative,awful,negative
12965,American,negative,awful,negative
12967,American,negative,happy,positive
12967,American,negative,screwed,negative
12967,American,negative,pathetic,negative
12969,American,neutral,yay,positive
12970,American,negative,liar,negative
12970,American,negative,fool,negative
12970,American,negative,suck,negative
12972,American,negative,believable,positive
12972,American,negative,worst,negative
12973,American,negative,damn,negative
12976,American,neutral,award,positive
12977,American,negative,misleading,negative
12978,American,negative,helpful,positive
12978,American,negative,nice,positive
12979,American,negative,rude,negative
12979,American,negative,bad,negative
12980,American,negative,error,negative
12982,American,negative,hang,negative
12982,American,negative,award,positive
12983,American,negative,hung,negative
12984,American,negative,rude,negative
12984,American,negative,helpful,positive
12984,American,negative,helping,positive
12984,American,negative,loyal,positive
12984,American,negative,dissatisfied,negative
12985,American,negative,hate,negative
12989,American,negative,frustrated,negative
12991,American,negative,delayed,negative
12994,American,negative,hung,negative
12999,American,negative,complain,negative
12999,American,negative,complaint,negative
13000,American,negative,delayed,negative
13001,American,negative,lying,negative
13002,American,negative,fine,positive
13002,American,negative,fail,negative
13003,American,negative,terrible,negative
13004,American,neutral,unable,negative
13005,American,positive,helpful,positive
13007,American,negative,decent,positive
13009,American,negative,award,positive
13009,American,negative,crazy,negative
13009,American,negative,issue,negative
13015,American,negative,refund,positive
13016,American,negative,patient,positive
13016,American,negative,delayed,negative
13016,American,negative,unacceptable,negative
13017,American,negative,terrible,negative
13018,American,negative,chaotic,negative
13018,American,negative,poorly,negative
13019,American,negative,refund,positive
13019,American,negative,expensive,negative
13023,American,neutral,hung,negative
13024,American,neutral,redeem,positive
13025,American,negative,luck,positive
13027,American,negative,lost,negative
13031,American,negative,unacceptable,negative
13031,American,negative,losing,negative
13032,American,negative,unable,negative
13033,American,neutral,delayed,negative
13040,American,positive,refund,positive
13042,American,negative,unprepared,negative
13042,American,negative,lacked,negative
13042,American,negative,lacked,negative
13043,American,positive,issue,negative
13043,American,positive,warm,positive
13044,American,negative,losing,negative
13047,American,negative,losing,negative
13047,American,negative,ridiculous,negative
13049,American,negative,ruining,negative
13050,American,negative,worry,negative
13050,American,negative,loss,negative
13050,American,negative,gain,positive
13055,American,negative,frustrating,negative
13058,American,negative,award,positive
13059,American,negative,poor,negative
13066,American,positive,extraordinary,positive
13067,American,negative,helpful,positive
13068,American,negative,hard,negative
13071,American,neutral,wrong,negative
13072,American,negative,patient,positive
13073,American,negative,delays,negative
13073,American,negative,disorganized,negative
13073,American,negative,mess,negative
13074,American,negative,troubling,negative
13077,American,negative,unbelievable,negative
13077,American,negative,issue,negative
13077,American,negative,hangs,negative
13078,American,negative,ruined,negative
13078,American,negative,refuse,negative
13080,American,negative,nonsense,negative
13081,American,negative,lost,negative
13082,American,negative,hard,negative
13085,American,negative,suck,negative
13086,American,positive,kudos,positive
13086,American,positive,loved,positive
13087,American,negative,delayed,negative
13088,American,negative,complaint,negative
13090,American,negative,hung,negative
13091,American,negative,hung,negative
13092,American,negative,nasty,negative
13092,American,negative,decent,positive
13093,American,positive,appreciated,positive
13096,American,positive,nicest,positive
13098,American,neutral,concerned,negative
13099,American,positive,love,positive
13099,American,positive,amazing,positive
13100,American,negative,genuine,positive
13101,American,negative,delays,negative
13101,American,negative,missed,negative
13102,American,negative,lose,negative
13103,American,negative,suck,negative
13103,American,negative,trapped,negative
13104,American,negative,unexpected,negative
13104,American,negative,unexpected,negative
13104,American,negative,shortage,negative
13106,American,positive,helped,positive
13106,American,positive,awesome,positive
13107,American,negative,severe,negative
13110,American,positive,issues,negative
13111,American,negative,safe,positive
13113,American,negative,loss,negative
13114,American,negative,support,positive
13115,American,positive,loved,positive
13116,American,negative,bad,negative
13117,American,negative,wrong,negative
13118,American,negative,joke,negative
13118,American,negative,ruining,negative
13119,American,positive,helping,positive
13120,American,negative,unacceptable,negative
13120,American,negative,disregard,negative
13121,American,neutral,fair,positive
13126,American,positive,safe,positive
13130,American,negative,frustrating,negative
13131,American,negative,sad,negative
13135,American,positive,pleasure,positive
13137,American,negative,ridiculous,negative
13138,American,negative,properly,positive
13142,American,negative,slime,negative
13143,American,negative,terrible,negative
13145,American,negative,hangs,negative
13147,American,positive,exceptional,positive
13147,American,positive,smooth,positive
13148,American,negative,rude,negative
13148,American,negative,disorganized,negative
13148,American,negative,congested,negative
13151,American,negative,bother,negative
13153,American,negative,shit,negative
13154,American,negative,delay,negative
13155,American,negative,awesome,positive
13156,American,negative,sincerely,positive
13156,American,negative,poor,negative
13156,American,negative,redeem,positive
13159,American,positive,award,positive
13160,American,negative,talent,positive
13160,American,negative,dungeon,negative
13166,American,negative,miss,negative
13172,American,negative,delay,negative
13172,American,negative,absurdity,negative
13173,American,negative,happy,positive
13173,American,negative,hangs,negative
13174,American,negative,desperately,negative
13175,American,negative,break,negative
13175,American,negative,unacceptable,negative
13176,American,negative,hung,negative
13177,American,negative,missed,negative
13177,American,negative,outraged,negative
13178,American,negative,clueless,negative
13178,American,negative,refund,positive
13180,American,negative,crazy,negative
13183,American,negative,love,positive
13183,American,negative,holy,positive
13184,American,negative,bad,negative
13185,American,positive,excellent,positive
13185,American,positive,irritating,negative
13188,American,negative,losing,negative
13194,American,negative,incredible,positive
13194,American,negative,worst,negative
13195,American,negative,complaints,negative
13195,American,negative,delay,negative
13198,American,negative,error,negative
13199,American,negative,hangs,negative
13199,American,negative,bullshit,negative
13200,American,positive,yay,positive
13200,American,positive,cold,negative
13205,American,negative,free,positive
13205,American,negative,worry,negative
13205,American,negative,damn,negative
13212,American,negative,fun,positive
13213,American,negative,funny,negative
13217,American,negative,hangs,negative
13217,American,negative,lousy,negative
13220,American,negative,helpful,positive
13221,American,negative,horrible,negative
13225,American,negative,refund,positive
13229,American,positive,chaos,negative
13229,American,positive,grateful,positive
13230,American,negative,lose,negative
13231,American,negative,poor,negative
13231,American,negative,unacceptable,negative
13231,American,negative,pretend,negative
13233,American,positive,nice,positive
13233,American,positive,mad,negative
13236,American,negative,proper,positive
13236,American,negative,mistakes,negative
13238,American,negative,delayed,negative
13238,American,negative,missed,negative
13240,American,negative,issue,negative
13240,American,negative,broken,negative
13240,American,negative,broken,negative
13241,American,negative,worst,negative
13243,American,negative,fail,negative
13244,American,negative,appreciates,positive
13247,American,positive,helpful,positive
13250,American,negative,complaint,negative
13251,American,negative,damn,negative
13252,American,negative,rude,negative
13255,American,negative,fault,negative
13260,American,negative,refund,positive
13261,American,negative,patiently,positive
13261,American,negative,complaint,negative
13262,American,negative,unbelievable,negative
13263,American,negative,lost,negative
13271,American,negative,confused,negative
13272,American,neutral,lost,negative
13274,American,neutral,stuck,negative
13275,American,negative,trouble,negative
13278,American,negative,ridiculous,negative
13281,American,positive,love,positive
13281,American,positive,faster,positive
13281,American,positive,smile,positive
13282,American,negative,losing,negative
13283,American,negative,pretty,positive
13283,American,negative,frustrating,negative
13284,American,negative,terrible,negative
13285,American,negative,challenging,negative
13285,American,negative,shit,negative
13286,American,negative,terrible,negative
13286,American,negative,terrible,negative
13287,American,negative,ease,positive
13288,American,negative,assult,negative
13288,American,negative,drunk,negative
13289,American,negative,lack,negative
13289,American,negative,faith,positive
13289,American,negative,shame,negative
13289,American,negative,challenging,negative
13293,American,negative,worst,negative
13295,American,negative,incredibly,positive
13295,American,negative,arrogant,negative
13295,American,negative,incompetent,negative
13296,American,neutral,awards,positive
13298,American,negative,improve,positive
13300,American,negative,stressful,negative
13300,American,negative,angry,negative
13301,American,neutral,trust,positive
13308,American,negative,chaos,negative
13308,American,negative,refused,negative
13316,American,negative,delayed,negative
13316,American,negative,delay,negative
13317,American,negative,helpful,positive
13319,American,positive,danger,negative
13324,American,positive,refund,positive
13325,American,negative,issues,negative
13327,American,negative,issues,negative
13328,American,negative,hangs,negative
13328,American,negative,frustrated,negative
13329,American,negative,complicated,negative
13329,American,negative,hard,negative
13329,American,negative,split,negative
13334,American,negative,disrespectful,negative
13336,American,negative,missed,negative
13336,American,negative,upset,negative
13339,American,negative,lies,negative
13339,American,negative,poor,negative
13343,American,positive,awesome,positive
13343,American,positive,awesome,positive
13344,American,negative,poorly,negative
13350,American,negative,miss,negative
13350,American,negative,unacceptable,negative
13354,American,negative,bad,negative
13362,American,negative,ordeal,negative
13362,American,negative,fair,positive
13364,American,negative,helping,positive
13367,American,neutral,bonus,positive
13368,American,negative,delay,negative
13375,American,negative,frustrated,negative
13377,American,negative,bump,negative
13380,American,negative,spite,negative
13381,American,negative,favor,positive
13384,American,negative,delayed,negative
13384,American,negative,issues,negative
13384,American,negative,stuck,negative
13389,American,positive,delay,negative
13389,American,positive,sweet,positive
13392,American,negative,crazy,negative
13393,American,positive,kudos,positive
13397,American,negative,fucking,negative
13397,American,negative,joke,negative
13398,American,neutral,unavailable,negative
13400,American,neutral,worries,negative
13400,American,neutral,blame,negative
13402,American,negative,bumped,negative
13402,American,negative,disgusted,negative
13403,American,negative,fucking,negative
13403,American,negative,fuck,negative
13404,American,negative,redeem,positive
13405,American,negative,refund,positive
13407,American,negative,fine,positive
13407,American,negative,incompetent,negative
13410,American,negative,worst,negative
13411,American,negative,bad,negative
13412,American,negative,fail,negative
13413,American,positive,mess,negative
13413,American,positive,awesome,positive
13417,American,negative,issue,negative
13417,American,negative,rude,negative
13419,American,negative,helpful,positive
13420,American,negative,bereavement,negative
13425,American,negative,mad,negative
13429,American,negative,luck,positive
13430,American,negative,rude,negative
13430,American,negative,hang,negative
13431,American,negative,appreciated,positive
13431,American,negative,limited,negative
13432,American,negative,joke,negative
13433,American,negative,nice,positive
13433,American,negative,love,positive
13434,American,negative,issue,negative
13434,American,negative,unclear,negative
13434,American,negative,love,positive
13439,American,negative,helping,positive
13440,American,negative,unable,negative
13442,American,negative,hung,negative
13444,American,negative,stealing,negative
13444,American,negative,uncomfortable,negative
13445,American,negative,fine,positive
13447,American,positive,pleasant,positive
13447,American,positive,chaos,negative
13457,American,negative,frustrated,negative
13457,American,negative,super,positive
13458,American,negative,strict,negative
13458,American,negative,reward,positive
13459,American,negative,incredible,positive
13459,American,negative,irresponsible,negative
13461,American,negative,sucks,negative
13461,American,negative,bankrupt,negative
13464,American,positive,safe,positive
13464,American,positive,kudos,positive
13465,American,negative,lacks,negative
13466,American,negative,inadequate,negative
13467,American,negative,upgraded,positive
13469,American,negative,broken,negative
13469,American,negative,worst,negative
13470,American,negative,worth,positive
13470,American,negative,delayed,negative
13471,American,negative,ruining,negative
13471,American,negative,angry,negative
13471,American,negative,ruined,negative
13473,American,positive,love,positive
13473,American,positive,nice,positive
13473,American,positive,amazing,positive
13473,American,positive,love,positive
13474,American,negative,helpful,positive
13475,American,negative,magic,positive
13476,American,negative,fuck,negative
13476,American,negative,wrong,negative
13478,American,negative,stuck,negative
13479,American,negative,fault,negative
13479,American,negative,joke,negative
13480,American,negative,stuck,negative
13480,American,negative,worst,negative
13483,American,negative,unknown,negative
13485,American,negative,poor,negative
13485,American,negative,poor,negative
13487,American,negative,poor,negative
13489,American,positive,worries,negative
13489,American,positive,loved,positive
13490,American,negative,worst,negative
13490,American,negative,rude,negative
13490,American,negative,helpful,positive
13491,American,negative,excuse,negative
13491,American,negative,poor,negative
13494,American,negative,hating,negative
13494,American,negative,concerned,negative
13497,American,negative,delay,negative
13503,American,positive,confident,positive
13503,American,positive,excellent,positive
13505,American,positive,appreciated,positive
13506,American,negative,screwed,negative
13508,American,negative,hang,negative
13509,American,negative,sick,negative
13513,American,negative,refuse,negative
13514,American,negative,cool,positive
13516,American,negative,pathetic,negative
13516,American,negative,bad,negative
13519,American,negative,frustrations,negative
13519,American,negative,bad,negative
13521,American,negative,infuriating,negative
13523,American,negative,sad,negative
13525,American,neutral,appreciated,positive
13526,American,positive,miracle,positive
13526,American,positive,appreciated,positive
13528,American,negative,unavailable,negative
13529,American,negative,inefficiency,negative
13530,American,negative,nice,positive
13530,American,negative,hangs,negative
13531,American,negative,ridiculous,negative
13532,American,negative,wow,positive
13532,American,negative,nice,positive
13533,American,negative,miss,negative
13533,American,negative,crappy,negative
13536,American,negative,false,negative
13536,American,negative,errors,negative
13538,American,negative,hung,negative
13541,American,negative,hangs,negative
13543,American,negative,ashamed,negative
13543,American,negative,disgusted,negative
13544,American,negative,hung,negative
13546,American,negative,death,negative
13546,American,negative,broken,negative
13547,American,negative,messed,negative
13549,American,negative,insane,negative
13550,American,negative,ruin,negative
13550,American,negative,dead,negative
13551,American,negative,hang,negative
13551,American,negative,joke,negative
13552,American,negative,unbelievable,negative
13554,American,positive,love,positive
13555,American,negative,unreachable,negative
13555,American,negative,dead,negative
13557,American,positive,nice,positive
13558,American,negative,complain,negative
13559,American,negative,frustrated,negative
13560,American,negative,unacceptable,negative
13562,American,negative,ready,positive
13563,American,negative,ridiculous,negative
13564,American,negative,crap,negative
13565,American,negative,ready,positive
13568,American,negative,poor,negative
13569,American,negative,worst,negative
13570,American,negative,cruel,negative
13570,American,negative,unusual,negative
13571,American,negative,incorrectly,negative
13572,American,negative,fail,negative
13576,American,neutral,delayed,negative
13577,American,positive,safely,positive
13579,American,negative,bad,negative
13580,American,neutral,unavailable,negative
13582,American,negative,bad,negative
13582,American,negative,ridiculous,negative
13584,American,neutral,emergency,negative
13585,American,negative,break,negative
13587,American,negative,inferior,negative
13588,American,negative,delay,negative
13588,American,negative,lost,negative
13588,American,negative,worst,negative
13589,American,negative,emergency,negative
13590,American,negative,delay,negative
13590,American,negative,shortage,negative
13591,American,negative,delayed,negative
13591,American,negative,lose,negative
13591,American,negative,happy,positive
13592,American,negative,rubbish,negative
13593,American,negative,lose,negative
13593,American,negative,horrendous,negative
13597,American,negative,helped,positive
13600,American,positive,wonderful,positive
13600,American,positive,dawn,positive
13600,American,positive,nice,positive
13602,American,negative,hangs,negative
13603,American,negative,free,positive
13604,American,negative,trust,positive
13605,American,negative,lost,negative
13605,American,negative,lost,negative
13606,American,negative,horrible,negative
13607,American,negative,sad,negative
13607,American,negative,hang,negative
13608,American,negative,refund,positive
13610,American,negative,elite,positive
13610,American,negative,disappointment,negative
13612,American,negative,love,positive
13612,American,negative,hangs,negative
13615,American,negative,worst,negative
13615,American,negative,pathetic,negative
13618,American,negative,disgrace,negative
13622,American,negative,unsettling,negative
13629,American,negative,frustrations,negative
13629,American,negative,disappointment,negative
13629,American,negative,terrible,negative
13630,American,negative,easy,positive
13630,American,negative,poor,negative
13632,American,negative,waste,negative
13633,American,negative,urgent,negative
13634,American,negative,warm,positive
13635,American,negative,delay,negative
13637,American,negative,clean,positive
13638,American,negative,loose,negative
13642,American,negative,terrible,negative
13643,American,negative,awful,negative
13644,American,negative,stuck,negative
13645,American,negative,worst,negative
13645,American,negative,fucking,negative
13645,American,negative,bad,negative
13649,American,negative,losing,negative
13649,American,negative,bs,negative
13650,American,negative,incompetence,negative
13650,American,negative,doubt,negative
13651,American,negative,happy,positive
13653,American,negative,embarrassment,negative
13654,American,negative,stuck,negative
13654,American,negative,pretty,positive
13654,American,negative,positive,positive
13655,American,negative,disappointed,negative
13655,American,negative,lost,negative
13656,American,negative,patience,positive
13656,American,negative,incompetence,negative
13657,American,negative,worst,negative
13659,American,negative,valuable,positive
13659,American,negative,upset,negative
13663,American,negative,delayed,negative
13663,American,negative,worse,negative
13665,American,negative,worst,negative
13665,American,negative,horrible,negative
13667,American,negative,insult,negative
13667,American,negative,injury,negative
13667,American,negative,poorly,negative
13670,American,negative,mess,negative
13674,American,positive,celebrate,positive
13675,American,negative,confused,negative
13676,American,negative,unacceptable,negative
13678,American,negative,advantage,positive
13680,American,negative,lies,negative
13681,American,negative,lost,negative
13682,American,negative,messed,negative
13684,American,negative,leading,positive
13684,American,negative,unacceptable,negative
13685,American,negative,ridiculous,negative
13687,American,negative,failure,negative
13687,American,negative,failing,negative
13687,American,negative,proving,positive
13687,American,negative,unsuccessful,negative
13687,American,negative,lack,negative
13687,American,negative,success,positive
13690,American,negative,failure,negative
13693,American,negative,worst,negative
13694,American,negative,helping,positive
13694,American,negative,hangs,negative
13696,American,negative,delayed,negative
13697,American,negative,upsetting,negative
13697,American,negative,poorly,negative
13699,American,negative,lack,negative
13699,American,negative,foresight,positive
13700,American,negative,stuck,negative
13700,American,negative,unable,negative
13701,American,negative,sucks,negative
13702,American,negative,nice,positive
13703,American,negative,err,negative
13705,American,negative,sucked,negative
13707,American,negative,delay,negative
13707,American,negative,fail,negative
13708,American,negative,hung,negative
13712,American,negative,pathetic,negative
13713,American,negative,delayed,negative
13713,American,negative,trapped,negative
13714,American,negative,stuck,negative
13714,American,negative,frustrated,negative
13715,American,negative,useless,negative
13715,American,negative,useless,negative
13716,American,negative,delayed,negative
13717,American,negative,issues,negative
13721,American,negative,lost,negative
13721,American,negative,loyal,positive
13722,American,neutral,funny,negative
13724,American,negative,rude,negative
13724,American,negative,frustrating,negative
13727,American,positive,fair,positive
13727,American,positive,refund,positive
13730,American,negative,refund,positive
13731,American,positive,issue,negative
13731,American,positive,cleared,positive
13731,American,positive,beautifully,positive
13732,American,negative,bitch,negative
13735,American,negative,award,positive
13740,American,negative,bad,negative
13743,American,negative,sadly,negative
13744,American,negative,hangs,negative
13744,American,negative,horrible,negative
13746,American,negative,nice,positive
13750,American,negative,disgrace,negative
13751,American,positive,wonderful,positive
13752,American,negative,glad,positive
13757,American,negative,hates,negative
13764,American,negative,lies,negative
13764,American,negative,lies,negative
13764,American,negative,lies,negative
13764,American,negative,worst,negative
13765,American,negative,shit,negative
13766,American,negative,unable,negative
13766,American,negative,absurd,negative
13766,American,negative,livid,negative
13768,American,neutral,hell,negative
13769,American,negative,incompetent,negative
13769,American,negative,fail,negative
13769,American,negative,pathetic,negative
13773,American,negative,loyal,positive
13773,American,negative,joke,negative
13774,American,negative,delay,negative
13776,American,negative,frustrating,negative
13783,American,negative,disgraceful,negative
13784,American,negative,worst,negative
13787,American,positive,wonderful,positive
13787,American,positive,friendly,positive
13787,American,positive,helpful,positive
13787,American,positive,stressful,negative
13788,American,negative,disgusting,negative
13788,American,negative,pain,negative
13790,American,negative,losing,negative
13790,American,negative,hard,negative
13791,American,positive,worries,negative
13791,American,positive,appreciated,positive
13794,American,neutral,correct,positive
13795,American,negative,won,positive
13796,American,negative,rude,negative
13797,American,negative,bad,negative
13799,American,neutral,mistake,negative
13800,American,negative,lost,negative
13801,American,positive,wow,positive
13801,American,positive,helpful,positive
13804,American,positive,beautiful,positive
13805,American,neutral,worries,negative
13805,American,neutral,swamped,negative
13806,American,positive,worries,negative
13807,American,negative,fast,positive
13811,American,negative,worst,negative
13811,American,negative,angry,negative
13813,American,negative,patient,positive
13817,American,negative,super,positive
13819,American,negative,hang,negative
13819,American,negative,delays,negative
13820,American,negative,hang,negative
13820,American,negative,helpful,positive
13827,American,negative,unacceptable,negative
13829,American,negative,delayed,negative
13830,American,negative,refund,positive
13831,American,negative,nice,positive
13831,American,negative,helpful,positive
13831,American,negative,rude,negative
13831,American,negative,nasty,negative
13832,American,negative,impossible,negative
13833,American,neutral,luck,positive
13835,American,negative,frozen,negative
13836,American,negative,hangs,negative
13839,American,negative,fall,negative
13843,American,negative,worse,negative
13843,American,negative,fail,negative
13846,American,negative,losing,negative
13847,American,negative,die,negative
13848,American,neutral,failure,negative
13851,American,negative,worse,negative
13852,American,negative,top,positive
13852,American,negative,unavailable,negative
13853,American,negative,fail,negative
13856,American,positive,negative,negative
13856,American,positive,gratitude,positive
13857,American,positive,sweet,positive
13858,American,positive,helped,positive
13858,American,positive,helpful,positive
13859,American,negative,unbelievable,negative
13860,American,negative,wow,positive
13862,American,negative,racist,negative
13863,American,negative,pathetic,negative
13865,American,negative,utterly,negative
13865,American,negative,embarrassing,negative
13872,American,negative,missed,negative
13872,American,negative,happy,positive
13872,American,negative,correct,positive
13874,American,negative,mess,negative
13875,American,negative,rude,negative
13877,American,negative,pathetic,negative
13877,American,negative,terrible,negative
13877,American,negative,apathetic,negative
13878,American,negative,worried,negative
13878,American,negative,breeze,positive
13879,American,neutral,worries,negative
13879,American,neutral,fault,negative
13879,American,neutral,sucks,negative
13879,American,neutral,bad,negative
13881,American,positive,cramped,negative
13881,American,positive,safely,positive
13882,American,negative,worst,negative
13882,American,negative,worst,negative
13882,American,negative,dirt,negative
13883,American,positive,consistent,positive
13884,American,negative,pretty,positive
13884,American,negative,bad,negative
13884,American,negative,breeze,positive
13887,American,negative,instantly,positive
13887,American,negative,support,positive
13892,American,negative,missed,negative
13895,American,negative,disappointed,negative
13895,American,negative,worst,negative
13895,American,negative,delayed,negative
13897,American,negative,trouble,negative
13898,American,negative,cranky,negative
13900,American,negative,helpful,positive
13904,American,negative,ready,positive
13904,American,negative,delay,negative
13908,American,negative,burden,negative
13909,American,negative,stuck,negative
13911,American,negative,tank,negative
13911,American,negative,bad,negative
13912,American,negative,bumped,negative
13912,American,negative,losing,negative
13912,American,negative,furious,negative
13913,American,negative,worries,negative
13915,American,negative,crazy,negative
13918,American,negative,ashamed,negative
13925,American,negative,awful,negative
13926,American,negative,delay,negative
13926,American,negative,combative,negative
13928,American,negative,nice,positive
13928,American,negative,courteous,positive
13928,American,negative,delay,negative
13928,American,negative,fault,negative
13932,American,negative,improve,positive
13932,American,negative,worst,negative
13933,American,negative,killing,negative
13934,American,negative,hang,negative
13935,American,negative,disappointed,negative
13935,American,negative,miss,negative
13940,American,negative,stuck,negative
13941,American,negative,fucking,negative
13944,American,negative,pathetic,negative
13945,American,neutral,worth,positive
13948,American,negative,worse,negative
13948,American,negative,delayed,negative
13951,American,negative,pathetic,negative
13951,American,negative,sad,negative
13955,American,negative,happy,positive
13962,American,negative,fail,negative
13963,American,positive,cold,negative
13964,American,positive,fortunately,positive
13964,American,positive,impressed,positive
13964,American,positive,stressful,negative
13966,American,positive,sweet,positive
13966,American,positive,angel,positive
13968,American,negative,lied,negative
13970,American,negative,nice,positive
13973,American,negative,delayed,negative
13975,American,negative,ridiculous,negative
13976,American,neutral,poor,negative
13977,American,negative,timely,positive
13977,American,negative,missed,negative
13978,American,positive,stuck,negative
13980,American,negative,hate,negative
13980,American,negative,funny,negative
13981,American,negative,worse,negative
13982,American,neutral,lucky,positive
13983,American,neutral,gold,positive
13985,American,negative,lied,negative
13986,American,negative,nice,positive
13986,American,negative,stuck,negative
13989,American,neutral,freezing,negative
13990,American,negative,invalid,negative
13992,American,negative,poorest,negative
13993,American,negative,invalid,negative
13994,American,positive,warm,positive
13994,American,positive,safe,positive
13995,American,negative,plot,negative
13996,American,negative,frustrating,negative
13999,American,negative,hopeful,positive
14000,American,negative,hangs,negative
14001,American,positive,friendly,positive
14002,American,positive,pretty,positive
14002,American,positive,handy,positive
14004,American,negative,free,positive
14004,American,negative,hung,negative
14005,American,negative,issues,negative
14006,American,negative,raving,negative
14006,American,negative,hang,negative
14009,American,negative,terrible,negative
14010,American,negative,miss,negative
14010,American,negative,fault,negative
14011,American,neutral,refund,positive
14013,American,negative,preferably,positive
14013,American,negative,delaying,negative
14014,American,negative,crap,negative
14014,American,negative,hurting,negative
14017,American,negative,jeopardy,negative
14017,American,negative,protect,positive
14019,American,negative,issues,negative
14019,American,negative,issues,negative
14019,American,negative,negligence,negative
14020,American,negative,worst,negative
14023,American,positive,luck,positive
14026,American,positive,awesome,positive
14026,American,positive,warm,positive
14027,American,negative,vile,negative
14028,American,negative,courteous,positive
14028,American,negative,helpful,positive
14030,American,negative,concern,negative
14030,American,negative,disappointed,negative
14031,American,negative,sucks,negative
14032,American,negative,messing,negative
14032,American,negative,worse,negative
14032,American,negative,ruins,negative
14035,American,negative,useless,negative
14036,American,neutral,easy,positive
14036,American,neutral,shit,negative
14037,American,negative,improvements,positive
14037,American,negative,win,positive
14037,American,negative,crappy,negative
14037,American,negative,advantage,positive
14037,American,negative,lose,negative
14038,American,negative,poor,negative
14039,American,negative,delayed,negative
14040,American,negative,sucks,negative
14042,American,negative,vile,negative
14042,American,negative,gross,negative
14044,American,negative,worst,negative
14044,American,negative,delay,negative
14045,American,negative,sucks,negative
14047,American,negative,delayed,negative
14049,American,negative,anxious,negative
14051,American,negative,leads,positive
14051,American,negative,sad,negative
14052,American,negative,upset,negative
14052,American,negative,terrible,negative
14055,American,negative,hangs,negative
14056,American,negative,mad,negative
14057,American,negative,cheat,negative
14057,American,negative,wrong,negative
14057,American,negative,promise,positive
14058,American,negative,incompetence,negative
14058,American,negative,disregard,negative
14062,American,negative,refund,positive
14063,American,positive,spectacular,positive
14063,American,positive,warm,positive
14063,American,positive,engaging,positive
14065,American,negative,delay,negative
14065,American,negative,paranoid,negative
14066,American,negative,overweight,negative
14068,American,negative,delayed,negative
14075,American,negative,appreciated,positive
14078,American,negative,fun,positive
14079,American,positive,worries,negative
14081,American,negative,hung,negative
14081,American,negative,horrible,negative
14082,American,negative,dedicated,positive
14083,American,neutral,luck,positive
14084,American,negative,issue,negative
14084,American,negative,ridiculous,negative
14089,American,negative,poor,negative
14091,American,negative,freaks,negative
14091,American,negative,delay,negative
14091,American,negative,surreal,positive
14098,American,negative,top,positive
14099,American,neutral,strike,negative
14100,American,neutral,easier,positive
14103,American,negative,worst,negative
14103,American,negative,awful,negative
14104,American,negative,impersonal,negative
14104,American,negative,impatient,negative
14106,American,negative,nice,positive
14106,American,negative,skillful,positive
14106,American,negative,excuses,negative
14107,American,negative,wow,positive
14107,American,negative,untrue,negative
14109,American,negative,delayed,negative
14109,American,negative,wrong,negative
14111,American,negative,awful,negative
14113,American,negative,issues,negative
14116,American,negative,suck,negative
14117,American,negative,nonsense,negative
14117,American,negative,lies,negative
14117,American,negative,infringement,negative
14124,American,negative,unfriendly,negative
14124,American,negative,unhelpful,negative
14124,American,negative,delayed,negative
14127,American,negative,miracle,positive
14130,American,negative,failure,negative
14131,American,negative,nightmare,negative
14131,American,negative,hung,negative
14135,American,positive,sincerely,positive
14136,American,negative,delayed,negative
14140,American,negative,miss,negative
14140,American,negative,miss,negative
14141,American,negative,miss,negative
14142,American,negative,helping,positive
14142,American,negative,correct,positive
14142,American,negative,helped,positive
14143,American,negative,helpful,positive
14144,American,negative,mess,negative
14144,American,negative,awesome,positive
14146,American,negative,delay,negative
14148,American,negative,lovely,positive
14148,American,negative,love,positive
14149,American,negative,support,positive
14149,American,negative,awful,negative
14150,American,negative,delayed,negative
14151,American,negative,worthy,positive
14155,American,negative,cool,positive
14156,American,negative,wow,positive
14157,American,negative,hard,negative
14157,American,negative,ready,positive
14159,American,negative,unbelievable,negative
14159,American,negative,unacceptable,negative
14159,American,negative,upset,negative
14160,American,negative,losing,negative
14163,American,negative,stuck,negative
14165,American,positive,win,positive
14165,American,positive,convenience,positive
14166,American,negative,refuse,negative
14166,American,negative,advantage,positive
14168,American,neutral,refund,positive
14170,American,negative,ridiculous,negative
14170,American,negative,terrible,negative
14170,American,negative,lack,negative
14171,American,negative,issue,negative
14171,American,negative,lies,negative
14171,American,negative,lack,negative
14173,American,negative,pathetic,negative
14173,American,negative,lie,negative
14173,American,negative,fault,negative
14176,American,negative,nice,positive
14177,American,negative,lost,negative
14177,American,negative,free,positive
14179,American,negative,hail,positive
14181,American,negative,rude,negative
14181,American,negative,temper,negative
14183,American,negative,sour,negative
14183,American,negative,joke,negative
14185,American,negative,stuck,negative
14187,American,negative,hassles,negative
14188,American,negative,shock,negative
14189,American,negative,ready,positive
14194,American,neutral,delays,negative
14195,American,positive,lovely,positive
14196,American,negative,clean,positive
14200,American,neutral,support,positive
14202,American,negative,delay,negative
14202,American,negative,stuck,negative
14202,American,negative,broke,negative
14203,American,negative,sucks,negative
14205,American,negative,hangs,negative
14205,American,negative,useless,negative
14207,American,negative,worst,negative
14211,American,negative,breaks,negative
14211,American,negative,missed,negative
14212,American,negative,upset,negative
14212,American,negative,stuck,negative
14213,American,negative,worse,negative
14213,American,negative,rude,negative
14214,American,negative,upset,negative
14214,American,negative,upset,negative
14214,American,negative,stealing,negative
14219,American,negative,nice,positive
14220,American,negative,delayed,negative
14222,American,negative,delayed,negative
14222,American,negative,cool,positive
14223,American,negative,horrendous,negative
14224,American,negative,delay,negative
14228,American,negative,happy,positive
14230,American,negative,stuck,negative
14230,American,negative,miss,negative
14230,American,negative,damn,negative
14233,American,negative,violation,negative
14236,American,negative,irritated,negative
14239,American,negative,delayed,negative
14240,American,negative,wrong,negative
14242,American,positive,pretty,positive
14242,American,positive,impressed,positive
14242,American,positive,usable,positive
14242,American,positive,smooth,positive
14244,American,negative,wrong,negative
14244,American,negative,stuck,negative
14245,American,negative,horrendous,negative
14247,American,negative,delayed,negative
14250,American,negative,stuck,negative
14257,American,negative,unacceptable,negative
14261,American,negative,lost,negative
14261,American,negative,stolen,negative
14261,American,negative,incompetent,negative
14262,American,positive,outstanding,positive
14262,American,positive,delayed,negative
14263,American,negative,gold,positive
14264,American,negative,awful,negative
14264,American,negative,ashamed,negative
14264,American,negative,terrible,negative
14265,American,negative,delayed,negative
14266,American,negative,horrible,negative
14267,American,negative,nice,positive
14268,American,negative,stupidly,negative
14271,American,negative,helped,positive
14271,American,negative,lack,negative
14272,American,negative,incorrect,negative
14277,American,negative,appreciated,positive
14280,American,negative,horrible,negative
14281,American,neutral,refund,positive
14283,American,negative,stuck,negative
14286,American,positive,dawn,positive
14286,American,positive,love,positive
14287,American,negative,fails,negative
14287,American,negative,disappoint,negative
14289,American,negative,lost,negative
14291,American,negative,bad,negative
14292,American,negative,poor,negative
14292,American,negative,penalty,negative
14294,American,negative,lovely,positive
14298,American,positive,worries,negative
14299,American,negative,trash,negative
14300,American,negative,impressed,positive
14301,American,negative,delayed,negative
14301,American,negative,wow,positive
14303,American,negative,accurate,positive
14303,American,negative,annoyed,negative
14304,American,negative,losing,negative
14304,American,negative,bad,negative
14305,American,negative,guarantee,positive
14308,American,negative,rude,negative
14310,American,negative,delayed,negative
14310,American,negative,suck,negative
14310,American,negative,worse,negative
14311,American,negative,tired,negative
14311,American,negative,delayed,negative
14313,American,positive,awesome,positive
14314,American,negative,joke,negative
14314,American,negative,hang,negative
14315,American,negative,incorrectly,negative
14316,American,negative,fair,positive
14316,American,negative,lack,negative
14316,American,negative,delays,negative
14319,American,positive,safely,positive
14319,American,positive,safe,positive
14320,American,negative,fail,negative
14321,American,negative,upset,negative
14321,American,negative,rude,negative
14322,American,negative,sensitive,positive
14322,American,negative,poor,negative
14322,American,negative,compassion,positive
14323,American,positive,excellent,positive
14323,American,positive,peculiar,negative
14324,American,negative,hung,negative
14325,American,negative,incompetence,negative
14325,American,negative,delay,negative
14325,American,negative,poor,negative
14326,American,positive,gracious,positive
14326,American,positive,delay,negative
14326,American,positive,prompt,positive
14327,American,negative,bother,negative
14327,American,negative,wasting,negative
14333,American,negative,delicious,positive
14333,American,negative,garbage,negative
14335,American,negative,impossible,negative
14335,American,negative,headache,negative
14338,American,negative,love,positive
14339,American,negative,complaint,negative
14339,American,negative,worst,negative
14342,American,negative,mistake,negative
14343,American,negative,refuse,negative
14343,American,negative,cool,positive
14343,American,negative,hateful,negative
14344,American,negative,worries,negative
14345,American,negative,trusted,positive
14345,American,negative,safe,positive
14345,American,negative,worst,negative
14346,American,negative,deny,negative
14346,American,negative,delays,negative
14347,American,negative,impossible,negative
14347,American,negative,headache,negative
14348,American,negative,poor,negative
14350,American,negative,refund,positive
14350,American,negative,deplorable,negative
14351,American,negative,lost,negative
14351,American,negative,unacceptable,negative
14354,American,negative,confusing,negative
14354,American,negative,complicated,negative
14355,American,negative,warning,negative
14358,American,negative,poor,negative
14358,American,negative,goodwill,positive
14358,American,negative,missed,negative
14358,American,negative,top,positive
14359,American,negative,poor,negative
14360,American,negative,lag,negative
14360,American,negative,dirty,negative
14362,American,negative,delayed,negative
14362,American,negative,rude,negative
14362,American,negative,blah,negative
14362,American,negative,blah,negative
14362,American,negative,blah,negative
14362,American,negative,bad,negative
14363,American,negative,bother,negative
14364,American,positive,worth,positive
14364,American,positive,recommend,positive
14365,American,negative,reward,positive
14369,American,negative,horrendous,negative
14370,American,negative,suck,negative
14370,American,negative,worst,negative
14370,American,negative,stuck,negative
14370,American,negative,helping,positive
14371,American,negative,rude,negative
14374,American,negative,unacceptable,negative
14375,American,positive,awesome,positive
14375,American,positive,bonuses,positive
14377,American,negative,brutal,negative
14378,American,negative,fabulous,positive
14378,American,negative,helped,positive
14381,American,neutral,delayed,negative
14382,American,negative,upgraded,positive
14382,American,negative,bumped,negative
14382,American,negative,mistake,negative
14383,American,positive,mistake,negative
14384,American,positive,enjoy,positive
14385,American,negative,hostage,negative
14386,American,negative,frustrated,negative
14387,American,negative,obscene,negative
14389,American,negative,hangs,negative
14391,American,negative,happy,positive
14392,American,positive,awesome,positive
14395,American,negative,refused,negative
14395,American,negative,stuck,negative
14395,American,negative,freezing,negative
14395,American,negative,cold,negative
14397,American,negative,horrible,negative
14399,American,negative,sucks,negative
14399,American,negative,rude,negative
14400,American,negative,refunded,positive
14401,American,negative,amazing,positive
14401,American,negative,neglect,negative
14402,American,negative,worst,negative
14402,American,negative,delay,negative
14403,American,negative,issue,negative
14403,American,negative,screwed,negative
14403,American,negative,wrong,negative
14404,American,neutral,issue,negative
14405,American,negative,ridiculous,negative
14410,American,negative,gold,positive
14410,American,negative,elite,positive
14410,American,negative,loyalty,positive
14414,American,negative,denied,negative
14416,American,positive,love,positive
14417,American,negative,stuck,negative
14419,American,negative,delayed,negative
14421,American,negative,rude,negative
14422,American,negative,bad,negative
14422,American,negative,useless,negative
14424,American,positive,grand,positive
14425,American,negative,abysmal,negative
14426,American,negative,shocking,negative
14426,American,negative,reputation,positive
14429,American,neutral,ready,positive
14430,American,negative,wrong,negative
14433,American,negative,failed,negative
14434,American,negative,miss,negative
14435,American,negative,confused,negative
14436,American,negative,issues,negative
14437,American,negative,shit,negative
14437,American,negative,fans,positive
14441,American,negative,wrong,negative
14441,American,negative,hangs,negative
14445,American,negative,hung,negative
14445,American,negative,crazy,negative
14448,American,negative,appreciated,positive
14450,American,neutral,saver,positive
14455,American,neutral,renewed,positive
14458,American,negative,wrong,negative
14459,American,negative,disgusted,negative
14461,American,negative,pretty,positive
14461,American,negative,aggravating,negative
14462,American,negative,bother,negative
14463,American,negative,complaint,negative
14466,American,negative,bumped,negative
14467,American,negative,heaven,positive
14469,American,positive,fantastic,positive
14469,American,positive,support,positive
14470,American,neutral,hung,negative
14470,American,neutral,crazy,negative
14471,American,negative,impressive,positive
14472,American,negative,worse,negative
14472,American,negative,mistakes,negative
14473,American,negative,issue,negative
14474,American,negative,luck,positive
14479,American,positive,nicest,positive
14479,American,positive,comfortable,positive
14480,American,negative,expire,negative
14480,American,negative,frustrated,negative
14482,American,positive,appreciated,positive
14482,American,positive,accurate,positive
14482,American,positive,authoritative,positive
14483,American,negative,helping,positive
14483,American,negative,stagnant,negative
14483,American,negative,super,positive
14484,American,negative,bad,negative
14485,American,negative,worse,negative
14488,American,negative,fault,negative
14488,American,negative,bad,negative
14488,American,negative,top,positive
14488,American,negative,bad,negative
14489,American,negative,refund,positive
14489,American,negative,delayed,negative
14489,American,negative,fun,positive
14490,American,negative,complaint,negative
14493,American,negative,struggle,negative
14495,American,negative,honor,positive
14497,American,negative,fail,negative
14498,American,negative,suck,negative
14500,American,negative,miss,negative
14502,American,neutral,fat,negative
14505,American,negative,missed,negative
14505,American,negative,delayed,negative
14506,American,neutral,fat,negative
14508,American,negative,impossible,negative
14509,American,negative,unable,negative
14510,American,negative,cool,positive
14513,American,negative,neglected,negative
14514,American,negative,confident,positive
14516,American,negative,fault,negative
14525,American,negative,upset,negative
14525,American,negative,tired,negative
14526,American,negative,insane,negative
14527,American,negative,lose,negative
14529,American,negative,loyal,positive
14530,American,positive,mad,negative
14530,American,positive,love,positive
14532,American,negative,bad,negative
14536,American,negative,mistake,negative
14536,American,negative,wrong,negative
14539,American,negative,cool,positive
14542,American,positive,amazing,positive
14542,American,positive,hard,negative
14542,American,positive,hard,negative
14543,American,negative,refund,positive
14543,American,negative,gladly,positive
14543,American,negative,stuck,negative
14544,American,negative,gold,positive
14544,American,negative,insulted,negative
14545,American,negative,neglected,negative
14546,American,neutral,refund,positive
14547,American,neutral,realistic,positive
14548,American,positive,cheated,negative
14548,American,positive,lovely,positive
14550,American,negative,bad,negative
14550,American,negative,hard,negative
14551,American,negative,issue,negative
14551,American,negative,fault,negative
14552,American,negative,incompetence,negative
14552,American,negative,issues,negative
14554,American,negative,bad,negative
14554,American,negative,unreal,positive
14555,American,negative,issue,negative
14564,American,negative,awesome,positive
14565,American,negative,messes,negative
14567,American,negative,issues,negative
14567,American,negative,fine,positive
14567,American,negative,compassion,positive
14568,American,negative,rude,negative
14568,American,negative,unhelpful,negative
14569,American,negative,idiot,negative
14572,American,negative,fault,negative
14572,American,negative,atrocious,negative
14572,American,negative,happy,positive
14573,American,negative,awesome,positive
14579,American,negative,happily,positive
14584,American,negative,horrible,negative
14584,American,negative,bloody,negative
14585,American,neutral,sap,negative
14586,American,negative,excuse,negative
14587,American,negative,nice,positive
14587,American,negative,scam,negative
14587,American,negative,scam,negative
14591,American,positive,fantastic,positive
14591,American,positive,shocked,negative
14592,American,negative,delayed,negative
14593,American,negative,frustrated,negative
14594,American,negative,golden,positive
14594,American,negative,tops,positive
14595,American,negative,stuck,negative
14598,American,negative,dislike,negative
14598,American,negative,delays,negative
14598,American,negative,lazy,negative
14600,American,negative,gross,negative
14600,American,negative,incompetence,negative
14602,American,negative,stuffy,negative
14607,American,negative,ruined,negative
14607,American,negative,missed,negative
14609,American,negative,stuck,negative
14610,American,negative,rude,negative
14611,American,negative,issue,negative
14611,American,negative,outrageous,negative
14612,American,neutral,guarantee,positive
14612,American,neutral,glad,positive
14614,American,negative,hung,negative
14615,American,negative,faster,positive
14616,American,negative,ugh,negative
14616,American,negative,dump,negative
14617,American,negative,miss,negative
14619,American,negative,overweight,negative
14620,American,positive,love,positive
14620,American,positive,amazing,positive
14620,American,positive,uncomfortable,negative
14620,American,positive,comfortable,positive
14621,American,negative,protection,positive
14621,American,negative,hang,negative
14624,American,positive,love,positive
14626,American,positive,fantastic,positive
14627,American,negative,delay,negative
14629,American,positive,concerns,negative
14632,American,negative,broken,negative
14633,American,neutral,refund,positive
14635,American,negative,delays,negative
14639,American,negative,commitment,positive
